STN_CD,STN_NM,ELVTR_NM,OPR_SEC,INSTL_PSTN,USE_YN,ELVTR_SE,collected_at
0150,서울역(1),승강기)에스컬레이터-서울(1)역 4번출구 4호기,B1-1F,4번 출입구,사용가능,ES,2026-08-07T05:48:55Z
0150,서울역(1),승강기)에스컬레이터-서울(1)역 4번출구 5호기,1F-B1,4번 출입구,사용가능,ES,2026-08-07T05:48:55Z
0150,서울역(1),승강기)에스컬레이터-서울(1)역 상행(9-3) 3호기,B2-B1,"시청 방면9-3,남영 방면2-3",사용가능,ES,2026-08-07T05:48:55Z
0150,서울역(1),승강기)에스컬레이터-서울(1)역 하행(2-3) 2호기,B1-B2,"남영 방면2-3,시청 방면9-3",사용가능,ES,2026-08-07T05:48:55Z
0150,서울역(1),승강기)에스컬레이터-서울역(1) 4호선연결통로 1호기,B2-B1,연결통로(4호선 방면),사용가능,ES,2026-08-07T05:48:55Z
0150,서울역(1),승강기)엘리베이터-서울(1)역 2번 출구측 외부#1,B1-1F,2번 출입구,사용가능,EV,2026-08-07T05:48:55Z
0150,서울역(1),승강기)엘리베이터-서울(1)역 3번 출구측 외부#3,B1-1F,3번 출입구,사용가능,EV,2026-08-07T05:48:55Z
0150,서울역(1),승강기)엘리베이터-서울(1)역 4번 출구측 외부#2,B1-1F,4번 출입구,사용가능,EV,2026-08-07T05:48:55Z
0150,서울역(1),승강기)엘리베이터-서울(1)역 섬식(상) 5-1 내부#1,B2-B1,"시청 방면5-1,남영 방면6-4",사용가능,EV,2026-08-07T05:48:55Z
0151,시청(1),승강기)에스컬레이터-시청(1) 1번출구 3호기,B1-1F,1번 출입구,사용가능,ES,2026-08-07T05:48:55Z
0151,시청(1),승강기)에스컬레이터-시청(1) 5번출구 1호기,1F-B1,5번 출입구,사용가능,ES,2026-08-07T05:48:55Z
0151,시청(1),승강기)에스컬레이터-시청(1) 5번출구 2호기,B1-1F,5번 출입구,사용가능,ES,2026-08-07T05:48:55Z
0151,시청(1),승강기)엘리베이터-시청(1) 1-2번 출구사이 외부#1,B1-1F,"1,2번 출입구 사이",사용가능,EV,2026-08-07T05:48:55Z
0151,시청(1),승강기)엘리베이터-시청(1) 상행 3-2 내부#1,B2-B1,종각 방면3-2,사용가능,EV,2026-08-07T05:48:55Z
0151,시청(1),승강기)엘리베이터-시청(1) 하행 8-3 내부#2,B2-B1,서울역 방면8-3,사용가능,EV,2026-08-07T05:48:55Z
0152,종각,승강기)에스컬레이터-종각 1번출구 상행1,1F-B1,1번 출입구,사용가능,ES,2026-08-07T05:48:55Z
0152,종각,승강기)에스컬레이터-종각 1번출구 상행2,B1-1F,1번 출입구,사용가능,ES,2026-08-07T05:48:55Z
0152,종각,승강기)엘리베이터-종각 1번 출구측 외부#2,B1-1F,1번 출입구,사용가능,EV,2026-08-07T05:48:55Z
0152,종각,승강기)엘리베이터-종각 3번 출구측 외부#1,B1-1F,3번 출입구,사용가능,EV,2026-08-07T05:48:55Z
0152,종각,승강기)엘리베이터-종각 상행 6-4 내부#1,B2-B1,종로3가 방면6-4,사용가능,EV,2026-08-07T05:48:55Z
0152,종각,승강기)엘리베이터-종각 하행 4-4 내부#2,B2-B1,시청 방면4-4,사용가능,EV,2026-08-07T05:48:55Z
0153,종로3가(1),승강기)에스컬레이터-종로3가(1) 14번출구 3호기,1F-B1,14번 출입구,사용가능,ES,2026-08-07T05:48:55Z
0153,종로3가(1),승강기)에스컬레이터-종로3가(1) 14번출구 4호기,B1-1F,14번 출입구,사용가능,ES,2026-08-07T05:48:55Z
0153,종로3가(1),승강기)에스컬레이터-종로3가(1) 1번출구 1호기,1F-B1,1번 출입구,사용가능,ES,2026-08-07T05:48:55Z
0153,종로3가(1),승강기)에스컬레이터-종로3가(1) 1번출구 2호기,B1-1F,1번 출입구,사용가능,ES,2026-08-07T05:48:55Z
0153,종로3가(1),승강기)엘리베이터-종로3가(1) 12-13번 출구측 외부#1,B1-1F,"12,13번 출입구 사이",사용가능,EV,2026-08-07T05:48:55Z
0153,종로3가(1),승강기)엘리베이터-종로3가(1) 상행 4-4 내부#1,B2-B1,종로5가 방면5-1,사용가능,EV,2026-08-07T05:48:55Z
0153,종로3가(1),승강기)엘리베이터-종로3가(1) 하행 6-4 내부#2,B2-B1,종각 방면6-4,사용가능,EV,2026-08-07T05:48:55Z
0154,종로5가,"승강기)엘리베이터-종로5가 8,9번 출입구 외부#1",B1-1F,"8,9번 출입구 사이",사용가능,EV,2026-08-07T05:48:55Z
0154,종로5가,승강기)엘리베이터-종로5가 상행 8-3 내부#1,B2-B1,동대문(1) 방면8-3,사용가능,EV,2026-08-07T05:48:55Z
0154,종로5가,승강기)엘리베이터-종로5가 하행 3-2 내부#2,B2-B1,종로3가 방면3-2,사용가능,EV,2026-08-07T05:48:55Z
0155,동대문(1),승강기)에스컬레이터-동대문(1) 1번 출구 1호기,B1-1F,1번 출입구,사용가능,ES,2026-08-07T05:48:55Z
0155,동대문(1),승강기)엘리베이터-동대문(1) 6번 출구측 외부#1,B1-1F,6번 출입구,사용가능,EV,2026-08-07T05:48:55Z
0155,동대문(1),승강기)엘리베이터-동대문(1) 상행 10-4 내부#1,B2-B1,동묘앞 방면10-4,사용가능,EV,2026-08-07T05:48:55Z
0155,동대문(1),승강기)엘리베이터-동대문(1) 하행 2-1 내부#2,B2-B1,종로5가 방면2-1,사용가능,EV,2026-08-07T05:48:55Z
0156,신설동(1),승강기)엘리베이터-신설동(1) 1번 출구측 외부#1,B1-1F,12번 출입구,사용가능,EV,2026-08-07T05:48:55Z
0156,신설동(1),"승강기)엘리베이터-신설동(1) 2,3번 출구사이 외부#2",B1-1F,"2,3번 출입구 사이",사용가능,EV,2026-08-07T05:48:55Z
0156,신설동(1),"승강기)엘리베이터-신설동(1) 4,5번 출구사이 외부#3",B1-1F,"4,5번 출입구 사이",사용가능,EV,2026-08-07T05:48:55Z
0156,신설동(1),승강기)엘리베이터-신설동(1) 상행 3-4 내부#1,B2-B1,제기동 방면3-4,사용가능,EV,2026-08-07T05:48:55Z
0156,신설동(1),승강기)엘리베이터-신설동(1) 하행 8-1 내부#2,B2-B1,동묘앞 방면8-1,사용가능,EV,2026-08-07T05:48:55Z
0156,신설동(1),승강기)휠체어리프트-신설동(1) 승강장 내부1,B2-B1,제기동 방면측,사용가능,WL,2026-08-07T05:48:55Z
0156,신설동(1),승강기)휠체어리프트-신설동(1) 승강장 내부2,B2-B1,동묘앞 방면측,사용가능,WL,2026-08-07T05:48:55Z
0156,신설동(1),승강기)휠체어리프트-신설동(1) 연결통로 내부3,B2-B1,연결통로(대합실 방면),사용가능,WL,2026-08-07T05:48:55Z
0156,신설동(1),승강기)휠체어리프트-신설동(1) 연결통로 내부4,B2-B1,연결통로(대합실 방면),사용가능,WL,2026-08-07T05:48:55Z
0157,제기동,승강기)에스컬레이터-제기동 2번출구 상행2,B1-1F,2번 출입구,사용가능,ES,2026-08-07T05:48:55Z
0157,제기동,승강기)에스컬레이터-제기동 2번출구 하행1,1F-B1,2번 출입구,사용가능,ES,2026-08-07T05:48:55Z
0157,제기동,승강기)엘리베이터-제기동 1번 출구측 외부#1,B1-1F,1번 출입구,사용가능,EV,2026-08-07T05:48:55Z
0157,제기동,승강기)엘리베이터-제기동 상행 9-4 내부#1,B2-B1,청량리 방면9-4,사용가능,EV,2026-08-07T05:48:55Z
0157,제기동,승강기)엘리베이터-제기동 하행 2-1 내부#2,B2-B1,신설동 방면2-1,사용가능,EV,2026-08-07T05:48:55Z
0158,청량리(1),승강기)에스컬레이터-청량리 2번출구 상행4,B1-1F,2번 출입구,사용가능,ES,2026-08-07T05:48:55Z
0158,청량리(1),승강기)에스컬레이터-청량리 2번출구 하행3,1F-B1,2번 출입구,사용가능,ES,2026-08-07T05:48:55Z
0158,청량리(1),승강기)에스컬레이터-청량리 6번출구 상행2,B1-1F,6번 출입구,사용가능,ES,2026-08-07T05:48:55Z
0158,청량리(1),승강기)에스컬레이터-청량리 6번출구 하행1,1F-B1,6번 출입구,사용가능,ES,2026-08-07T05:48:55Z
0158,청량리(1),승강기)에스컬레이터-청량리(1) 5번출구 상행6,B1-1F,5번 출입구,사용가능,ES,2026-08-07T05:48:55Z
0158,청량리(1),승강기)에스컬레이터-청량리(1) 5번출구 하행5,1F-B1,5번 출입구,사용가능,ES,2026-08-07T05:48:55Z
0158,청량리(1),승강기)엘리베이터-청량리 2번 출구측 외부#2,B1-1F,2번 출입구,사용가능,EV,2026-08-07T05:48:55Z
0158,청량리(1),승강기)엘리베이터-청량리 6번 출구측 외부#1,B2-1F,6번 출입구,사용가능,EV,2026-08-07T05:48:55Z
0158,청량리(1),승강기)휠체어리프트-청량리 환승통로 내부2,B2-B1,회기 방면8-2,사용가능,WL,2026-08-07T05:48:55Z
0159,동묘앞(1),승강기)에스컬레이터-동묘앞(1) 1번출구 7호기,1F-B1,1번 출입구,사용가능,ES,2026-08-07T05:48:55Z
0159,동묘앞(1),승강기)에스컬레이터-동묘앞(1) 1번출구 8호기,B1-1F,1번 출입구,사용가능,ES,2026-08-07T05:48:55Z
0159,동묘앞(1),승강기)에스컬레이터-동묘앞(1) 2번출구 10호기,B1-1F,2번 출입구,사용가능,ES,2026-08-07T05:48:55Z
0159,동묘앞(1),승강기)에스컬레이터-동묘앞(1) 2번출구 9호기,1F-B1,2번 출입구,사용가능,ES,2026-08-07T05:48:55Z
0159,동묘앞(1),승강기)에스컬레이터-동묘앞(1) 3번출구 11호기,1F-B1,3번 출입구,사용가능,ES,2026-08-07T05:48:55Z
0159,동묘앞(1),승강기)에스컬레이터-동묘앞(1) 3번출구 12호기,B1-1F,3번 출입구,사용가능,ES,2026-08-07T05:48:55Z
0159,동묘앞(1),승강기)에스컬레이터-동묘앞(1) 시청방향(2-4) 5호기,B1-B2,동대문 방면2-4,사용가능,ES,2026-08-07T05:48:55Z
0159,동묘앞(1),승강기)에스컬레이터-동묘앞(1) 시청방향(2-4) 6호기,B2-B1,동대문 방면2-4,보수중,ES,2026-08-07T05:48:55Z
0159,동묘앞(1),승강기)에스컬레이터-동묘앞(1) 시청방향(5-4) 4호기,B2-B1,동대문 방면5-4,사용가능,ES,2026-08-07T05:48:55Z
0159,동묘앞(1),승강기)에스컬레이터-동묘앞(1) 청량리방향(6-2) 3호기,B1-B2,신설동 방면6-2,사용가능,ES,2026-08-07T05:48:55Z
0159,동묘앞(1),승강기)에스컬레이터-동묘앞(1) 청량리방향(9-1) 1호기,B2-B3,신설동 방면9-1,사용가능,ES,2026-08-07T05:48:55Z
0159,동묘앞(1),승강기)에스컬레이터-동묘앞(1) 청량리방향(9-1) 2호기,B3-B2,신설동 방면9-1,사용가능,ES,2026-08-07T05:48:55Z
0159,동묘앞(1),승강기)엘리베이터-동묘앞 1-10번 출구사이 외부#1,B1-BM1-1F,"1,10번 출입구 사이",사용가능,EV,2026-08-07T05:48:55Z
0159,동묘앞(1),승강기)엘리베이터-동묘앞 3번 출구측 외부#2,B1-1F,3번 출입구,사용가능,EV,2026-08-07T05:48:55Z
0159,동묘앞(1),승강기)엘리베이터-동묘앞 본관건물(상)6-2 내부#1,B1-4F,신설동 방면6-2,사용가능,EV,2026-08-07T05:48:55Z
0159,동묘앞(1),승강기)엘리베이터-동묘앞 상행 10-3 내부#2,B2-BM2-B1,신설동 방면10-3,사용가능,EV,2026-08-07T05:48:55Z
0159,동묘앞(1),승강기)엘리베이터-동묘앞 상행 4-8 내부#3,B2-B1,신설동 방면4-3,보수중,EV,2026-08-07T05:48:55Z
0159,동묘앞(1),승강기)엘리베이터-동묘앞 하행 1-2 내부#5,B2-B1,동대문(1) 방면1-2,사용가능,EV,2026-08-07T05:48:55Z
0159,동묘앞(1),승강기)엘리베이터-동묘앞 하행 7-3 내부#4,B2-B1,동대문(1) 방면7-3,사용가능,EV,2026-08-07T05:48:55Z
0201,시청(2),승강기)에스컬레이터-시청(2) 내부화장실 근접 5호기,B1-B2,환승통로(1호선 방면 내부화장실 근접),사용가능,ES,2026-08-07T05:48:55Z
0201,시청(2),승강기)에스컬레이터-시청(2) 내부화장실 근접 6호기,B2-B1,환승통로(1호선 방면 내부화장실 근접),사용가능,ES,2026-08-07T05:48:55Z
0201,시청(2),승강기)에스컬레이터-시청(2) 서울역방향 1-4 근접 3호기,B1-B2,연결통로(1호선 서울역 방면),사용가능,ES,2026-08-07T05:48:55Z
0201,시청(2),승강기)에스컬레이터-시청(2) 서울역방향 1-4 근접 4호기,B2-B1,연결통로(1호선 서울역 방면),사용가능,ES,2026-08-07T05:48:55Z
0201,시청(2),승강기)엘리베이터-시청(2) 9번 출구측 외부#1,B1-1F,9번 출입구,사용가능,EV,2026-08-07T05:48:55Z
0201,시청(2),승강기)엘리베이터-시청(2) 섬식(외) 6-2 내부#1,B3-B2-B1,"충정로 방면6-2, 을지로입구 방면5-3",사용가능,EV,2026-08-07T05:48:55Z
0202,을지로입구,승강기)에스컬레이터-을지로입구 1번출구 상행4,B1-1F,1번 출입구,사용가능,ES,2026-08-07T05:48:55Z
0202,을지로입구,승강기)에스컬레이터-을지로입구 1번출구 상행6,B1-1F,1번 출입구,사용가능,ES,2026-08-07T05:48:55Z
0202,을지로입구,승강기)에스컬레이터-을지로입구 1번출구 하행3,1F-B1,1번 출입구,사용가능,ES,2026-08-07T05:48:55Z
0202,을지로입구,승강기)에스컬레이터-을지로입구 1번출구 하행5,1F-B1,1번 출입구,사용가능,ES,2026-08-07T05:48:55Z
0202,을지로입구,승강기)에스컬레이터-을지로입구 8번출구 상행2,B1-1F,8번 출입구,사용가능,ES,2026-08-07T05:48:55Z
0202,을지로입구,승강기)에스컬레이터-을지로입구 8번출구 하행1,1F-B1,8번 출입구,사용가능,ES,2026-08-07T05:48:55Z
0202,을지로입구,승강기)엘리베이터-을지로입구 1번 출구측 외부#1,B1-1F,1번 출입구,사용가능,EV,2026-08-07T05:48:55Z
0202,을지로입구,승강기)엘리베이터-을지로입구 5번 출구측 외부#2,B1-1F,"5,6번 출입구 사이",사용가능,EV,2026-08-07T05:48:55Z
0202,을지로입구,승강기)엘리베이터-을지로입구 내선 6-2 내부#2,B2-B1,을지로3가 방면6-2,사용가능,EV,2026-08-07T05:48:55Z
0202,을지로입구,승강기)엘리베이터-을지로입구 외선 5-3 내부#1,B2-B1,시청 방면5-3,사용가능,EV,2026-08-07T05:48:55Z
0203,을지로3가(2),승강기)엘리베이터-을지로3가(2) 내선 3-2 내부#2,B2-B1,을지로4가 방면3-2,사용가능,EV,2026-08-07T05:48:55Z
0203,을지로3가(2),승강기)엘리베이터-을지로3가(2) 외선 8-3 내부#1,B2-B1,을지로입구 방면8-3,사용가능,EV,2026-08-07T05:48:55Z
0204,을지로4가(2),승강기)에스컬레이터-을지로4가(2) 5번 출입구 1,1F-B1,5번 출입구,사용가능,ES,2026-08-07T05:48:55Z
0204,을지로4가(2),승강기)에스컬레이터-을지로4가(2) 5번 출입구 2,B1-1F,5번 출입구,사용가능,ES,2026-08-07T05:48:55Z
0204,을지로4가(2),승강기)엘리베이터-을지로4가 8번 출구측 외부#1,B1-1F,8번 출입구,사용가능,EV,2026-08-07T05:48:55Z
0204,을지로4가(2),승강기)엘리베이터-을지로4가 내선 8-3 내부#2,B2-B1,동대문역사문화공원 방면8-3,사용가능,EV,2026-08-07T05:48:55Z
0204,을지로4가(2),승강기)엘리베이터-을지로4가 외선 3-2 내부#1,B2-B1,을지로3가 방면3-2,사용가능,EV,2026-08-07T05:48:55Z
0205,동대문역사문화공원(2),승강기)에스컬레이터-동역사(2) 3번출구 1호기,1F-B1,3번 출입구,사용가능,ES,2026-08-07T05:48:55Z
0205,동대문역사문화공원(2),승강기)에스컬레이터-동역사(2) 3번출구 2호기,B1-1F,3번 출입구,사용가능,ES,2026-08-07T05:48:55Z
0205,동대문역사문화공원(2),승강기)엘리베이터-동역사(2) 1번 출구측 외부#1,B1-1F,1번 출입구,사용가능,EV,2026-08-07T05:48:55Z
0205,동대문역사문화공원(2),승강기)엘리베이터-동역사(2) 내선 3-2 내부#2,B2-B1,신당 방면3-2,사용가능,EV,2026-08-07T05:48:55Z
0205,동대문역사문화공원(2),승강기)엘리베이터-동역사(2) 외선 8-3 내부#1,B2-B1,을지로4가 방면8-3,사용가능,EV,2026-08-07T05:48:55Z
0206,신당(2),승강기)에스컬레이터-신당(2) 3번출구 1호기,1F-B1,3번 출입구,사용가능,ES,2026-08-07T05:48:55Z
0206,신당(2),승강기)에스컬레이터-신당(2) 3번출구 2호기,B1-1F,3번 출입구,사용가능,ES,2026-08-07T05:48:55Z
0206,신당(2),승강기)엘리베이터-신당 2번 출구측 외부#1,B1-1F,2번 출입구,사용가능,EV,2026-08-07T05:48:55Z
0206,신당(2),승강기)엘리베이터-신당 내선 7-4 내부#2,B2-B1,상왕십리 방면7-4,사용가능,EV,2026-08-07T05:48:55Z
0206,신당(2),승강기)엘리베이터-신당 외선 3-4 내부#1,B2-B1,동대문역사문화공원 방면3-4,사용가능,EV,2026-08-07T05:48:55Z
0207,상왕십리,승강기)에스컬레이터-상왕십리 1-1번출구 5호기,B1-1F,1-1번 출입구,사용가능,ES,2026-08-07T05:48:55Z
0207,상왕십리,승강기)에스컬레이터-상왕십리 1-1번출구 6호기,B1-1F,1-1번 출입구,사용가능,ES,2026-08-07T05:48:55Z
0207,상왕십리,승강기)에스컬레이터-상왕십리 1-1번출구 7호기,B1-B2,1-1번 출입구,사용가능,ES,2026-08-07T05:48:55Z
0207,상왕십리,승강기)에스컬레이터-상왕십리 1-1번출구 8호기,B1-B2,1-1번 출입구,사용가능,ES,2026-08-07T05:48:55Z
0207,상왕십리,승강기)에스컬레이터-상왕십리 1번출구 1호기,1F-B1,1번 출입구,사용가능,ES,2026-08-07T05:48:55Z
0207,상왕십리,승강기)에스컬레이터-상왕십리 1번출구 2호기,B1-1F,1번 출입구,사용가능,ES,2026-08-07T05:48:55Z
0207,상왕십리,승강기)에스컬레이터-상왕십리 1번출구 3호기,B1-B2,1번 출입구,사용가능,ES,2026-08-07T05:48:55Z
0207,상왕십리,승강기)에스컬레이터-상왕십리 1번출구 4호기,B2-B1,1번 출입구,사용가능,ES,2026-08-07T05:48:55Z
0207,상왕십리,승강기)엘리베이터-상왕십리 내선 3-4 내부#2,B2-B1,왕십리 방면3-4,사용가능,EV,2026-08-07T05:48:55Z
0207,상왕십리,승강기)엘리베이터-상왕십리 외부#1,B1-1F,1-1번 출입구,사용가능,EV,2026-08-07T05:48:55Z
0207,상왕십리,승강기)엘리베이터-상왕십리 외선 8-1 내부#1,B2-B1,신당 방면8-1,사용가능,EV,2026-08-07T05:48:55Z
0208,왕십리(2),승강기)에스컬레이터-왕십리 3번출구 상행2,B1-1F,3번 출입구,사용가능,ES,2026-08-07T05:48:55Z
0208,왕십리(2),승강기)에스컬레이터-왕십리 3번출구 하행1,1F-B1,3번 출입구,사용가능,ES,2026-08-07T05:48:55Z
0208,왕십리(2),승강기)에스컬레이터-왕십리 내선 2-3 상행6,B2-B1,한양대 방면2-3,사용가능,ES,2026-08-07T05:48:55Z
0208,왕십리(2),승강기)에스컬레이터-왕십리 내선 2-3 하행5,B1-B2,한양대 방면2-3,사용가능,ES,2026-08-07T05:48:55Z
0208,왕십리(2),승강기)에스컬레이터-왕십리 내선 3-1 상행8,B2-B1,한양대 방면3-1,사용가능,ES,2026-08-07T05:48:55Z
0208,왕십리(2),승강기)에스컬레이터-왕십리 내선 3-1 하행7,B1-B2,한양대 방면3-1,사용가능,ES,2026-08-07T05:48:55Z
0208,왕십리(2),승강기)에스컬레이터-왕십리 외선 7-1 상행4,B2-B1,상왕십리 방면7-1,사용가능,ES,2026-08-07T05:48:55Z
0208,왕십리(2),승강기)에스컬레이터-왕십리 외선 7-7 하행3,B1-B2,상왕십리 방면7-1,사용가능,ES,2026-08-07T05:48:55Z
0208,왕십리(2),승강기)엘리베이터-왕십리 내선 3-4 내부#2,B3-B2,한양대 방면3-4,사용가능,EV,2026-08-07T05:48:55Z
0208,왕십리(2),승강기)엘리베이터-왕십리 외선 3-2 내부#1,B2-B1,상왕십리 방면3-2,사용가능,EV,2026-08-07T05:48:55Z
0209,한양대,승강기)에스컬레이터-한양대 1번출구 하행 1,1F-2F,1번 출입구,사용가능,ES,2026-08-07T05:48:55Z
0209,한양대,승강기)에스컬레이터-한양대 2번출구 상행 2,2F-1F,1번 출입구,사용가능,ES,2026-08-07T05:48:55Z
0209,한양대,승강기)엘리베이터-한양대 4번 출구(육교) 외부#1,1F-2F,4번 출입구(육교) 측,사용가능,EV,2026-08-07T05:48:55Z
0209,한양대,승강기)엘리베이터-한양대 섬식(외) 3-3 내부#1,1F-2F,왕십리 방면3-3,사용가능,EV,2026-08-07T05:48:55Z
0209,한양대,승강기)휠체어리프트-한양대 내부 내부1,1F-2F,뚝섬 방면8-2,사용가능,WL,2026-08-07T05:48:55Z
0210,뚝섬,승강기)에스컬레이터-뚝섬 2번 출구 3호기,1F-2F,2번 출입구,사용가능,ES,2026-08-07T05:48:55Z
0210,뚝섬,승강기)에스컬레이터-뚝섬 2번 출구 4호기,2F-1F,2번 출입구,사용가능,ES,2026-08-07T05:48:55Z
0210,뚝섬,승강기)에스컬레이터-뚝섬 3번 출구 7호기,1F-2F,3번 출입구,사용가능,ES,2026-08-07T05:48:55Z
0210,뚝섬,승강기)에스컬레이터-뚝섬 3번 출구 8호기,2F-1F,3번 출입구,사용가능,ES,2026-08-07T05:48:55Z
0210,뚝섬,승강기)에스컬레이터-뚝섬 5번 출구 1호기,1F-2F,5번 출입구,사용가능,ES,2026-08-07T05:48:55Z
0210,뚝섬,승강기)에스컬레이터-뚝섬 5번 출구 2호기,2F-1F,5번 출입구,사용가능,ES,2026-08-07T05:48:55Z
0210,뚝섬,승강기)에스컬레이터-뚝섬 8번 출구 5호기,1F-2F,8번 출입구,사용가능,ES,2026-08-07T05:48:55Z
0210,뚝섬,승강기)에스컬레이터-뚝섬 8번 출구 6호기,2F-1F,8번 출입구,사용가능,ES,2026-08-07T05:48:55Z
0210,뚝섬,승강기)엘리베이터-뚝섬 3번 출구측 외부#1,1F-2F,3번 출입구,사용가능,EV,2026-08-07T05:48:55Z
0210,뚝섬,승강기)엘리베이터-뚝섬 6번 출구측 외부#2,1F-2F,6번 출입구,사용가능,EV,2026-08-07T05:48:55Z
0210,뚝섬,승강기)엘리베이터-뚝섬 내선 7-1 내부#2,2F-3F,성수 방면7-1,사용가능,EV,2026-08-07T05:48:55Z
0210,뚝섬,승강기)엘리베이터-뚝섬 외선 7-1 내부#1,2F-3F,한양대 방면7-1,사용가능,EV,2026-08-07T05:48:55Z
0211,성수,승강기)에스컬레이터-성수 1번출구 1호기,1F-2F,1번 출입구,사용가능,ES,2026-08-07T05:48:55Z
0211,성수,승강기)에스컬레이터-성수 1번출구 2호기,2F-1F,1번 출입구,사용가능,ES,2026-08-07T05:48:55Z
0211,성수,승강기)에스컬레이터-성수 2번출구 3호기,1F-2F,2번 출입구,사용가능,ES,2026-08-07T05:48:55Z
0211,성수,승강기)에스컬레이터-성수 2번출구 4호기,2F-1F,2번 출입구,사용가능,ES,2026-08-07T05:48:55Z
0211,성수,승강기)에스컬레이터-성수 3번출구 5호기,2F-1F,3번 출입구,보수중,ES,2026-08-07T05:48:55Z
0211,성수,승강기)에스컬레이터-성수 3번출구 6호기,1F-2F,3번 출입구,사용가능,ES,2026-08-07T05:48:55Z
0211,성수,승강기)에스컬레이터-성수 4번출구 7호기,2F-1F,4번 출입구,사용가능,ES,2026-08-07T05:48:55Z
0211,성수,승강기)에스컬레이터-성수 4번출구 8호기,1F-2F,4번 출입구,사용가능,ES,2026-08-07T05:48:55Z
0211,성수,승강기)엘리베이터-성수 1번 출구측 외부#1,1F-2F,1번 출입구,사용가능,EV,2026-08-07T05:48:55Z
0211,성수,승강기)엘리베이터-성수 4번 출구측 외부#2,1F-2F,4번 출입구,사용가능,EV,2026-08-07T05:48:55Z
0211,성수,승강기)엘리베이터-성수 내선 4-4 내부#2,2F-3F,건대입구 방면4-4,사용가능,EV,2026-08-07T05:48:55Z
0211,성수,승강기)엘리베이터-성수 외선 7-1 내부#1,2F-3F,뚝섬 방면7-1,사용가능,EV,2026-08-07T05:48:55Z
0212,건대입구(2),승강기)에스컬레이터-건대입구 6번출구 상행2,1F-2F,6번 출입구,보수중,ES,2026-08-07T05:48:55Z
0212,건대입구(2),승강기)에스컬레이터-건대입구 6번출구 하행1,2F-1F,6번 출입구,보수중,ES,2026-08-07T05:48:55Z
0212,건대입구(2),승강기)엘리베이터-건대입구 7-3~6번 출구측 외부#1,1F-2F-3F,6번 출입구,사용가능,EV,2026-08-07T05:48:55Z
0212,건대입구(2),승강기)엘리베이터-건대입구 섬식(외)5-4 내부#1,2F-3F,성수 방면5-4,보수중,EV,2026-08-07T05:48:55Z
0213,구의,승강기)에스컬레이터-구의 1번출구 상행2,1F-2F,1번 출입구,사용가능,ES,2026-08-07T05:48:55Z
0213,구의,승강기)에스컬레이터-구의 1번출구 하행1,2F-1F,1번 출입구,사용가능,ES,2026-08-07T05:48:55Z
0213,구의,승강기)에스컬레이터-구의 2번출구 상행6,1F-2F,2번 출입구,사용가능,ES,2026-08-07T05:48:55Z
0213,구의,승강기)에스컬레이터-구의 2번출구 하행5,1F-2F,2번 출입구,사용가능,ES,2026-08-07T05:48:55Z
0213,구의,승강기)에스컬레이터-구의 4번출구 상행4,2F-1F,4번 출입구,사용가능,ES,2026-08-07T05:48:55Z
0213,구의,승강기)에스컬레이터-구의 4번출구 하행3,1F-2F,4번 출입구,사용가능,ES,2026-08-07T05:48:55Z
0213,구의,승강기)엘리베이터-구의 2번 출구측 외부#1,1F-2F-3F,2번 출입구,사용가능,EV,2026-08-07T05:48:55Z
0213,구의,승강기)엘리베이터-구의 섬식(외)4-3 내부#1,2F-3F,강변 방면4-3,사용가능,EV,2026-08-07T05:48:55Z
0214,강변,승강기)에스컬레이터-강변역 내부 1호기,1F-B2,잠실나루 방면9-1,사용가능,ES,2026-08-07T05:48:55Z
0214,강변,승강기)에스컬레이터-강변역 내부 2호기,2F-3F,잠실나루 방면9-1,사용가능,ES,2026-08-07T05:48:55Z
0214,강변,승강기)엘리베이터-강변 내선 7-3 내부#2,1F-2F,잠실나루 방면7-3,사용가능,EV,2026-08-07T05:48:55Z
0214,강변,승강기)엘리베이터-강변 외선 4-2 내부#1,1F-2F,구의 방면4-2,사용가능,EV,2026-08-07T05:48:55Z
0215,잠실나루,승강기)에스컬레이터-잠실나루 2번출구 3호기,2F-3F,강변 방면10-1,사용가능,ES,2026-08-07T05:48:55Z
0215,잠실나루,승강기)에스컬레이터-잠실나루 2번출구 4호기,2F-3F,잠실 방면1-4,사용가능,ES,2026-08-07T05:48:55Z
0215,잠실나루,승강기)에스컬레이터-잠실나루 내부 1호기,F3-지상,"대합실(2,3번 출입구)",사용가능,ES,2026-08-07T05:48:55Z
0215,잠실나루,승강기)에스컬레이터-잠실나루 내부 2호기,1F-2F,"대합실(2,3번 출입구)",사용가능,ES,2026-08-07T05:48:55Z
0215,잠실나루,승강기)엘리베이터-잠실나루 내선 8-1 내부#2,1F-2F,잠실 방면8-1,사용가능,EV,2026-08-07T05:48:55Z
0215,잠실나루,승강기)엘리베이터-잠실나루 외선 3-4 내부#1,1F-2F,강변 방면3-4,사용가능,EV,2026-08-07T05:48:55Z
0216,잠실(2),승강기)에스컬레이터-잠실 1번출구 상행4,B1-1F,1번 출입구,사용가능,ES,2026-08-07T05:48:55Z
0216,잠실(2),승강기)에스컬레이터-잠실 1번출구 하행3,1F-B1,1번 출입구,사용가능,ES,2026-08-07T05:48:55Z
0216,잠실(2),승강기)에스컬레이터-잠실 2번출구 상행6,B1-1F,2번 출입구,사용가능,ES,2026-08-07T05:48:55Z
0216,잠실(2),승강기)에스컬레이터-잠실 2번출구 하행5,1F-B1,2번 출입구,사용가능,ES,2026-08-07T05:48:55Z
0216,잠실(2),승강기)에스컬레이터-잠실 5번출구 상행2,B1-1F,5번 출입구,사용가능,ES,2026-08-07T05:48:55Z
0216,잠실(2),승강기)에스컬레이터-잠실 5번출구 하행1,1F-B1,5번 출입구,사용가능,ES,2026-08-07T05:48:55Z
0216,잠실(2),승강기)에스컬레이터-잠실(2) 내부 7호기,B1-B2,잠실새내 방면5-3,사용가능,ES,2026-08-07T05:48:55Z
0216,잠실(2),승강기)에스컬레이터-잠실(2) 내부 8호기,B2-B1,잠실새내 방면5-3,사용가능,ES,2026-08-07T05:48:55Z
0216,잠실(2),"승강기)엘리베이터-잠실 1,2번출구측 외부#2",B1-1F,1번 출입구,사용가능,EV,2026-08-07T05:48:55Z
0216,잠실(2),승강기)엘리베이터-잠실 6번 출구측 외부#1,B1-1F,6번 출입구,사용가능,EV,2026-08-07T05:48:55Z
0216,잠실(2),승강기)엘리베이터-잠실 내선 6-3 내부#2,B2-B1,잠실새내 방면6-3,사용가능,EV,2026-08-07T05:48:55Z
0216,잠실(2),승강기)엘리베이터-잠실 외선 5-2 내부#1,B2-B1,잠실나루 방면5-2,사용가능,EV,2026-08-07T05:48:55Z
0216,잠실(2),승강기)휠체어리프트-잠실 상가측 연결계단 내부1,B1-B1,잠실쇼핑센터 측 연결계단,사용가능,WL,2026-08-07T05:48:55Z
0217,잠실새내,승강기)에스컬레이터-잠실새내 1번출구 상행1,B1-1F,1번 출입구,사용가능,ES,2026-08-07T05:48:55Z
0217,잠실새내,승강기)에스컬레이터-잠실새내 2번출구 상행3,B1-1F,2번 출입구,사용가능,ES,2026-08-07T05:48:55Z
0217,잠실새내,승강기)에스컬레이터-잠실새내 2번출구 하행2,1F-B1,2번 출입구,사용가능,ES,2026-08-07T05:48:55Z
0217,잠실새내,승강기)에스컬레이터-잠실새내 5번출구 상행5,B1-1F,5번 출입구,사용가능,ES,2026-08-07T05:48:55Z
0217,잠실새내,승강기)에스컬레이터-잠실새내 5번출구 하행4,1F-B1,5번 출입구,사용가능,ES,2026-08-07T05:48:55Z
0217,잠실새내,승강기)에스컬레이터-잠실새내 6번출구 상행7,B1-1F,6번 출입구,사용가능,ES,2026-08-07T05:48:55Z
0217,잠실새내,승강기)에스컬레이터-잠실새내 6번출구 하행6,1F-B1,6번 출입구,사용가능,ES,2026-08-07T05:48:55Z
0217,잠실새내,승강기)에스컬레이터-잠실새내 7번출구 상행9,B1-1F,7번 출입구,사용가능,ES,2026-08-07T05:48:55Z
0217,잠실새내,승강기)에스컬레이터-잠실새내 7번출구 하행8,1F-B1,7번 출입구,사용가능,ES,2026-08-07T05:48:55Z
0217,잠실새내,승강기)에스컬레이터-잠실새내 8번출구 상행11,B1-1F,8번 출입구,사용가능,ES,2026-08-07T05:48:55Z
0217,잠실새내,승강기)에스컬레이터-잠실새내 8번출구 하행10,1F-B1,8번 출입구,사용가능,ES,2026-08-07T05:48:55Z
0217,잠실새내,승강기)엘리베이터-잠실새내 2번 출구측 외부#2,B1-1F,2번 출입구,사용가능,EV,2026-08-07T05:48:55Z
0217,잠실새내,승강기)엘리베이터-잠실새내 7번 출구측 외부#1,B1-1F,7번 출입구,사용가능,EV,2026-08-07T05:48:55Z
0217,잠실새내,승강기)엘리베이터-잠실새내 내선 4-1 내부#2,B2-B1,종합운동장 방면4-1,사용가능,EV,2026-08-07T05:48:55Z
0217,잠실새내,승강기)엘리베이터-잠실새내 외선 7-3 내부#1,B2-B1,잠실방면7-3,사용가능,EV,2026-08-07T05:48:55Z
0218,종합운동장(2),승강기)에스컬레이터-종합운동장 1번출구 4호기,1F-B1,1번 출입구,사용가능,ES,2026-08-07T05:48:55Z
0218,종합운동장(2),승강기)에스컬레이터-종합운동장 1번출구 5호기,B1-1F,1번 출입구,사용가능,ES,2026-08-07T05:48:55Z
0218,종합운동장(2),승강기)에스컬레이터-종합운동장 4번출구 1호기,1F-B1,4번 출입구,사용가능,ES,2026-08-07T05:48:55Z
0218,종합운동장(2),승강기)에스컬레이터-종합운동장 4번출구 2호기,B1-1F,4번 출입구,사용가능,ES,2026-08-07T05:48:55Z
0218,종합운동장(2),승강기)에스컬레이터-종합운동장 8번출구 3호기,B1-1F,8번 출입구,사용가능,ES,2026-08-07T05:48:55Z
0218,종합운동장(2),승강기)엘리베이터-종합운동장 6번 출구측 외부#1,B1-1F,6번 출입구,사용가능,EV,2026-08-07T05:48:55Z
0218,종합운동장(2),승강기)엘리베이터-종합운동장 내선 8-4 내부#2,B2-B1,삼성 방면8-4,사용가능,EV,2026-08-07T05:48:55Z
0218,종합운동장(2),승강기)엘리베이터-종합운동장 외선 2-4 내부#1,B2-B1,잠실새내 방면2-4,사용가능,EV,2026-08-07T05:48:55Z
0219,삼성,승강기)에스컬레이터-삼성 3번 출입구 1호기,1F-B1,3번 출입구,사용가능,ES,2026-08-07T05:48:55Z
0219,삼성,승강기)에스컬레이터-삼성 3번 출입구 2호기,B1-1F,3번 출입구,사용가능,ES,2026-08-07T05:48:55Z
0219,삼성,승강기)에스컬레이터-삼성 7번 출입구 3호기,1F-B1,7번 출입구,사용가능,ES,2026-08-07T05:48:55Z
0219,삼성,승강기)에스컬레이터-삼성 7번 출입구 4호기,B1-1F,7번 출입구,사용가능,ES,2026-08-07T05:48:55Z
0219,삼성,승강기)엘리베이터-삼성 1번 출구측 외부#1,B1-1F,1번 출입구,사용가능,EV,2026-08-07T05:48:55Z
0219,삼성,승강기)엘리베이터-삼성 4번 출구측 외부#4,B1-1F,4번 출입구,사용가능,EV,2026-08-07T05:48:55Z
0219,삼성,승강기)엘리베이터-삼성 6번 출구측 외부#2,B1-1F,6번 출입구,사용가능,EV,2026-08-07T05:48:55Z
0219,삼성,승강기)엘리베이터-삼성 8번 출구측 외부#3,B1-1F,8번 출입구,사용가능,EV,2026-08-07T05:48:55Z
0219,삼성,승강기)엘리베이터-삼성 섬식(외) 3-1 내부#1,B2-B1,"종합운동장 방면3-1, 선릉 방면8-4",사용가능,EV,2026-08-07T05:48:55Z
0219,삼성,승강기)휠체어리프트-삼성 코엑스연결계단 내부1,B1-B1,코액스 측 연결계단,보수중,WL,2026-08-07T05:48:55Z
0220,선릉(2),승강기)에스컬레이터-선릉 4번출구 상행2,B1-1F,4번 출입구,사용가능,ES,2026-08-07T05:48:55Z
0220,선릉(2),승강기)에스컬레이터-선릉 4번출구 하행1,1F-B1,4번 출입구,사용가능,ES,2026-08-07T05:48:55Z
0220,선릉(2),승강기)엘리베이터-선릉 10번 출구측 외부#3,B1-1F,10번 출입구,사용가능,EV,2026-08-07T05:48:55Z
0220,선릉(2),승강기)엘리베이터-선릉 1번 출구측 외부#1,B1-1F,1번 출입구,사용가능,EV,2026-08-07T05:48:55Z
0220,선릉(2),승강기)엘리베이터-선릉 5번 출구측 외부#2,B1-1F,5번 출입구,사용가능,EV,2026-08-07T05:48:55Z
0221,역삼,"승강기)에스컬레이터-역삼 1,2번출구 5호기",1F-B1,"1,2번 출입구 방면 통로",사용가능,ES,2026-08-07T05:48:55Z
0221,역삼,"승강기)에스컬레이터-역삼 1,2번출구 6호기",B1-1F,"1,2번 출입구 방면 통로",사용가능,ES,2026-08-07T05:48:55Z
0221,역삼,승강기)에스컬레이터-역삼 2번출구 13호기,1F-B1,2번 출입구,사용가능,ES,2026-08-07T05:48:55Z
0221,역삼,승강기)에스컬레이터-역삼 2번출구 14호기,B1-1F,2번 출입구,사용가능,ES,2026-08-07T05:48:55Z
0221,역삼,승강기)에스컬레이터-역삼 3번출구 10호기,B1-1F,3번 출입구,사용가능,ES,2026-08-07T05:48:55Z
0221,역삼,승강기)에스컬레이터-역삼 3번출구 9호기,1F-B1,3번 출입구,사용가능,ES,2026-08-07T05:48:55Z
0221,역삼,승강기)에스컬레이터-역삼 4번출구 11호기,1F-B1,4번 출입구,사용가능,ES,2026-08-07T05:48:55Z
0221,역삼,승강기)에스컬레이터-역삼 4번출구 12호기,B1-1F,4번 출입구,사용가능,ES,2026-08-07T05:48:55Z
0221,역삼,승강기)에스컬레이터-역삼 5~8번출구 7호기,1F-B1,5~8번 출입구 방면 통로,사용가능,ES,2026-08-07T05:48:55Z
0221,역삼,승강기)에스컬레이터-역삼 5~8번출구 8호기,B1-1F,5~8번 출입구 방면 통로,사용가능,ES,2026-08-07T05:48:55Z
0221,역삼,승강기)에스컬레이터-역삼 외부 1호기,1F-B1,"대합실(1,2,5,6,7,8번 출입구 방면)",사용가능,ES,2026-08-07T05:48:55Z
0221,역삼,승강기)에스컬레이터-역삼 외부 2호기,B1-1F,"대합실(1,2,5,6,7,8번 출입구 방면)",사용가능,ES,2026-08-07T05:48:55Z
0221,역삼,승강기)에스컬레이터-역삼 외부 3호기,1F-B1,"대합실(1,2,5,6,7,8번 출입구 방면)",사용가능,ES,2026-08-07T05:48:55Z
0221,역삼,승강기)에스컬레이터-역삼 외부 4호기,B1-1F,"대합실(1,2,5,6,7,8번 출입구 방면)",사용가능,ES,2026-08-07T05:48:55Z
0221,역삼,승강기)엘리베이터-역삼 3번 출구측 외부#1,B2-1F,3번 출입구,사용가능,EV,2026-08-07T05:48:55Z
0221,역삼,승강기)엘리베이터-역삼 4번 출구측 외부#2,B2-1F,4번 출입구,사용가능,EV,2026-08-07T05:48:55Z
0221,역삼,승강기)엘리베이터-역삼 내선 4-1 내부#2,B3-B2,강남 방면4-1,사용가능,EV,2026-08-07T05:48:55Z
0221,역삼,승강기)엘리베이터-역삼 외선 7-3 내부#1,B3-B2,선릉 방면7-3,사용가능,EV,2026-08-07T05:48:55Z
0222,강남(2),승강기)엘리베이터-강남 10번 출구측 외부#2,B1-1F,10번 출입구,사용가능,EV,2026-08-07T05:48:55Z
0222,강남(2),승강기)엘리베이터-강남 1번 출구측 외부#1,B1-1F,1번 출입구,사용가능,EV,2026-08-07T05:48:55Z
0222,강남(2),승강기)엘리베이터-강남 내선 3-4 내부#2,B2-B1,교대 방면3-4,사용가능,EV,2026-08-07T05:48:55Z
0222,강남(2),승강기)엘리베이터-강남 외선 8-1 내부#1,B2-B1,역삼 방면8-1,사용가능,EV,2026-08-07T05:48:55Z
0223,교대(2),승강기)에스컬레이터-교대(2) 11번 출입구 3호기,B1-1F,11번 출입구,사용가능,ES,2026-08-07T05:48:55Z
0223,교대(2),승강기)에스컬레이터-교대(2) 11번 출입구 4호기,1F-B1,11번 출입구,사용가능,ES,2026-08-07T05:48:55Z
0223,교대(2),승강기)에스컬레이터-교대(2) 6번출구 1호기,1F-B1,6번 출입구,사용가능,ES,2026-08-07T05:48:55Z
0223,교대(2),승강기)에스컬레이터-교대(2) 6번출구 2호기,B1-1F,6번 출입구,사용가능,ES,2026-08-07T05:48:55Z
0223,교대(2),승강기)엘리베이터-교대(2) 5번 출구측 외부#1,B1-1F,5번 출입구,사용가능,EV,2026-08-07T05:48:55Z
0223,교대(2),승강기)엘리베이터-교대(2) 내선 3-1 내부#2,B2-B1,서초 방면3-1,사용가능,EV,2026-08-07T05:48:55Z
0223,교대(2),승강기)엘리베이터-교대(2) 외선 8-4 내부#1,B2-B1,강남 방면8-4,사용가능,EV,2026-08-07T05:48:55Z
0224,서초,"승강기)에스컬레이터-서초 3,4번출구 상행8",B1-1F,"3,4번 출입구",사용가능,ES,2026-08-07T05:48:55Z
0224,서초,"승강기)에스컬레이터-서초 3,4번출구 하행7",1F-B1,"3,4번 출입구",사용가능,ES,2026-08-07T05:48:55Z
0224,서초,승강기)에스컬레이터-서초 3번출구 상행 4,B1-1F,3번 출입구,사용가능,ES,2026-08-07T05:48:55Z
0224,서초,승강기)에스컬레이터-서초 3번출구 하행 3,1F-B1,3번 출입구,사용가능,ES,2026-08-07T05:48:55Z
0224,서초,승강기)에스컬레이터-서초 4번출구 상행 6,B1-1F,4번 출입구,사용가능,ES,2026-08-07T05:48:55Z
0224,서초,승강기)에스컬레이터-서초 4번출구 하행 5,1F-B1,4번 출입구,사용가능,ES,2026-08-07T05:48:55Z
0224,서초,승강기)에스컬레이터-서초 6번출구 상행 2,B1-1F,6번 출입구,사용가능,ES,2026-08-07T05:48:55Z
0224,서초,승강기)에스컬레이터-서초 6번출구 하행 1,1F-B1,6번 출입구,사용가능,ES,2026-08-07T05:48:55Z
0224,서초,승강기)엘리베이터-서초  4번출구 외부#2,B1-1F,"3,4번 출입구",사용가능,EV,2026-08-07T05:48:55Z
0224,서초,승강기)엘리베이터-서초 1번 출구측 외부#1,B1-1F,1번 출입구,사용가능,EV,2026-08-07T05:48:55Z
0224,서초,승강기)엘리베이터-서초 내선 9-1 내부#2,B2-B1,방배 방면9-1,사용가능,EV,2026-08-07T05:48:55Z
0224,서초,승강기)엘리베이터-서초 외선 2-4 내부#1,B2-B1,교대 방면2-4,사용가능,EV,2026-08-07T05:48:55Z
0225,방배,승강기)에스컬레이터-방배 4번출구 1호기,1F-B1,4번 출입구,사용가능,ES,2026-08-07T05:48:55Z
0225,방배,승강기)에스컬레이터-방배 4번출구 2호기,B1-1F,4번 출입구,사용가능,ES,2026-08-07T05:48:55Z
0225,방배,승강기)엘리베이터-방배 3번 출구측 외부#1,B1-1F,3번 출입구,사용가능,EV,2026-08-07T05:48:55Z
0225,방배,승강기)엘리베이터-방배 내선 3-1 내부#2,B2-B1,사당 방면3-1,사용가능,EV,2026-08-07T05:48:55Z
0225,방배,승강기)엘리베이터-방배 외선 8-3 내부#1,B2-B1,서초 방면8-3,사용가능,EV,2026-08-07T05:48:55Z
0226,사당(2),승강기)에스컬레이터-사당(2) 14번출구 10호기,B1-1F,14번 출입구,사용가능,ES,2026-08-07T05:48:55Z
0226,사당(2),승강기)에스컬레이터-사당(2) 14번출구 9호기,1F-B1,14번 출입구,사용가능,ES,2026-08-07T05:48:55Z
0226,사당(2),승강기)에스컬레이터-사당(2) 5번출구 11호기,1F-B1,5번 출입구,사용가능,ES,2026-08-07T05:48:55Z
0226,사당(2),승강기)에스컬레이터-사당(2) 5번출구 12호기,B1-1F,5번 출입구,사용가능,ES,2026-08-07T05:48:55Z
0226,사당(2),승강기)에스컬레이터-사당(2) 내선(3-3) 5호기,B1-B2,낙성대 방면3-3,사용가능,ES,2026-08-07T05:48:55Z
0226,사당(2),승강기)에스컬레이터-사당(2) 내선(3-3) 6호기,B2-B1,낙성대 방면3-3,사용가능,ES,2026-08-07T05:48:55Z
0226,사당(2),승강기)에스컬레이터-사당(2) 내선(8-1) 7호기,B1-B2,낙성대 방면8-1,사용가능,ES,2026-08-07T05:48:55Z
0226,사당(2),승강기)에스컬레이터-사당(2) 내선(8-1) 8호기,B2-B1,낙성대 방면8-1,사용가능,ES,2026-08-07T05:48:55Z
0226,사당(2),승강기)에스컬레이터-사당(2) 외선(3-3) 1호기,B1-B2,방배 방면3-3,사용가능,ES,2026-08-07T05:48:55Z
0226,사당(2),승강기)에스컬레이터-사당(2) 외선(3-3) 2호기,B2-B1,방배 방면3-3,사용가능,ES,2026-08-07T05:48:55Z
0226,사당(2),승강기)에스컬레이터-사당(2) 외선(8-1) 3호기,B1-B2,방배 방면8-1,사용가능,ES,2026-08-07T05:48:55Z
0226,사당(2),승강기)에스컬레이터-사당(2) 외선(8-1) 4호기,B2-B1,방배 방면8-1,사용가능,ES,2026-08-07T05:48:55Z
0226,사당(2),승강기)에스컬레터-사당(2) E/S 1200형 13호기,1F-B1,8번 출입구,사용가능,ES,2026-08-07T05:48:55Z
0226,사당(2),승강기)에스컬레터-사당(2) E/S 1200형 14호기,B1-1F,8번 출입구,사용가능,ES,2026-08-07T05:48:55Z
0226,사당(2),승강기)엘리베이터-사당(2) 14번 출구측 외부#1,B1-1F,14번 출입구,사용가능,EV,2026-08-07T05:48:55Z
0226,사당(2),승강기)엘리베이터-사당(2) 6번 출구측 외부#2,B1-1F,6번 출입구,사용가능,EV,2026-08-07T05:48:55Z
0226,사당(2),승강기)엘리베이터-사당(2) 섬식(외)4-4 내부#1,B2-B1,방배 방면4-4,사용가능,EV,2026-08-07T05:48:55Z
0227,낙성대,승강기)에스컬레이터-낙성대 1번출구 상행4,B1-1F,1번 출입구,사용가능,ES,2026-08-07T05:48:55Z
0227,낙성대,승강기)에스컬레이터-낙성대 1번출구 하행3,1F-B1,1번 출입구,사용가능,ES,2026-08-07T05:48:55Z
0227,낙성대,승강기)에스컬레이터-낙성대 4번출구 상행2,B1-1F,4번 출입구,사용가능,ES,2026-08-07T05:48:55Z
0227,낙성대,승강기)에스컬레이터-낙성대 4번출구 하행1,1F-B1,4번 출입구,사용가능,ES,2026-08-07T05:48:55Z
0227,낙성대,승강기)에스컬레이터-낙성대 5번출구5,1F-B1,5번 출입구,사용가능,ES,2026-08-07T05:48:55Z
0227,낙성대,승강기)에스컬레이터-낙성대 5번출구6,B1-1F,5번 출입구,사용가능,ES,2026-08-07T05:48:55Z
0227,낙성대,승강기)에스컬레이터-낙성대 8번출구 에스컬레이터 7호기,B1-1F,8번 출입구,사용가능,ES,2026-08-07T05:48:55Z
0227,낙성대,승강기)에스컬레이터-낙성대 8번출구 에스컬레이터 8호기,1F-B1,8번 출입구,사용가능,ES,2026-08-07T05:48:55Z
0227,낙성대,승강기)엘리베이터-낙성대 6번 출구측 외부#1,B1-1F,6번 출입구,사용가능,EV,2026-08-07T05:48:55Z
0227,낙성대,승강기)엘리베이터-낙성대 내선 3-3 내부#2,B2-B1,서울대입구 방면3-3,사용가능,EV,2026-08-07T05:48:55Z
0227,낙성대,승강기)엘리베이터-낙성대 외선 8-2 내부#1,B2-B1,사당 방면8-2,사용가능,EV,2026-08-07T05:48:55Z
0228,서울대입구,승강기)에스컬레이터-서울대입구 3번출구 5호기,1F-B1,3번 출입구,사용가능,ES,2026-08-07T05:48:55Z
0228,서울대입구,승강기)에스컬레이터-서울대입구 3번출구 6호기,B1-1F,3번 출입구,사용가능,ES,2026-08-07T05:48:55Z
0228,서울대입구,승강기)에스컬레이터-서울대입구 4번출구 7호기,1F-B1,4번 출입구,사용가능,ES,2026-08-07T05:48:55Z
0228,서울대입구,승강기)에스컬레이터-서울대입구 4번출구 8호기,B1-1F,4번 출입구,사용가능,ES,2026-08-07T05:48:55Z
0228,서울대입구,승강기)에스컬레이터-서울대입구 내선(6-1) 2호기,B1-B2,"봉천 방면6-2, 낙성대 방면5-3",사용가능,ES,2026-08-07T05:48:55Z
0228,서울대입구,승강기)에스컬레이터-서울대입구 내선(9-1) 1호기,B2-B1,"봉천 방면8-4, 낙성대 방면2-4",사용가능,ES,2026-08-07T05:48:55Z
0228,서울대입구,승강기)에스컬레이터-서울대입구 외선(5-3) 3호기,B2-B1,"봉천 방면6-2, 낙성대 방면5-3",사용가능,ES,2026-08-07T05:48:55Z
0228,서울대입구,승강기)에스컬레이터-서울대입구 외선(9-1) 4호기,B1-B2,"봉천 방면2-4, 낙성대 방면8-4",사용가능,ES,2026-08-07T05:48:55Z
0228,서울대입구,승강기)엘리베이터-서울대입구 2번 출구측 외부#2,B1-1F,2번 출입구,사용가능,EV,2026-08-07T05:48:55Z
0228,서울대입구,승강기)엘리베이터-서울대입구 6번 출구측 외부#1,B1-1F,6번 출입구,사용가능,EV,2026-08-07T05:48:55Z
0228,서울대입구,승강기)엘리베이터-서울대입구 섬식(외)6-3 내부#1,B2-B1,"봉천 방면5-2, 낙성대 방면6-3",사용가능,EV,2026-08-07T05:48:55Z
0229,봉천,승강기)에스컬레이터-봉천 3번출구 3호기,1F-B1,3번 출입구,사용가능,ES,2026-08-07T05:48:55Z
0229,봉천,승강기)에스컬레이터-봉천 3번출구 4호기,B1-1F,3번 출입구,사용가능,ES,2026-08-07T05:48:55Z
0229,봉천,승강기)에스컬레이터-봉천 4번출구 7호기,1F-B1,4번 출입구,사용가능,ES,2026-08-07T05:48:55Z
0229,봉천,승강기)에스컬레이터-봉천 4번출구 8호기,B1-1F,4번 출입구,사용가능,ES,2026-08-07T05:48:55Z
0229,봉천,승강기)에스컬레이터-봉천 6번출구 5호기,1F-B1,6번 출입구,사용가능,ES,2026-08-07T05:48:55Z
0229,봉천,승강기)에스컬레이터-봉천 6번출구 6호기,B1-1F,6번 출입구,사용가능,ES,2026-08-07T05:48:55Z
0229,봉천,승강기)에스컬레이터-봉천 외선(5-3) 1호기,1F-B1,"서울대입구 방면6-2,신림 방면5-3",사용가능,ES,2026-08-07T05:48:55Z
0229,봉천,승강기)에스컬레이터-봉천 외선(6-2) 2호기,B1-1F,"서울대입구 방면5-3,신림 방면6-2",사용가능,ES,2026-08-07T05:48:55Z
0229,봉천,승강기)엘리베이터-봉천 4번 출구측 외부#1,B1-1F,4번 출입구,사용가능,EV,2026-08-07T05:48:55Z
0229,봉천,승강기)엘리베이터-봉천 섬식(외)6-3 내부#1,B2-B1,"서울대입구 방면6-3, 신림 방면5-1",사용가능,EV,2026-08-07T05:48:55Z
0230,신림,승강기)에스컬레이터-신림 2번출구 2호기,B1-1F,2번 출입구,사용가능,ES,2026-08-07T05:48:55Z
0230,신림,승강기)에스컬레이터-신림 2번출구 3호기,1F-B1,2번 출입구,사용가능,ES,2026-08-07T05:48:55Z
0230,신림,승강기)에스컬레이터-신림 4번출구 4호기,B1-1F,4번 출입구,사용가능,ES,2026-08-07T05:48:55Z
0230,신림,승강기)에스컬레이터-신림 4번출구 5호기,1F-B1,4번 출입구,사용가능,ES,2026-08-07T05:48:55Z
0230,신림,승강기)에스컬레이터-신림 5번 출구측 6호기,B1-1F,5번 출입구,보수중,ES,2026-08-07T05:48:55Z
0230,신림,승강기)에스컬레이터-신림 5번 출구측 7호기,1F-B1,5번 출입구,사용가능,ES,2026-08-07T05:48:55Z
0230,신림,승강기)에스컬레이터-신림 8번출구 8호기,1F-B1,8번 출입구,사용가능,ES,2026-08-07T05:48:55Z
0230,신림,승강기)에스컬레이터-신림 8번출구 9호기,B1-1F,8번 출입구,사용가능,ES,2026-08-07T05:48:55Z
0230,신림,승강기)엘리베이터-신림 1번 출구측 외부#1,B1-1F,1번 출입구,사용가능,EV,2026-08-07T05:48:55Z
0230,신림,승강기)엘리베이터-신림 5번 출구측 외부#2,B1-1F,5번 출입구,사용가능,EV,2026-08-07T05:48:55Z
0230,신림,승강기)엘리베이터-신림 섬식(외) 4-4 내부#1,B2-B1,"신대방 방면7-1, 봉천 방면4-4",사용가능,EV,2026-08-07T05:48:55Z
0231,신대방,승강기)에스컬레이터-신대방 내선(3-4) 1호기,3F-2F,신림 방면4-3,사용가능,ES,2026-08-07T05:48:55Z
0231,신대방,승강기)에스컬레이터-신대방 내선(3-4) 2호기,2F-3F,신림 방면4-3,사용가능,ES,2026-08-07T05:48:55Z
0231,신대방,승강기)에스컬레이터-신대방 내선(8-3) 3호기,3F-2F,신림 방면8-3,보수중,ES,2026-08-07T05:48:55Z
0231,신대방,승강기)에스컬레이터-신대방 내선(8-3) 4호기,2F-3F,신림 방면8-3,사용가능,ES,2026-08-07T05:48:55Z
0231,신대방,승강기)에스컬레이터-신대방 외선(3-1) 5호기,3F-2F,구로디지털 방면3-1,사용가능,ES,2026-08-07T05:48:55Z
0231,신대방,승강기)에스컬레이터-신대방 외선(3-1) 6호기,2F-3F,구로디지털 방면3-1,사용가능,ES,2026-08-07T05:48:55Z
0231,신대방,승강기)에스컬레이터-신대방 외선(7-1) 7호기,3F-2F,구로디지털 방면7-1,사용가능,ES,2026-08-07T05:48:55Z
0231,신대방,승강기)에스컬레이터-신대방 외선(7-1) 8호기,2F-3F,구로디지털 방면7-1,사용가능,ES,2026-08-07T05:48:55Z
0231,신대방,승강기)엘리베이터-신대방 1번 출구측 외부#1,1F-2F,1번 출입구,사용가능,EV,2026-08-07T05:48:55Z
0231,신대방,승강기)엘리베이터-신대방 내선 8-1 내부#2,2F-3F,구로디지털단지 방면8-1,사용가능,EV,2026-08-07T05:48:55Z
0231,신대방,승강기)엘리베이터-신대방 외선 3-4 내부#1,2F-3F,신림방면 3-4,사용가능,EV,2026-08-07T05:48:55Z
0232,구로디지털단지,승강기)에스컬레이터-구로디지털단지 2번출구 상행1,1F-2F,2번 출입구,사용가능,ES,2026-08-07T05:48:55Z
0232,구로디지털단지,승강기)에스컬레이터-구로디지털단지 3번출구 하행2,2F-1F,3번 출입구,사용가능,ES,2026-08-07T05:48:55Z
0232,구로디지털단지,승강기)에스컬레이터-구로디지털단지 5번출구 상행4,1F-2F,5번 출입구,사용가능,ES,2026-08-07T05:48:55Z
0232,구로디지털단지,승강기)에스컬레이터-구로디지털단지 5번출구 하행3,2F-1F,5번 출입구,사용가능,ES,2026-08-07T05:48:55Z
0232,구로디지털단지,"승강기)엘리베이터-구로디지털단지 #2,3출입구 외부엘리베이터 2호기",1F-2F,"2,3번 출입구 사이",사용가능,EV,2026-08-07T05:48:55Z
0232,구로디지털단지,승강기)엘리베이터-구로디지털단지 6번 출구측 외부#1,2F-3F,6번 출입구,사용가능,EV,2026-08-07T05:48:55Z
0232,구로디지털단지,승강기)엘리베이터-구로디지털단지 내선 7-4 내부#2,2F-3F,대림 방면7-4,사용가능,EV,2026-08-07T05:48:55Z
0232,구로디지털단지,승강기)엘리베이터-구로디지털단지 외선 3-4 내부#1,1F-2F,신대방 방면3-4,사용가능,EV,2026-08-07T05:48:55Z
0233,대림(2),승강기)에스컬레이터-대림 1번출구 상행2,1F-2F,1번 출입구,사용가능,ES,2026-08-07T05:48:55Z
0233,대림(2),승강기)에스컬레이터-대림 1번출구 하행1,2F-1F,1번 출입구,사용가능,ES,2026-08-07T05:48:55Z
0233,대림(2),승강기)에스컬레이터-대림 5번출구 상행6,1F-2F,5번 출입구,사용가능,ES,2026-08-07T05:48:55Z
0233,대림(2),승강기)에스컬레이터-대림 5번출구 하행5,2F-1F,5번 출입구,사용가능,ES,2026-08-07T05:48:55Z
0233,대림(2),승강기)에스컬레이터-대림 8번출구 상행4,1F-2F,8번 출입구,보수중,ES,2026-08-07T05:48:55Z
0233,대림(2),승강기)에스컬레이터-대림 8번출구 하행3,2F-1F,8번 출입구,사용가능,ES,2026-08-07T05:48:55Z
0233,대림(2),승강기)엘리베이터-대림 4번 출구측(육교) 외부#2,2F-3F,4번 출입구,사용가능,EV,2026-08-07T05:48:55Z
0233,대림(2),승강기)엘리베이터-대림 7번 출구측(육교) 외부#1,2F-3F,7번 출입구,사용가능,EV,2026-08-07T05:48:55Z
0233,대림(2),승강기)엘리베이터-대림 내선 8-3 내부#2,1F-2F,신도림 방면 8-3,사용가능,EV,2026-08-07T05:48:55Z
0233,대림(2),승강기)엘리베이터-대림 외선 3-2 내부#1,1F-2F,구로디지털단지역 방면 3-2,사용가능,EV,2026-08-07T05:48:55Z
0234,신도림(2),승강기)에스컬레이터-신도림 내부 1호기,B3-B2,대림 방면7-3,사용가능,ES,2026-08-07T05:48:55Z
0234,신도림(2),승강기)에스컬레이터-신도림 내부 2호기,B3-B2,대림 방면7-3,사용가능,ES,2026-08-07T05:48:55Z
0234,신도림(2),승강기)에스컬레이터-신도림 내부 3호기,B3-B2,문래 방면4-1,사용가능,ES,2026-08-07T05:48:55Z
0234,신도림(2),승강기)에스컬레이터-신도림 내부 4호기,B3-B2,대림 방면4-2,사용가능,ES,2026-08-07T05:48:55Z
0234,신도림(2),승강기)에스컬레이터-신도림 내부 5호기,B2-B3,대림 방면4-2,사용가능,ES,2026-08-07T05:48:55Z
0234,신도림(2),승강기)에스컬레이터-신도림 내부 6호기,B3-B2,대림 방면5-1,사용가능,ES,2026-08-07T05:48:55Z
0234,신도림(2),승강기)에스컬레이터-신도림 내부 7호기,B2-B3,대림 방면5-1,사용가능,ES,2026-08-07T05:48:55Z
0234,신도림(2),승강기)에스컬레이터-신도림 내부 8호기,B3-B2,대림 방면7-3,사용가능,ES,2026-08-07T05:48:55Z
0234,신도림(2),승강기)에스컬레이터-신도림 내부 9호기,B2-B3,대림 방면7-3,사용가능,ES,2026-08-07T05:48:55Z
0234,신도림(2),승강기)엘리베이터-신도림 1번 출구측 외부#1,B1-2F,1번 출입구,사용가능,EV,2026-08-07T05:48:55Z
0234,신도림(2),승강기)엘리베이터-신도림 2번 출구측 외부#2,B1-1F,3번 출입구,사용가능,EV,2026-08-07T05:48:55Z
0234,신도림(2),승강기)엘리베이터-신도림 섬식 3-2 내부#1,B2-B1,"대림 방면4-4, 문래 방면7-4",사용가능,EV,2026-08-07T05:48:55Z
0234,신도림(2),승강기)엘리베이터-신도림 섬식 4-4 내부#2,B2-B1,대림 방면3-2,사용가능,EV,2026-08-07T05:48:55Z
0235,문래,승강기)에스컬레이터-문래 1번출구 상행2,B1-1F,1번 출입구,사용가능,ES,2026-08-07T05:48:55Z
0235,문래,승강기)에스컬레이터-문래 1번출구 하행1,1F-B1,1번 출입구,사용가능,ES,2026-08-07T05:48:55Z
0235,문래,승강기)에스컬레이터-문래 2번출구 상행4,B1-1F,2번 출입구,사용가능,ES,2026-08-07T05:48:55Z
0235,문래,승강기)에스컬레이터-문래 2번출구 하행3,1F-B1,2번 출입구,사용가능,ES,2026-08-07T05:48:55Z
0235,문래,승강기)엘리베이터-문래 1번 출구측 외부#2,B1-1F,1번 출입구,사용가능,EV,2026-08-07T05:48:55Z
0235,문래,승강기)엘리베이터-문래 5번 출구측 외부#1,B1-1F,5번 출입구,사용가능,EV,2026-08-07T05:48:55Z
0235,문래,승강기)엘리베이터-문래 내선 4-1 내부#2,B2-B1,영등포구청 방면4-1,사용가능,EV,2026-08-07T05:48:55Z
0235,문래,승강기)엘리베이터-문래 외선 7-4 내부#1,B2-B1,신도림 방면7-4,사용가능,EV,2026-08-07T05:48:55Z
0236,영등포구청(2),승강기)에스컬레이터-영등포구청 1번출구 상행2,B1-1F,1번 출입구,사용가능,ES,2026-08-07T05:48:55Z
0236,영등포구청(2),승강기)에스컬레이터-영등포구청 1번출구 하행1,1F-B1,1번 출입구,사용가능,ES,2026-08-07T05:48:55Z
0236,영등포구청(2),승강기)에스컬레이터-영등포구청(2) 4번출입구 3호기,1F-B1,4번 출입구,사용가능,ES,2026-08-07T05:48:55Z
0236,영등포구청(2),승강기)에스컬레이터-영등포구청(2) 4번출입구 4호기,B1-1F,4번 출입구,사용가능,ES,2026-08-07T05:48:55Z
0236,영등포구청(2),승강기)엘리베이터-영등포구청 2번 출구측 외부#1,B1-1F,2번 출입구,사용가능,EV,2026-08-07T05:48:55Z
0236,영등포구청(2),승강기)엘리베이터-영등포구청 내선 3-1 내부#2,B2-B1,당산 방면3-1,사용가능,EV,2026-08-07T05:48:55Z
0236,영등포구청(2),승강기)엘리베이터-영등포구청 외선 8-4 내부#1,B2-B1,문래 방면8-4,사용가능,EV,2026-08-07T05:48:55Z
0236,영등포구청(2),승강기)엘리베이터-영등포구청(2) #5출입구 외부엘리베이터 2호기,B1-1F,5번 출입구,사용가능,EV,2026-08-07T05:48:55Z
0237,당산(2),승강기)에스컬레이터-당산 3번출구 상행1,B2-1F,3번 출입구,사용가능,ES,2026-08-07T05:48:55Z
0237,당산(2),승강기)엘리베이터-당산 3번 출구측 외부#2,1F-2F,3번 출입구,사용가능,EV,2026-08-07T05:48:55Z
0237,당산(2),승강기)엘리베이터-당산 4번 출구측 외부#1,1F-2F,4번 출입구,사용가능,EV,2026-08-07T05:48:55Z
0237,당산(2),승강기)엘리베이터-당산 내선 3-2 내부#2,2F-3F,합정 방면3-2,사용가능,EV,2026-08-07T05:48:55Z
0237,당산(2),승강기)엘리베이터-당산 외선 8-3 내부#1,2F-3F,영등포구청 방면8-3,사용가능,EV,2026-08-07T05:48:55Z
0238,합정(2),승강기)에스컬레이터-합정(2) 2번출구 3호기,1F-B2,2번 출입구,사용가능,ES,2026-08-07T05:48:55Z
0238,합정(2),승강기)에스컬레이터-합정(2) 2번출구 4호기,B2-1F,2번 출입구,사용가능,ES,2026-08-07T05:48:55Z
0238,합정(2),승강기)에스컬레이터-합정(2) 내부 1호기,B3-B2,당산 방면4-1,사용가능,ES,2026-08-07T05:48:55Z
0238,합정(2),승강기)에스컬레이터-합정(2) 내부 2호기,B3-B2,홍대입구 방면7-3,사용가능,ES,2026-08-07T05:48:55Z
0238,합정(2),승강기)엘리베이터-합정 1번 출구측 외부#2,B1-1F,"1,2번 출입구 사이",사용가능,EV,2026-08-07T05:48:55Z
0238,합정(2),승강기)엘리베이터-합정 4번 출구측 외부#1,B1-1F,"3,4번 출입구 사이",사용가능,EV,2026-08-07T05:48:55Z
0238,합정(2),승강기)엘리베이터-합정 내선 7-3 내부#2,B2-B1,홍대입구 방면7-3,사용가능,EV,2026-08-07T05:48:55Z
0238,합정(2),승강기)엘리베이터-합정 외선 4-1 내부#1,B2-B1,당산 방면4-1,사용가능,EV,2026-08-07T05:48:55Z
0239,홍대입구(2),승강기)에스컬레이터-홍대입구 1번출구 5호기,B2-B3,1번 출입구,사용가능,ES,2026-08-07T05:48:55Z
0239,홍대입구(2),승강기)에스컬레이터-홍대입구 1번출구 6호기,B3-B2,1번 출입구,사용가능,ES,2026-08-07T05:48:55Z
0239,홍대입구(2),승강기)에스컬레이터-홍대입구 1번출구 7호기,1F-B2,1번 출입구,사용가능,ES,2026-08-07T05:48:55Z
0239,홍대입구(2),승강기)에스컬레이터-홍대입구 1번출구 8호기,B2-1F,1번 출입구,사용가능,ES,2026-08-07T05:48:55Z
0239,홍대입구(2),승강기)에스컬레이터-홍대입구 2번출구 3호기,1F-B2,2번 출입구,사용가능,ES,2026-08-07T05:48:55Z
0239,홍대입구(2),승강기)에스컬레이터-홍대입구 2번출구 4호기,B2-1F,2번 출입구,사용가능,ES,2026-08-07T05:48:55Z
0239,홍대입구(2),승강기)에스컬레이터-홍대입구 내선(7-3) 1호기,B2-B3,"신촌 방면7-3, 합정 방면4-2",사용가능,ES,2026-08-07T05:48:55Z
0239,홍대입구(2),승강기)에스컬레이터-홍대입구 외선(4-1) 2호기,B3-B2,"합정 방면4-1, 신촌 방면7-4",사용가능,ES,2026-08-07T05:48:55Z
0239,홍대입구(2),승강기)엘리베이터-홍대입구 8번 출구측 외부#1,B1-1F,8번 출입구,사용가능,EV,2026-08-07T05:48:55Z
0239,홍대입구(2),승강기)엘리베이터-홍대입구 섬식(외)7-2 내부#1,B2-B1,"합정 방면7-2, 신촌 방면4-3",사용가능,EV,2026-08-07T05:48:55Z
0240,신촌,승강기)에스컬레이터-신촌 6번출구3,1F-B1,6번 출입구,사용가능,ES,2026-08-07T05:48:55Z
0240,신촌,승강기)에스컬레이터-신촌 6번출구4,B1-1F,6번 출입구,사용가능,ES,2026-08-07T05:48:55Z
0240,신촌,승강기)에스컬레이터-신촌 7번출구 상행2,B1-1F,7번 출입구,사용가능,ES,2026-08-07T05:48:55Z
0240,신촌,승강기)에스컬레이터-신촌 7번출구 하행1,1F-B1,7번 출입구,사용가능,ES,2026-08-07T05:48:55Z
0240,신촌,승강기)엘리베이터-신촌 4번 출구측 외부#1,B1-1F,4번 출입구,사용가능,EV,2026-08-07T05:48:55Z
0240,신촌,승강기)엘리베이터-신촌 6번 출구측 외부#2,B1-1F,6번 출입구,사용가능,EV,2026-08-07T05:48:55Z
0240,신촌,승강기)엘리베이터-신촌 내선 4-4 내부#2,B2-B1,이대 방면4-4,사용가능,EV,2026-08-07T05:48:55Z
0240,신촌,승강기)엘리베이터-신촌 외선 8-4 내부#1,B2-B1,홍대입구 방면6-4,사용가능,EV,2026-08-07T05:48:55Z
0241,이대,승강기)에스컬레이터-이대 내부 1호기,B2-B3,"아현 방면9-3, 신촌 방면2-2",사용가능,ES,2026-08-07T05:48:55Z
0241,이대,승강기)에스컬레이터-이대 내부 2호기,B3-B2,"신촌 방면2-2, 아현 방면9-3",사용가능,ES,2026-08-07T05:48:55Z
0241,이대,승강기)에스컬레이터-이대 내부 3호기,B2-B3,"아현 방면2-2, 신촌 방면9-3",사용가능,ES,2026-08-07T05:48:55Z
0241,이대,승강기)에스컬레이터-이대 내부 4호기,B3-B2,"신촌 방면9-3, 아현 방면2-2",사용가능,ES,2026-08-07T05:48:55Z
0241,이대,승강기)엘리베이터-이대 6번 출구측 외부#1,B1-1F,6번 출입구,사용가능,EV,2026-08-07T05:48:55Z
0241,이대,승강기)엘리베이터-이대 섬식(외)2-2 내부#1,B2-B1,"신촌 방면2-2, 아현 방면9-3",사용가능,EV,2026-08-07T05:48:55Z
0241,이대,승강기)엘리베이터-이대역 2번 출구측 외부#2,B1-1F,2번 출입구,사용가능,EV,2026-08-07T05:48:55Z
0242,아현,승강기)에스컬레이터-아현 1번출구 1호기,1F-B1,1번 출입구,사용가능,ES,2026-08-07T05:48:55Z
0242,아현,승강기)에스컬레이터-아현 1번출구 2호기,B1-1F,1번 출입구,사용가능,ES,2026-08-07T05:48:55Z
0242,아현,승강기)엘리베이터-아현 1번 출구측 외부#2,B1-1F,1번 출입구,사용가능,EV,2026-08-07T05:48:55Z
0242,아현,승강기)엘리베이터-아현 3번 출구측 외부#1,B1-1F,3번 출입구,사용가능,EV,2026-08-07T05:48:55Z
0242,아현,승강기)엘리베이터-아현 내선 4-3 내부#2,B2-B1,충정로 방면4-3,사용가능,EV,2026-08-07T05:48:55Z
0242,아현,승강기)엘리베이터-아현 외선 7-2 내부#1,B2-B1,이대 방면7-2,사용가능,EV,2026-08-07T05:48:55Z
0243,충정로(2),승강기)에스컬레이터-충정로(2) 내부 1호기,B2-B3,"시청 방면7-1, 아현 방면4-4",사용가능,ES,2026-08-07T05:48:55Z
0243,충정로(2),승강기)에스컬레이터-충정로(2) 내부 2호기,B3-B2,"아현 방면4-4, 시청 방면7-1",사용가능,ES,2026-08-07T05:48:55Z
0243,충정로(2),승강기)에스컬레이터-충정로(2) 내부 3호기,B1-B2,"1,2,5,6번 출입구",사용가능,ES,2026-08-07T05:48:55Z
0243,충정로(2),승강기)에스컬레이터-충정로(2) 내부 4호기,B2-B1,"1,2,5,6번 출입구",사용가능,ES,2026-08-07T05:48:55Z
0243,충정로(2),승강기)엘리베이터-충정로 5번 출구측 외부#1,B2-1F,5번 출입구,사용가능,EV,2026-08-07T05:48:55Z
0243,충정로(2),승강기)엘리베이터-충정로 섬식(외)2-1 내부#1,B3-B2,"아현 방면2-1, 시청 방면9-4",사용가능,EV,2026-08-07T05:48:55Z
0244,용답,승강기)엘리베이터-성수방면 3-3 내부2호기,2F-3F,성수방면3-3,사용가능,EV,2026-08-07T05:48:55Z
0244,용답,승강기)엘리베이터-신답방면 2-2 내부1호기,2F-3F,신답방면2-2,사용가능,EV,2026-08-07T05:48:55Z
0244,용답,승강기)휠체어리프트-용답 대합실 내부2,1F-2F,신답 방면1-4,사용가능,WL,2026-08-07T05:48:55Z
0245,신답,승강기)엘리베이터-신답 내선 3-2 내부#2,1F-2F,용답 방면3-2,사용가능,EV,2026-08-07T05:48:55Z
0245,신답,승강기)엘리베이터-신답 외선 2-4 내부#1,1F-2F,용두 방면2-4,사용가능,EV,2026-08-07T05:48:55Z
0246,신설동(2),승강기)엘리베이터-신설동(2) 9번 출구측 외부#1,B1-1F,9번 출입구,보수중,EV,2026-08-07T05:48:55Z
0246,신설동(2),승강기)엘리베이터-신설동(2) 섬식(외) 4-3 내부#1,B2-B1,신설동 방면4-4,사용가능,EV,2026-08-07T05:48:55Z
0246,신설동(2),엘리베이터-신설동(2) 외부 E/L 외부2,B2-1F,9번 출입구,사용가능,EV,2026-08-07T05:48:55Z
0247,도림천,승강기)엘리베이터-도림천 1~2번 출구측 외부#1,B3-B2-B1,양천구청 방면2-4,사용가능,EV,2026-08-07T05:48:55Z
0247,도림천,승강기)엘리베이터-도림천 섬식(지) 4-4 내부#1,B3-B2,신도림 방면4-4,사용가능,EV,2026-08-07T05:48:55Z
0248,양천구청,승강기)에스컬레이터-양천구청 1번 출입구 1호기,1F-B1,2번 출입구,사용가능,ES,2026-08-07T05:48:55Z
0248,양천구청,승강기)에스컬레이터-양천구청 1번 출입구 2호기,B1-1F,2번 출입구,사용가능,ES,2026-08-07T05:48:55Z
0248,양천구청,승강기)엘리베이터-양천구청 1번 출구측 외부#1,B1-1F,1번 출입구,사용가능,EV,2026-08-07T05:48:55Z
0248,양천구청,승강기)엘리베이터-양천구청 내선 3-3 내부#2,B2-B1,도림천 방면3-3,사용가능,EV,2026-08-07T05:48:55Z
0248,양천구청,승강기)엘리베이터-양천구청 외선 4-1 내부#1,B2-B1,신정네거리 방면4-1,사용가능,EV,2026-08-07T05:48:55Z
0249,신정네거리,승강기)에스컬레이터-신정네거리 1번출구 1호기,1F-B1,1번 출입구,사용가능,ES,2026-08-07T05:48:55Z
0249,신정네거리,승강기)에스컬레이터-신정네거리 1번출구 2호기,B1-1F,1번 출입구,사용가능,ES,2026-08-07T05:48:55Z
0249,신정네거리,승강기)에스컬레이터-신정네거리 2번출구 3호기,1F-B1,2번 출입구,사용가능,ES,2026-08-07T05:48:55Z
0249,신정네거리,승강기)에스컬레이터-신정네거리 2번출구 4호기,B1-1F,2번 출입구,사용가능,ES,2026-08-07T05:48:55Z
0249,신정네거리,"승강기)엘리베이터-신정네거리 2,3번출구측 외부#1",B2-1F,2번 출입구,사용가능,EV,2026-08-07T05:48:55Z
0249,신정네거리,승강기)엘리베이터-신정네거리 내선 3-4 내부#2,B3-B2,양천구청 방면3-4,사용가능,EV,2026-08-07T05:48:55Z
0249,신정네거리,승강기)엘리베이터-신정네거리 외선 4-1 내부#1,B3-B2,까치산 방면4-1,사용가능,EV,2026-08-07T05:48:55Z
0249,신정네거리,"승강기)휠체어리프트-신정네거리 2,3번 출구 내부1",B2-B3,"2,3번 출입구",사용가능,WL,2026-08-07T05:48:55Z
0250,용두,승강기)에스컬레이터-용두 1번출구 3호기,1F-B2,1번 출입구,사용가능,ES,2026-08-07T05:48:55Z
0250,용두,승강기)에스컬레이터-용두 1번출구 4호기,B2-1F,1번 출입구,사용가능,ES,2026-08-07T05:48:55Z
0250,용두,승강기)에스컬레이터-용두 2번출구 5호기,1F-B2,2번 출입구,사용가능,ES,2026-08-07T05:48:55Z
0250,용두,승강기)에스컬레이터-용두 2번출구 6호기,B2-1F,2번 출입구,사용가능,ES,2026-08-07T05:48:55Z
0250,용두,승강기)에스컬레이터-용두 3번출구 7호기,1F-B2,3번 출입구,사용가능,ES,2026-08-07T05:48:55Z
0250,용두,승강기)에스컬레이터-용두 3번출구 8호기,B2-1F,3번 출입구,사용가능,ES,2026-08-07T05:48:55Z
0250,용두,승강기)에스컬레이터-용두 4번출구 10호기,B2-1F,4번 출입구,사용가능,ES,2026-08-07T05:48:55Z
0250,용두,승강기)에스컬레이터-용두 4번출구 9호기,1F-B2,4번 출입구,사용가능,ES,2026-08-07T05:48:55Z
0250,용두,승강기)에스컬레이터-용두 5번출구 11호기,1F-B2,5번 출입구,사용가능,ES,2026-08-07T05:48:55Z
0250,용두,승강기)에스컬레이터-용두 5번출구 12호기,B2-1F,5번 출입구,사용가능,ES,2026-08-07T05:48:55Z
0250,용두,승강기)에스컬레이터-용두 성수방향(3-1) 2호기,B3-B2,신답 방면3-1,사용가능,ES,2026-08-07T05:48:55Z
0250,용두,승강기)에스컬레이터-용두 신설동방향(2-4) 1호기,B3-B2,신설동 방면2-4,사용가능,ES,2026-08-07T05:48:55Z
0250,용두,승강기)엘리베이터-용두 3번 출구측 외부#1,B1-1F,3번 출입구,사용가능,EV,2026-08-07T05:48:55Z
0250,용두,승강기)엘리베이터-용두 4번 출구측 외부#2,B1-1F,4번 출입구,사용가능,EV,2026-08-07T05:48:55Z
0250,용두,승강기)엘리베이터-용두 내선 4-3 내부#2,B2-B1,신답 방면1-1,사용가능,EV,2026-08-07T05:48:55Z
0250,용두,승강기)엘리베이터-용두 외선 1-1 내부#1,B2-B1,신설동 방면4-3,보수중,EV,2026-08-07T05:48:55Z
0309,지축,승강기)엘리베이터-지축 섬식(상) 2-1 내부#1,1F-2F,"삼송 방면9-3, 구파발 방면2-2",사용가능,EV,2026-08-07T05:48:55Z
0310,구파발,승강기)에스컬레이터-구파발 3번출구 1호기,1F-B1,3번 출입구,사용가능,ES,2026-08-07T05:48:55Z
0310,구파발,승강기)에스컬레이터-구파발 3번출구 2호기,B1-1F,3번 출입구,사용가능,ES,2026-08-07T05:48:55Z
0310,구파발,승강기)에스컬레이터-구파발역 2번출구 3호기,B1-1F,2번 출입구,사용가능,ES,2026-08-07T05:48:55Z
0310,구파발,승강기)에스컬레이터-구파발역 2번출구 4호기,1F-B1,2번 출입구,사용가능,ES,2026-08-07T05:48:55Z
0310,구파발,승강기)엘리베이터-구파발 1번 출구측 외부#1,B1-1F,1번 출입구,사용가능,EV,2026-08-07T05:48:55Z
0310,구파발,승강기)엘리베이터-구파발 섬식(상) 5-3 내부#1,B2-B1,"지축 방면5-3, 연신내 방면6-2",사용가능,EV,2026-08-07T05:48:55Z
0311,연신내(3),승강기)에스컬레이터-연신내(3) 2번출구 상행2,B1-1F,2번 출입구,사용가능,ES,2026-08-07T05:48:55Z
0311,연신내(3),승강기)에스컬레이터-연신내(3) 2번출구 하행1,1F-B1,2번 출입구,보수중,ES,2026-08-07T05:48:55Z
0311,연신내(3),승강기)에스컬레이터-연신내(3) 4번출구 상행4,B1-1F,4번 출입구,보수중,ES,2026-08-07T05:48:55Z
0311,연신내(3),승강기)에스컬레이터-연신내(3) 4번출구 하행3,1F-B1,4번 출입구,사용가능,ES,2026-08-07T05:48:55Z
0311,연신내(3),승강기)엘리베이터-연신내 섬식(상) 6-1 내부#1,B2-B1,"구파발 방면6-1, 불광 방면5-4",사용가능,EV,2026-08-07T05:48:55Z
0312,불광(3),승강기)에스컬레이터-불광(3) 5번출구 상행2,B1-1F,5번 출입구,사용가능,ES,2026-08-07T05:48:55Z
0312,불광(3),승강기)에스컬레이터-불광(3) 5번출구 하행1,1F-B1,5번 출입구,사용가능,ES,2026-08-07T05:48:55Z
0312,불광(3),승강기)엘리베이터-불광 1번 출구측 외부#1,B1-1F,1번 출입구,사용가능,EV,2026-08-07T05:48:55Z
0312,불광(3),승강기)엘리베이터-불광 상행 3-3 내부#1,B2-B1,연신내 방면3-3,사용가능,EV,2026-08-07T05:48:55Z
0312,불광(3),승강기)엘리베이터-불광 하행 8-2 내부#2,B2-B1,녹번 방면8-2,사용가능,EV,2026-08-07T05:48:55Z
0312,불광(3),승강기)엘리베이터-불광(3) 3번 출구측 외부#2,B1-1F,3번 출입구,사용가능,EV,2026-08-07T05:48:55Z
0313,녹번,승강기)에스컬레이터-녹번 1번출구 1호기,1F-B1,1번 출입구,사용가능,ES,2026-08-07T05:48:55Z
0313,녹번,승강기)에스컬레이터-녹번 1번출구 2호기,B1-1F,1번 출입구,사용가능,ES,2026-08-07T05:48:55Z
0313,녹번,승강기)엘리베이터-녹번 1번출구 외부#2,B1-1F,1번 출입구,사용가능,EV,2026-08-07T05:48:55Z
0313,녹번,승강기)엘리베이터-녹번 3번 출구측 외부#1,B1-1F,3번 출입구,사용가능,EV,2026-08-07T05:48:55Z
0313,녹번,승강기)엘리베이터-녹번 섬식(상) 3-1 내부#1,B2-B1,"불광 방면3-1, 홍제 방면8-4",사용가능,EV,2026-08-07T05:48:55Z
0314,홍제,승강기)엘리베이터-홍제 1번 출구측 외부#2,B1-1F,1번 출입구,사용가능,EV,2026-08-07T05:48:55Z
0314,홍제,승강기)엘리베이터-홍제 4번 출구측 외부#1,B2-1F,4번 출입구,사용가능,EV,2026-08-07T05:48:55Z
0314,홍제,승강기)엘리베이터-홍제 섬식(상) 3-4 내부#1,B3-B2,"녹번 방면3-4, 무악재 방면8-1",사용가능,EV,2026-08-07T05:48:55Z
0315,무악재,승강기)엘리베이터-무악재 1번 출구측 외부#1,B2-1F,1번 출입구,사용가능,EV,2026-08-07T05:48:55Z
0315,무악재,승강기)엘리베이터-무악재 상행 3-3 내부#1,B3-B2,홍제 방면3-3,사용가능,EV,2026-08-07T05:48:55Z
0315,무악재,승강기)엘리베이터-무악재 하행 8-2 내부#2,B3-B2,독립문 방면8-2,사용가능,EV,2026-08-07T05:48:55Z
0316,독립문,승강기)에스컬레이터-독립문 3-1번출구 5호기,1F-B1,3-1번 출입구,사용가능,ES,2026-08-07T05:48:55Z
0316,독립문,승강기)에스컬레이터-독립문 3-1번출구 6호기,B1-1F,3-1번 출입구,사용가능,ES,2026-08-07T05:48:55Z
0316,독립문,승강기)에스컬레이터-독립문 4번 출입구 7호기,1F-B1,4번 출입구,사용가능,ES,2026-08-07T05:48:55Z
0316,독립문,승강기)에스컬레이터-독립문 4번 출입구 8호기,B1-1F,4번 출입구,사용가능,ES,2026-08-07T05:48:55Z
0316,독립문,승강기)에스컬레이터-독립문 내부 1호기,B2-B3,"무악재 방면4-4, 경복궁 방면7-1",사용가능,ES,2026-08-07T05:48:55Z
0316,독립문,승강기)에스컬레이터-독립문 내부 2호기,B2-B3,"무악재 방면7-4, 경복궁 방면4-1",사용가능,ES,2026-08-07T05:48:55Z
0316,독립문,승강기)에스컬레이터-독립문 내부 3호기,B2-B1,대합실(5번 출입구),사용가능,ES,2026-08-07T05:48:55Z
0316,독립문,승강기)에스컬레이터-독립문 내부 4호기,B1-B2,대합실(5번 출입구),사용가능,ES,2026-08-07T05:48:55Z
0316,독립문,승강기)엘리베이터-독립문 4번 출구측 외부#1,B2-1F,4번 출입구,사용가능,EV,2026-08-07T05:48:55Z
0316,독립문,승강기)엘리베이터-독립문 섬식(상) 9-1 내부#1,B3-B2,"무악재 방면9-1, 경복궁 방면2-4",사용가능,EV,2026-08-07T05:48:55Z
0317,경복궁,승강기)에스컬레이터-경복궁 3-1번출구 10호기,B1-1F,3-1번 출입구,사용가능,ES,2026-08-07T05:48:55Z
0317,경복궁,승강기)에스컬레이터-경복궁 3-1번출구 9호기,1F-B1,3-1번 출입구,보수중,ES,2026-08-07T05:48:55Z
0317,경복궁,승강기)에스컬레이터-경복궁 내부 1호기,B2-B3,"안국 방면9-1, 독립문 방면2-4",보수중,ES,2026-08-07T05:48:55Z
0317,경복궁,승강기)에스컬레이터-경복궁 내부 2호기,B3-B2,"독립문 방면2-4, 안국 방면9-1",사용가능,ES,2026-08-07T05:48:55Z
0317,경복궁,승강기)에스컬레이터-경복궁 내부 3호기,B3-B2,"안국 방면3-2, 독립문 방면8-3",보수중,ES,2026-08-07T05:48:55Z
0317,경복궁,승강기)에스컬레이터-경복궁 내부 4호기,B2-B3,"안국 방면3-2, 독립문 방면8-3",사용가능,ES,2026-08-07T05:48:55Z
0317,경복궁,승강기)에스컬레이터-경복궁 내부 5호기,B1-B2,대합실(E계단),사용가능,ES,2026-08-07T05:48:55Z
0317,경복궁,승강기)에스컬레이터-경복궁 내부 6호기,B2-B1,대합실(E계단),사용가능,ES,2026-08-07T05:48:55Z
0317,경복궁,승강기)에스컬레이터-경복궁 내부 7호기,B1-B2,대합실(H계단),사용가능,ES,2026-08-07T05:48:55Z
0317,경복궁,승강기)에스컬레이터-경복궁 내부 8호기,B2-B1,대합실(H계단),사용가능,ES,2026-08-07T05:48:55Z
0317,경복궁,승강기)엘리베이터-경복궁 4번 출구측 외부#1,B2-1F,4번 출입구,사용가능,EV,2026-08-07T05:48:55Z
0317,경복궁,승강기)엘리베이터-경복궁 섬식(상) 6-2 내부#1,B3-B2,"독립문 방면6-2, 안국 방면5-3",사용가능,EV,2026-08-07T05:48:55Z
0318,안국,승강기)에스컬레이터-안국 5번출구 10호기,B1-1F,5번 출입구,사용가능,ES,2026-08-07T05:48:55Z
0318,안국,승강기)에스컬레이터-안국 5번출구 9호기,1F-B1,5번 출입구,사용가능,ES,2026-08-07T05:48:55Z
0318,안국,승강기)에스컬레이터-안국 내부 1호기,B3-B4,"종로3가 방면7-2, 경복궁 방면4-3",사용가능,ES,2026-08-07T05:48:55Z
0318,안국,승강기)에스컬레이터-안국 내부 2호기,B4-B3,"경복궁 방면4-3, 종로3가 방면7-2",사용가능,ES,2026-08-07T05:48:55Z
0318,안국,승강기)에스컬레이터-안국 내부 3호기,B3-B4,"종로3가 방면4-4, 경복궁 방면7-1",사용가능,ES,2026-08-07T05:48:55Z
0318,안국,승강기)에스컬레이터-안국 내부 4호기,B4-B3,"경복궁 방면7-1, 종로3가 방면4-4",사용가능,ES,2026-08-07T05:48:55Z
0318,안국,승강기)에스컬레이터-안국 내부 5호기,B2-B3,대합실(5-1번 출입구),사용가능,ES,2026-08-07T05:48:55Z
0318,안국,승강기)에스컬레이터-안국 내부 6호기,B3-B2,대합실(5-1번 출입구),사용가능,ES,2026-08-07T05:48:55Z
0318,안국,승강기)에스컬레이터-안국 내부 7호기,B2-B3,"대합실(2,3,4,5번 출입구)",사용가능,ES,2026-08-07T05:48:55Z
0318,안국,승강기)에스컬레이터-안국 내부 8호기,B3-B2,"대합실(2,3,4,5번 출입구)",사용가능,ES,2026-08-07T05:48:55Z
0318,안국,승강기)엘리베이터-안국 6번 출구측 외부#1,B2-1F,6번 출입구,사용가능,EV,2026-08-07T05:48:55Z
0318,안국,승강기)엘리베이터-안국 섬식(상) 3-2 내부#1,B3-B2,"경복궁 방면3-2, 종로3가 방면8-3",사용가능,EV,2026-08-07T05:48:55Z
0319,종로3가(3),승강기)무빙워크-종로3가(3) 1호선연결통로 1,B3-B3,환승통로(1호선 방면),사용가능,MW,2026-08-07T05:48:55Z
0319,종로3가(3),승강기)무빙워크-종로3가(3) 5호선연결통로 2,B3-B3,환승통로(5호선 방면),사용가능,MW,2026-08-07T05:48:55Z
0319,종로3가(3),승강기)에스컬레이터-종로3가(3) 1호선연결통로 2호기,B4-B2,환승통로(을지로3가 방면1-1 안국 방면10-4),사용가능,ES,2026-08-07T05:48:55Z
0319,종로3가(3),승강기)에스컬레이터-종로3가(3) 2-1출구 6호기,B3-B1,환승통로(3호선 방면),보수중,ES,2026-08-07T05:48:55Z
0319,종로3가(3),"승강기)에스컬레이터-종로3가(3) 3,5연결통로 3호기",B1-B3,환승통로(5호선 방면),사용가능,ES,2026-08-07T05:48:55Z
0319,종로3가(3),"승강기)에스컬레이터-종로3가(3) 3,5연결통로 4호기",B3-B1,환승통로(5호선 방면),사용가능,ES,2026-08-07T05:48:55Z
0319,종로3가(3),승강기)에스컬레이터-종로3가(3) 3호선연결통 5호기,B1-B3,환승통로(안국 방면9-1 을지로3가 방면2-4),사용가능,ES,2026-08-07T05:48:55Z
0319,종로3가(3),승강기)에스컬레이터-종로3가(3) 3호선연결통로 1호기,B2-B4,환승통로(을지로3가 방면1-1 안국 방면10-4),사용가능,ES,2026-08-07T05:48:55Z
0319,종로3가(3),승강기)엘리베이터-종로3가(3) 7번 출구측 외부#1,B1-1F,8번 출입구,사용가능,EV,2026-08-07T05:48:55Z
0319,종로3가(3),승강기)엘리베이터-종로3가(3) 섬식(상) 4-4 내부#1,B4-B2,"안국 방면4-3, 을지로3가 방면7-1",사용가능,EV,2026-08-07T05:48:55Z
0320,을지로3가(3),승강기)에스컬레이터-을지로3가(3) 내부 1호기,B3-B2,"종로3가 방면4-2, 충무로 방면7-4",사용가능,ES,2026-08-07T05:48:55Z
0320,을지로3가(3),승강기)에스컬레이터-을지로3가(3) 내부 2호기,B3-B2,"충무로 방면4-3, 종로3가 방면7-2",사용가능,ES,2026-08-07T05:48:55Z
0320,을지로3가(3),승강기)엘리베이터-을지로3가(3) 10번 출구측 외부#1,B1-1F,10번 출입구,사용가능,EV,2026-08-07T05:48:55Z
0320,을지로3가(3),승강기)엘리베이터-을지로3가(3) 섬식(상) 6-3 내부#1,B3-B2-B1,"종로3가 방면6-3, 충무로 방면5-2",사용가능,EV,2026-08-07T05:48:55Z
0322,동대입구,승강기)에스컬레이터-동대입구 5번출구 상행 4,B1-1F,5번 출입구,사용가능,ES,2026-08-07T05:48:55Z
0322,동대입구,승강기)에스컬레이터-동대입구 5번출구 하행 3,1F-B1,5번 출입구,사용가능,ES,2026-08-07T05:48:55Z
0322,동대입구,승강기)에스컬레이터-동대입구 6번출구 상행 2,B2-1F,6번 출입구,사용가능,ES,2026-08-07T05:48:55Z
0322,동대입구,승강기)에스컬레이터-동대입구 6번출구 하행 1,1F-B2,6번 출입구,사용가능,ES,2026-08-07T05:48:55Z
0322,동대입구,승강기)엘리베이터-동대입구 2번 출구측 외부#2,B2-1F,2번 출입구,사용가능,EV,2026-08-07T05:48:55Z
0322,동대입구,승강기)엘리베이터-동대입구 5번 출구쪽 내부#2,B2-B1,"대합실(F계단 측, 3~5번 출입구 방향)",사용가능,EV,2026-08-07T05:48:55Z
0322,동대입구,승강기)엘리베이터-동대입구 6번 출구측 외부#1,B2-1F,6번 출입구,사용가능,EV,2026-08-07T05:48:55Z
0322,동대입구,승강기)엘리베이터-동대입구 섬식(상) 3-3 내부#1,B3-B2,"충무로 방면3-1, 약수 방면8-4",사용가능,EV,2026-08-07T05:48:55Z
0323,약수(3),승강기)에스컬레이터-약수 5번출구 상행2,B1-1F,5번 출입구,사용가능,ES,2026-08-07T05:48:55Z
0323,약수(3),승강기)에스컬레이터-약수 5번출구 하행1,1F-B1,5번 출입구,사용가능,ES,2026-08-07T05:48:55Z
0323,약수(3),승강기)엘리베이터-약수 3번 출구측 외부#1,B1-1F,3번 출입구,사용가능,EV,2026-08-07T05:48:55Z
0323,약수(3),승강기)엘리베이터-약수 섬식(상) 8-4 내부#1,B2-B1,"동대입구 방면8-4, 금호 방면3-1",보수중,EV,2026-08-07T05:48:55Z
0324,금호,승강기)에스컬레이터-금호 2번출구 상행2,B1-1F,3번 출입구,사용가능,ES,2026-08-07T05:48:55Z
0324,금호,승강기)에스컬레이터-금호 2번출구 하행1,1F-B1,3번 출입구,사용가능,ES,2026-08-07T05:48:55Z
0324,금호,승강기)에스컬레이터-금호 3번출구 상행4,B1-1F,2번 출입구,사용가능,ES,2026-08-07T05:48:55Z
0324,금호,승강기)에스컬레이터-금호 3번출구 하행3,1F-B1,2번 출입구,사용가능,ES,2026-08-07T05:48:55Z
0324,금호,승강기)에스컬레이터-금호 4번 출입구 상행 6호기,B1-1F,4번 출입구,사용가능,ES,2026-08-07T05:48:55Z
0324,금호,승강기)에스컬레이터-금호 4번 출입구 하행 5호기,1F-B1,4번 출입구,사용가능,ES,2026-08-07T05:48:55Z
0324,금호,승강기)엘리베이터-금호 2번 출구측 외부#1,B1-1F,2번 출입구,사용가능,EV,2026-08-07T05:48:55Z
0324,금호,승강기)엘리베이터-금호 3번출구측 외부#2,B1-1F,3번 출입구 측,사용가능,EV,2026-08-07T05:48:55Z
0324,금호,승강기)엘리베이터-금호 섬식(상) 3-2 내부#1,B2-B1,"약수 방면3-2, 옥수 방면8-3",사용가능,EV,2026-08-07T05:48:55Z
0325,옥수(3),승강기)에스컬레이터-옥수(3) 3번출구 3호기,1F-2F,3번 출입구,사용가능,ES,2026-08-07T05:48:55Z
0325,옥수(3),승강기)에스컬레이터-옥수(3) 3번출구 4호기,2F-1F,3번 출입구,사용가능,ES,2026-08-07T05:48:55Z
0325,옥수(3),승강기)에스컬레이터-옥수(3) 4번출구 1호기,2F-1F,4번 출입구,사용가능,ES,2026-08-07T05:48:55Z
0325,옥수(3),승강기)에스컬레이터-옥수(3) 4번출구 2호기,1F-2F,4번 출입구,사용가능,ES,2026-08-07T05:48:55Z
0325,옥수(3),"승강기)엘리베이터-옥수 4,5번출구측 외부#1",1F-2F,"5,6번 출입구",사용가능,EV,2026-08-07T05:48:55Z
0325,옥수(3),승강기)엘리베이터-옥수 상행 10-1 내부#1,2F-3F,금호 방면10-1,사용가능,EV,2026-08-07T05:48:55Z
0325,옥수(3),승강기)엘리베이터-옥수 하행 1-2 내부#2,2F-3F,압구정 방면1-2,사용가능,EV,2026-08-07T05:48:55Z
0326,압구정,승강기)에스컬레이터-압구정 1번출구 상행2,B1-1F,5번 출입구,사용가능,ES,2026-08-07T05:48:55Z
0326,압구정,승강기)에스컬레이터-압구정 1번출구 하행1,1F-B1,1번 출입구,사용가능,ES,2026-08-07T05:48:55Z
0326,압구정,승강기)에스컬레이터-압구정 3번 출입구 6호기,1F-BM1,3번 출입구,사용가능,ES,2026-08-07T05:48:55Z
0326,압구정,승강기)에스컬레이터-압구정 3번 출입구 7호기,BM1-1F,3번 출입구,사용가능,ES,2026-08-07T05:48:55Z
0326,압구정,승강기)에스컬레이터-압구정 3번출구 상행4,1F-B1,3번 출입구,사용가능,ES,2026-08-07T05:48:55Z
0326,압구정,승강기)에스컬레이터-압구정 3번출구 하행5,B2-B1,3번 출입구,사용가능,ES,2026-08-07T05:48:55Z
0326,압구정,승강기)에스컬레이터-압구정 5번출구 상행3,B1-1F,1번 출입구,사용가능,ES,2026-08-07T05:48:55Z
0326,압구정,승강기)에스컬레이터-압구정 6번출구 상행8,B1-1F,6번 출입구,사용가능,ES,2026-08-07T05:48:55Z
0326,압구정,승강기)에스컬레이터-압구정 6번출구 하행9,1F-B1,6번 출입구,사용가능,ES,2026-08-07T05:48:55Z
0326,압구정,승강기)엘리베이터-압구정 2번 출구측 외부#2,B1-1F,3번 출입구,사용가능,EV,2026-08-07T05:48:55Z
0326,압구정,승강기)엘리베이터-압구정 상행 8-2 내부#1,B2-B1,옥수 방면8-2,사용가능,EV,2026-08-07T05:48:55Z
0326,압구정,승강기)엘리베이터-압구정 외부#1,B1-1F,2번 출입구,사용가능,EV,2026-08-07T05:48:55Z
0326,압구정,승강기)엘리베이터-압구정 하행 3-2 내부#2,B2-B1,신사 방면3-2,사용가능,EV,2026-08-07T05:48:55Z
0327,신사,승강기)에스컬레이터-신사 5번출구 상행4,B1-1F,5번 출입구,사용가능,ES,2026-08-07T05:48:55Z
0327,신사,승강기)에스컬레이터-신사 5번출구 상행6,B1-1F,5번 출입구,보수중,ES,2026-08-07T05:48:55Z
0327,신사,승강기)에스컬레이터-신사 5번출구 하행3,1F-B1,5번 출입구,사용가능,ES,2026-08-07T05:48:55Z
0327,신사,승강기)에스컬레이터-신사 5번출구 하행5,1F-B1,5번 출입구,사용가능,ES,2026-08-07T05:48:55Z
0327,신사,승강기)에스컬레이터-신사 8번출구 상행2,B1-1F,8번 출입구,사용가능,ES,2026-08-07T05:48:55Z
0327,신사,승강기)에스컬레이터-신사 8번출구 하행1,1F-B1,8번 출입구,사용가능,ES,2026-08-07T05:48:55Z
0327,신사,승강기)엘리베이터-신사 1번 출구측 외부#1,B1-1F,1번 출입구,사용가능,EV,2026-08-07T05:48:55Z
0327,신사,승강기)엘리베이터-신사 8번 출구측 외부#2,B1-1F,8번 출입구,사용가능,EV,2026-08-07T05:48:55Z
0327,신사,승강기)엘리베이터-신사 상행 3-1 내부#1,B2-B1,압구정 방면3-1,사용가능,EV,2026-08-07T05:48:55Z
0327,신사,승강기)엘리베이터-신사 하행 8-3 내부#2,B2-B1,잠원 방면8-3,사용가능,EV,2026-08-07T05:48:55Z
0328,잠원,승강기)에스컬레이터-잠원 2번출구 1호기,B1-1F,2번 출입구,사용가능,ES,2026-08-07T05:48:55Z
0328,잠원,승강기)에스컬레이터-잠원 2번출구 2호기,1F-B1,2번 출입구,사용가능,ES,2026-08-07T05:48:55Z
0328,잠원,승강기)엘리베이터-잠원 1번 출구측 외부#1,B1-1F,1번 출입구,보수중,EV,2026-08-07T05:48:55Z
0328,잠원,승강기)엘리베이터-잠원 상행 3-3 내부#1,B2-B1,신사 방면3-3,사용가능,EV,2026-08-07T05:48:55Z
0328,잠원,승강기)엘리베이터-잠원 하행 8-2 내부#2,B2-B1,고속터미널 방면8-2,사용가능,EV,2026-08-07T05:48:55Z
0329,고속터미널(3),승강기)에스컬레이터-고속터미널 내부 10호기,B2-B3,교대 방면2-3,사용가능,ES,2026-08-07T05:48:55Z
0329,고속터미널(3),승강기)에스컬레이터-고속터미널 내부 11호기,B2-B3,교대 방면4-3,사용가능,ES,2026-08-07T05:48:55Z
0329,고속터미널(3),승강기)에스컬레이터-고속터미널 내부 12호기,B3-B2,교대 방면4-3,사용가능,ES,2026-08-07T05:48:55Z
0329,고속터미널(3),승강기)에스컬레이터-고속터미널 내부 13호기,B2-B3,교대 방면7-2,사용가능,ES,2026-08-07T05:48:55Z
0329,고속터미널(3),승강기)에스컬레이터-고속터미널 내부 14호기,B3-B2,교대 방면7-2,사용가능,ES,2026-08-07T05:48:55Z
0329,고속터미널(3),승강기)에스컬레이터-고속터미널 내부 15호기,B2-B3,교대 방면9-2,사용가능,ES,2026-08-07T05:48:55Z
0329,고속터미널(3),승강기)에스컬레이터-고속터미널 내부 16호기,B3-B2,교대 방면9-2,보수중,ES,2026-08-07T05:48:55Z
0329,고속터미널(3),승강기)에스컬레이터-고속터미널 내부 17호기,B1-B2,환승통로(경부선 방면),사용가능,ES,2026-08-07T05:48:55Z
0329,고속터미널(3),승강기)에스컬레이터-고속터미널 내부 18호기,B2-B1,환승통로(경부선 방면),사용가능,ES,2026-08-07T05:48:55Z
0329,고속터미널(3),승강기)에스컬레이터-고속터미널 내부 19호기,B1-B2,환승통로(경부선 방면),사용가능,ES,2026-08-07T05:48:55Z
0329,고속터미널(3),승강기)에스컬레이터-고속터미널 내부 1호기,B2-B3,잠원 방면2-3,사용가능,ES,2026-08-07T05:48:55Z
0329,고속터미널(3),승강기)에스컬레이터-고속터미널 내부 20호기,B2-B1,환승통로(경부선 방면),사용가능,ES,2026-08-07T05:48:55Z
0329,고속터미널(3),승강기)에스컬레이터-고속터미널 내부 21호기,B1-B2,환승통로(경부선 방면),사용가능,ES,2026-08-07T05:48:55Z
0329,고속터미널(3),승강기)에스컬레이터-고속터미널 내부 22호기,B2-B1,환승통로(경부선 방면),사용가능,ES,2026-08-07T05:48:55Z
0329,고속터미널(3),승강기)에스컬레이터-고속터미널 내부 23호기,B1-B2,환승통로(경부선 방면),사용가능,ES,2026-08-07T05:48:55Z
0329,고속터미널(3),승강기)에스컬레이터-고속터미널 내부 24호기,B2-B1,환승통로(경부선 방면),사용가능,ES,2026-08-07T05:48:55Z
0329,고속터미널(3),승강기)에스컬레이터-고속터미널 내부 2호기,B3-B2,잠원 방면2-3,사용가능,ES,2026-08-07T05:48:55Z
0329,고속터미널(3),승강기)에스컬레이터-고속터미널 내부 3호기,B3-B2,잠원 방면4-3,사용가능,ES,2026-08-07T05:48:55Z
0329,고속터미널(3),승강기)에스컬레이터-고속터미널 내부 4호기,B2-B3,잠원 방면4-3,사용가능,ES,2026-08-07T05:48:55Z
0329,고속터미널(3),승강기)에스컬레이터-고속터미널 내부 5호기,B2-B3,잠원 방면7-2,사용가능,ES,2026-08-07T05:48:55Z
0329,고속터미널(3),승강기)에스컬레이터-고속터미널 내부 6호기,B3-B2,잠원 방면7-2,사용가능,ES,2026-08-07T05:48:55Z
0329,고속터미널(3),승강기)에스컬레이터-고속터미널 내부 7호기,B2-B3,잠원 방면9-2,사용가능,ES,2026-08-07T05:48:55Z
0329,고속터미널(3),승강기)에스컬레이터-고속터미널 내부 8호기,B3-B2,잠원 방면9-2,사용가능,ES,2026-08-07T05:48:55Z
0329,고속터미널(3),승강기)에스컬레이터-고속터미널 내부 9호기,B3-B2,교대 방면2-3,사용가능,ES,2026-08-07T05:48:55Z
0329,고속터미널(3),승강기)엘리베이터-고속터미널 상행 8-2 내부#1,B3-B2,잠원 방면8-2,사용가능,EV,2026-08-07T05:48:55Z
0329,고속터미널(3),승강기)엘리베이터-고속터미널 하행 3-3 내부#2,B3-B2,교대 방면3-3,사용가능,EV,2026-08-07T05:48:55Z
0330,교대(3),승강기)에스컬레이터-교대(3) 상행(3-2) 2호기,B3-B2,"고속터미널 방면3-2, 남부터미널 방면8-3",사용가능,ES,2026-08-07T05:48:55Z
0330,교대(3),승강기)에스컬레이터-교대(3) 하행(8-3) 1호기,B2-B3,"고속터미널 방면3-2, 남부터미널 방면8-3",사용가능,ES,2026-08-07T05:48:55Z
0330,교대(3),승강기)엘리베이터-교대(3) #13출입구 외부엘리베이터 1호기,B1-1F,13번 출입구,사용가능,EV,2026-08-07T05:48:55Z
0330,교대(3),승강기)엘리베이터-교대(3) 섬식(상) 4-2 내부#1,B3-B2-B1,"고속터미널 방면4-2, 남부터미널 방면7-3",사용가능,EV,2026-08-07T05:48:55Z
0330,교대(3),승강기)휠체어리프트-교대(3) 연결계단 내부1,B1-B1,"B1층 2,3호선 연결계단",사용가능,WL,2026-08-07T05:48:55Z
0331,남부터미널,승강기)에스컬레이터-남부터미널 6번출구 상행2,B1-1F,6번 출입구,사용가능,ES,2026-08-07T05:48:55Z
0331,남부터미널,승강기)에스컬레이터-남부터미널 6번출구 하행1,1F-B1,6번 출입구,사용가능,ES,2026-08-07T05:48:55Z
0331,남부터미널,승강기)엘리베이터-남부터미널 5번 출구측 외부#1,B2-1F,5번 출입구,사용가능,EV,2026-08-07T05:48:55Z
0331,남부터미널,승강기)엘리베이터-남부터미널 상행 3-2 내부#1,B3-B2,교대 방면3-2,사용가능,EV,2026-08-07T05:48:55Z
0331,남부터미널,승강기)엘리베이터-남부터미널 하행 8-2 내부#2,B3-B2,양재 방면8-2,사용가능,EV,2026-08-07T05:48:55Z
0332,양재(3),승강기)에스컬레이터-양재 5번출구 상행2,B1-1F,5번 출입구,사용가능,ES,2026-08-07T05:48:55Z
0332,양재(3),승강기)에스컬레이터-양재 5번출구 하행1,1F-B1,5번 출입구,사용가능,ES,2026-08-07T05:48:55Z
0332,양재(3),승강기)엘리베이터 양재 1번 출입구 외부#3,B1-1F,1번 출입구,사용가능,EV,2026-08-07T05:48:55Z
0332,양재(3),승강기)엘리베이터-양재 11번 출구측 외부#2,B1-1F,11번 출입구,사용가능,EV,2026-08-07T05:48:55Z
0332,양재(3),승강기)엘리베이터-양재 4번 출구측 외부#1,B1-1F,4번 출입구,사용가능,EV,2026-08-07T05:48:55Z
0332,양재(3),승강기)엘리베이터-양재 상행 3-1 내부#1,B2-B1,남부터미널 방면3-1,사용가능,EV,2026-08-07T05:48:55Z
0332,양재(3),승강기)엘리베이터-양재 하행 8-4 내부#2,B2-B1,매봉 방면8-4,사용가능,EV,2026-08-07T05:48:55Z
0333,매봉,승강기)에스컬레이터-매봉 1번출구 상행4,B1-1F,1번 출입구,사용가능,ES,2026-08-07T05:48:55Z
0333,매봉,승강기)에스컬레이터-매봉 1번출구 하행3,1F-B1,1번 출입구,사용가능,ES,2026-08-07T05:48:55Z
0333,매봉,승강기)에스컬레이터-매봉 4번출구 상행2,B1-1F,4번 출입구,사용가능,ES,2026-08-07T05:48:55Z
0333,매봉,승강기)에스컬레이터-매봉 4번출구 하행1,1F-B1,4번 출입구,보수중,ES,2026-08-07T05:48:55Z
0333,매봉,승강기)엘리베이터-매봉 1번 출구측 외부#1,B1-1F,1번 출입구,사용가능,EV,2026-08-07T05:48:55Z
0333,매봉,승강기)엘리베이터-매봉 상행 5-4 내부#1,B2-B1,양재 방면5-4,사용가능,EV,2026-08-07T05:48:55Z
0333,매봉,승강기)엘리베이터-매봉 하행 6-1 내부#2,B2-B1,도곡 방면6-1,사용가능,EV,2026-08-07T05:48:55Z
0334,도곡(3),승강기)에스컬레이터-도곡 내부 1호기,B2-B4,매봉 방면4-1,사용가능,ES,2026-08-07T05:48:55Z
0334,도곡(3),승강기)에스컬레이터-도곡 내부 2호기,B4-B2,매봉 방면4-1,사용가능,ES,2026-08-07T05:48:55Z
0334,도곡(3),승강기)에스컬레이터-도곡 내부 3호기,B2-B4,매봉 방면7-4,사용가능,ES,2026-08-07T05:48:55Z
0334,도곡(3),승강기)에스컬레이터-도곡 내부 4호기,B4-B2,매봉 방면7-4,사용가능,ES,2026-08-07T05:48:55Z
0334,도곡(3),승강기)에스컬레이터-도곡 내부 5호기,B2-B4,대치 방면4-1,사용가능,ES,2026-08-07T05:48:55Z
0334,도곡(3),승강기)에스컬레이터-도곡 내부 6호기,B4-B2,대치 방면4-1,사용가능,ES,2026-08-07T05:48:55Z
0334,도곡(3),승강기)에스컬레이터-도곡 내부 7호기,B2-B4,대치 방면7-4,사용가능,ES,2026-08-07T05:48:55Z
0334,도곡(3),승강기)에스컬레이터-도곡 내부 8호기,B4-B2,대치 방면7-4,사용가능,ES,2026-08-07T05:48:55Z
0335,대치,승강기)에스컬레이터-대치 4번출구 5호기,B1-1F,4번 출입구,사용가능,ES,2026-08-07T05:48:55Z
0335,대치,승강기)에스컬레이터-대치 4번출구 6호기,1F-B1,4번 출입구,사용가능,ES,2026-08-07T05:48:55Z
0335,대치,승강기)에스컬레이터-대치 8번출구 7호기,1F-B1,8번 출입구,사용가능,ES,2026-08-07T05:48:55Z
0335,대치,승강기)에스컬레이터-대치 8번출구 8호기,B1-1F,8번 출입구,사용가능,ES,2026-08-07T05:48:55Z
0335,대치,승강기)에스컬레이터-대치 내부 1호기,B2-B3,"도곡 방면1-1, 학여울 방면10-4",사용가능,ES,2026-08-07T05:48:55Z
0335,대치,승강기)에스컬레이터-대치 내부 2호기,B3-B2,"도곡 방면1-1, 학여울 방면10-4",사용가능,ES,2026-08-07T05:48:55Z
0335,대치,승강기)에스컬레이터-대치 내부 3호기,B2-B3,"도곡 방면10-4, 학여울 방면1-1",보수중,ES,2026-08-07T05:48:55Z
0335,대치,승강기)에스컬레이터-대치 내부 4호기,B3-B2,"도곡 방면10-4, 학여울 방면1-1",사용가능,ES,2026-08-07T05:48:55Z
0335,대치,승강기)엘리베이터-대치 7번 출구측 외부#1,B1-1F,7번 출입구,사용가능,EV,2026-08-07T05:48:55Z
0335,대치,승강기)엘리베이터-대치 섬식(상) 1-1 내부#1,B3-B1,"도곡 방면1-1, 학여울 방면10-4",사용가능,EV,2026-08-07T05:48:55Z
0336,학여울,승강기)에스컬레이터-학여울 B3(대) 상행2,B3-B2,대합실(1번출입구 방면),사용가능,ES,2026-08-07T05:48:55Z
0336,학여울,승강기)에스컬레이터-학여울 B3(대) 하행1,B2-B3,대합실(1번출입구 방면),사용가능,ES,2026-08-07T05:48:55Z
0336,학여울,승강기)엘리베이터-학여울 1번 출구측 외부#1,B4-B2-B1-1F,1번 출입구,사용가능,EV,2026-08-07T05:48:55Z
0336,학여울,승강기)엘리베이터-학여울 상행 5-4 내부#1,B5-B4,대치 방면5-4,사용가능,EV,2026-08-07T05:48:55Z
0336,학여울,승강기)엘리베이터-학여울 하행 6-1 내부#2,B5-B4,대청 방면6-1,사용가능,EV,2026-08-07T05:48:55Z
0337,대청,승강기)에스컬레이터-대청 3번출구 상행4,B1-1F,3번 출입구,사용가능,ES,2026-08-07T05:48:55Z
0337,대청,승강기)에스컬레이터-대청 3번출구 하행3,1F-B1,3번 출입구,사용가능,ES,2026-08-07T05:48:55Z
0337,대청,승강기)에스컬레이터-대청 6번출구 상행2,B1-1F,6번 출입구,사용가능,ES,2026-08-07T05:48:55Z
0337,대청,승강기)에스컬레이터-대청 6번출구 하행1,1F-B1,6번 출입구,사용가능,ES,2026-08-07T05:48:55Z
0337,대청,승강기)엘리베이터-대청 8번 출구측 외부#1,B2-1F,8번 출입구,사용가능,EV,2026-08-07T05:48:55Z
0337,대청,승강기)엘리베이터-대청 상행 4-4 내부#1,B3-B2,학여울 방면4-4,사용가능,EV,2026-08-07T05:48:55Z
0337,대청,승강기)엘리베이터-대청 하행 7-1 내부#2,B3-B2,일원 방면7-1,사용가능,EV,2026-08-07T05:48:55Z
0338,일원,승강기)에스컬레이터-일원 1번출구 1호기,1F-B1,1번 출입구,사용가능,ES,2026-08-07T05:48:55Z
0338,일원,승강기)에스컬레이터-일원 1번출구 2호기,B1-1F,1번 출입구,사용가능,ES,2026-08-07T05:48:55Z
0338,일원,승강기)에스컬레이터-일원 2번출구 3호기,B1-1F,2번 출입구,사용가능,ES,2026-08-07T05:48:55Z
0338,일원,승강기)에스컬레이터-일원 3번출구 4호기,1F-B1,3번 출입구,사용가능,ES,2026-08-07T05:48:55Z
0338,일원,승강기)에스컬레이터-일원 6번출구 5호기,B1-1F,6번 출입구,사용가능,ES,2026-08-07T05:48:55Z
0338,일원,승강기)에스컬레이터-일원 6번출구 6호기,1F-B1,6번 출입구,사용가능,ES,2026-08-07T05:48:55Z
0338,일원,승강기)엘리베이터-일원 1번 출구측 외부#2,B2-1F,1번 출입구,사용가능,EV,2026-08-07T05:48:55Z
0338,일원,승강기)엘리베이터-일원 1번 출구측 외부#3,B2-1F,1번 출입구,사용가능,EV,2026-08-07T05:48:55Z
0338,일원,승강기)엘리베이터-일원 상행 6-3 내부#1,B3-B2,대청 방면6-3,사용가능,EV,2026-08-07T05:48:55Z
0338,일원,승강기)엘리베이터-일원 하행 5-2 내부#2,B3-B2,수서 방면5-2,사용가능,EV,2026-08-07T05:48:55Z
0339,수서(3),승강기)에스컬레이터-수서 1번출구 1호기,1F-B1,1번 출입구,사용가능,ES,2026-08-07T05:48:55Z
0339,수서(3),승강기)에스컬레이터-수서 1번출구 2호기,B1-1F,1번 출입구,사용가능,ES,2026-08-07T05:48:55Z
0339,수서(3),승강기)에스컬레이터-수서 2번출구 3호기,1F-B1,2번 출입구,사용가능,ES,2026-08-07T05:48:55Z
0339,수서(3),승강기)에스컬레이터-수서 2번출구 4호기,B1-1F,2번 출입구,사용가능,ES,2026-08-07T05:48:55Z
0339,수서(3),승강기)에스컬레이터-수서 5번출구 11호기,1F-B1,5번 출입구,사용가능,ES,2026-08-07T05:48:55Z
0339,수서(3),승강기)에스컬레이터-수서 5번출구 12호기,B1-1F,5번 출입구,사용가능,ES,2026-08-07T05:48:55Z
0339,수서(3),승강기)에스컬레이터-수서 6번출구 5호기,1F-B1,6번 출입구,사용가능,ES,2026-08-07T05:48:55Z
0339,수서(3),승강기)에스컬레이터-수서 6번출구 6호기,B1-1F,6번 출입구,사용가능,ES,2026-08-07T05:48:55Z
0339,수서(3),승강기)에스컬레이터-수서 내부 10호기,B2-B1,가락시장 방면2-2,사용가능,ES,2026-08-07T05:48:55Z
0339,수서(3),승강기)에스컬레이터-수서 내부 7호기,B1-B2,일원 방면9-3,사용가능,ES,2026-08-07T05:48:55Z
0339,수서(3),승강기)에스컬레이터-수서 내부 8호기,B2-B1,일원 방면9-3,사용가능,ES,2026-08-07T05:48:55Z
0339,수서(3),승강기)에스컬레이터-수서 내부 9호기,B1-B2,가락시장 방면2-2,사용가능,ES,2026-08-07T05:48:55Z
0339,수서(3),승강기)엘리베이터-수서 1번 출구측 외부#1,B1-1F,1번 출입구,사용가능,EV,2026-08-07T05:48:55Z
0339,수서(3),승강기)엘리베이터-수서 5번출구측 외부#2,B1-1F,5번 출입구,사용가능,EV,2026-08-07T05:48:55Z
0339,수서(3),승강기)엘리베이터-수서 상행 8-3 내부#1,B2-B1,가락시장 방면3-2,사용가능,EV,2026-08-07T05:48:55Z
0339,수서(3),승강기)엘리베이터-수서 하행 3-2 내부#2,B2-B1,일원 방면8-3,사용가능,EV,2026-08-07T05:48:55Z
0340,가락시장(3),승강기)에스컬레이터-가락시장(3) 7번 출구 19호기,1F-B1,7번 출입구,사용가능,ES,2026-08-07T05:48:55Z
0340,가락시장(3),승강기)에스컬레이터-가락시장(3) 7번 출구 20호기,B1-1F,7번 출입구,사용가능,ES,2026-08-07T05:48:55Z
0340,가락시장(3),승강기)에스컬레이터-가락시장(3) 8번 출구 21호기,1F-B2,8번 출입구,사용가능,ES,2026-08-07T05:48:55Z
0340,가락시장(3),승강기)에스컬레이터-가락시장(3) 8번 출구 22호기,B2-1F,8번 출입구,보수중,ES,2026-08-07T05:48:55Z
0340,가락시장(3),승강기)에스컬레이터-가락시장(3) 내부 10호기,B4-B3,경찰병원 방면3-2,사용가능,ES,2026-08-07T05:48:55Z
0340,가락시장(3),승강기)에스컬레이터-가락시장(3) 내부 11호기,B2-B4,경찰병원 방면5-2,보수중,ES,2026-08-07T05:48:55Z
0340,가락시장(3),승강기)에스컬레이터-가락시장(3) 내부 12호기,B4-B2,경찰병원 방면5-2,사용가능,ES,2026-08-07T05:48:55Z
0340,가락시장(3),승강기)에스컬레이터-가락시장(3) 내부 13호기,B2-B4,경찰병원 방면7-1,사용가능,ES,2026-08-07T05:48:55Z
0340,가락시장(3),승강기)에스컬레이터-가락시장(3) 내부 14호기,B4-B2,경찰병원 방면7-1,사용가능,ES,2026-08-07T05:48:55Z
0340,가락시장(3),승강기)에스컬레이터-가락시장(3) 내부 15호기,B1-B2,대합실(2번출입구 방면),사용가능,ES,2026-08-07T05:48:55Z
0340,가락시장(3),승강기)에스컬레이터-가락시장(3) 내부 16호기,B2-B1,대합실(2번출입구 방면),사용가능,ES,2026-08-07T05:48:55Z
0340,가락시장(3),승강기)에스컬레이터-가락시장(3) 내부 17호기,B1-B2,대합실(2번출입구 방면),보수중,ES,2026-08-07T05:48:55Z
0340,가락시장(3),승강기)에스컬레이터-가락시장(3) 내부 18호기,B2-B1,대합실(2번출입구 방면),사용가능,ES,2026-08-07T05:48:55Z
0340,가락시장(3),승강기)에스컬레이터-가락시장(3) 내부 1호기,B2-B4,수서 방면4-4,사용가능,ES,2026-08-07T05:48:55Z
0340,가락시장(3),승강기)에스컬레이터-가락시장(3) 내부 2호기,B4-B2,수서 방면4-4,사용가능,ES,2026-08-07T05:48:55Z
0340,가락시장(3),승강기)에스컬레이터-가락시장(3) 내부 3호기,B2-B4,수서 방면6-3,보수중,ES,2026-08-07T05:48:55Z
0340,가락시장(3),승강기)에스컬레이터-가락시장(3) 내부 4호기,B4-B2,수서 방면6-3,사용가능,ES,2026-08-07T05:48:55Z
0340,가락시장(3),승강기)에스컬레이터-가락시장(3) 내부 5호기,B3-B4,수서 방면8-3,사용가능,ES,2026-08-07T05:48:55Z
0340,가락시장(3),승강기)에스컬레이터-가락시장(3) 내부 6호기,B4-B3,수서 방면8-3,사용가능,ES,2026-08-07T05:48:55Z
0340,가락시장(3),승강기)에스컬레이터-가락시장(3) 내부 7호기,B4-B3,수서 방면10-1,사용가능,ES,2026-08-07T05:48:55Z
0340,가락시장(3),승강기)에스컬레이터-가락시장(3) 내부 8호기,B4-B3,경찰병원 방면2-1,사용가능,ES,2026-08-07T05:48:55Z
0340,가락시장(3),승강기)에스컬레이터-가락시장(3) 내부 9호기,B3-B4,경찰병원 방면3-2,사용가능,ES,2026-08-07T05:48:55Z
0340,가락시장(3),승강기)엘리베이터-가락시장(3) 7번 출구측 외부#1,B2-B1-1F,7번 출입구,사용가능,EV,2026-08-07T05:48:55Z
0340,가락시장(3),승강기)엘리베이터-가락시장(3) 상행 8-2 내부#1,B4-B3-B2,수서 방면8-2,사용가능,EV,2026-08-07T05:48:55Z
0340,가락시장(3),승강기)엘리베이터-가락시장(3) 하행 3-2 내부#2,B4-B3-B2,경찰병원 방면3-2,사용가능,EV,2026-08-07T05:48:55Z
0341,경찰병원,승강기)에스컬레이터-경찰병원 1번출구 13호기,1F-B1,1번 출입구,사용가능,ES,2026-08-07T05:48:55Z
0341,경찰병원,승강기)에스컬레이터-경찰병원 1번출구 14호기,B1-1F,1번 출입구,사용가능,ES,2026-08-07T05:48:55Z
0341,경찰병원,승강기)에스컬레이터-경찰병원 2번출구 15호기,1F-B1,2번 출입구,사용가능,ES,2026-08-07T05:48:55Z
0341,경찰병원,승강기)에스컬레이터-경찰병원 2번출구 16호기,B1-1F,2번 출입구,사용가능,ES,2026-08-07T05:48:55Z
0341,경찰병원,승강기)에스컬레이터-경찰병원 3번출구 19호기,1F-B1,3번 출입구,사용가능,ES,2026-08-07T05:48:55Z
0341,경찰병원,승강기)에스컬레이터-경찰병원 3번출구 20호기,B1-1F,3번 출입구,사용가능,ES,2026-08-07T05:48:55Z
0341,경찰병원,승강기)에스컬레이터-경찰병원 대합실 17호기,1F-B1,"3,4번 출입구 사이",사용가능,ES,2026-08-07T05:48:55Z
0341,경찰병원,승강기)에스컬레이터-경찰병원 대합실 18호기,B1-1F,"3,4번 출입구 사이",사용가능,ES,2026-08-07T05:48:55Z
0341,경찰병원,승강기)에스컬레이터-경찰병원 승강장(2-1) 1호기,B1-B2,가락시장 방면2-1,사용가능,ES,2026-08-07T05:48:55Z
0341,경찰병원,승강기)에스컬레이터-경찰병원 승강장(2-1) 2호기,B2-B1,가락시장 방면2-1,사용가능,ES,2026-08-07T05:48:55Z
0341,경찰병원,승강기)에스컬레이터-경찰병원 승강장(4-1) 7호기,B1-B2,오금 방면4-1,사용가능,ES,2026-08-07T05:48:55Z
0341,경찰병원,승강기)에스컬레이터-경찰병원 승강장(4-1) 8호기,B2-B1,오금 방면4-1,사용가능,ES,2026-08-07T05:48:55Z
0341,경찰병원,승강기)에스컬레이터-경찰병원 승강장(5-3) 10호기,B2-B1,오금 방면5-3,사용가능,ES,2026-08-07T05:48:55Z
0341,경찰병원,승강기)에스컬레이터-경찰병원 승강장(5-3) 9호기,B1-B2,오금 방면5-3,사용가능,ES,2026-08-07T05:48:55Z
0341,경찰병원,승강기)에스컬레이터-경찰병원 승강장(6-2) 3호기,B1-B2,가락시장 방면6-2,사용가능,ES,2026-08-07T05:48:55Z
0341,경찰병원,승강기)에스컬레이터-경찰병원 승강장(6-2) 4호기,B2-B1,가락시장 방면6-2,사용가능,ES,2026-08-07T05:48:55Z
0341,경찰병원,승강기)에스컬레이터-경찰병원 승강장(7-4) 5호기,B1-B2,가락시장 방면7-4,사용가능,ES,2026-08-07T05:48:55Z
0341,경찰병원,승강기)에스컬레이터-경찰병원 승강장(7-4) 6호기,B2-B1,가락시장 방면7-4,사용가능,ES,2026-08-07T05:48:55Z
0341,경찰병원,승강기)에스컬레이터-경찰병원 승강장(9-4) 11호기,B1-B2,오금 방면9-4,사용가능,ES,2026-08-07T05:48:55Z
0341,경찰병원,승강기)에스컬레이터-경찰병원 승강장(9-4) 12호기,B2-B1,오금 방면9-4,사용가능,ES,2026-08-07T05:48:55Z
0341,경찰병원,승강기)엘리베이터-경찰병원 1번 출구측 외부#1,B1-1F,1번 출입구,사용가능,EV,2026-08-07T05:48:55Z
0341,경찰병원,승강기)엘리베이터-경찰병원 3번 출구측 외부#2,B1-1F,3번 출입구,사용가능,EV,2026-08-07T05:48:55Z
0341,경찰병원,승강기)엘리베이터-경찰병원 상행 4-2 내부#1,B3-B1,가락시장 방면4-2,사용가능,EV,2026-08-07T05:48:55Z
0341,경찰병원,승강기)엘리베이터-경찰병원 하행 7-3 내부#2,B3-B1,오금 방면 7-3,사용가능,EV,2026-08-07T05:48:55Z
0342,오금(3),승강기)에스컬레이터-오금 1번출구 13호기,1F-B1,1번 출입구,사용가능,ES,2026-08-07T05:48:55Z
0342,오금(3),승강기)에스컬레이터-오금 1번출구 14호기,B1-1F,1번 출입구,사용가능,ES,2026-08-07T05:48:55Z
0342,오금(3),승강기)에스컬레이터-오금 2번출구 15호기,B1-1F,2번 출입구,사용가능,ES,2026-08-07T05:48:55Z
0342,오금(3),승강기)에스컬레이터-오금(3) 내부 10호기,B3-B2,오금 방면9-3,사용가능,ES,2026-08-07T05:48:55Z
0342,오금(3),승강기)에스컬레이터-오금(3) 내부 1호기,B2-B3,경찰병원 방면2-2,사용가능,ES,2026-08-07T05:48:55Z
0342,오금(3),승강기)에스컬레이터-오금(3) 내부 2호기,B3-B2,경찰병원 방면2-2,보수중,ES,2026-08-07T05:48:55Z
0342,오금(3),승강기)에스컬레이터-오금(3) 내부 3호기,B1-B4,경찰병원 방면 4-2,사용가능,ES,2026-08-07T05:48:55Z
0342,오금(3),승강기)에스컬레이터-오금(3) 내부 4호기,B4-B1,경찰병원 방면 4-2,사용가능,ES,2026-08-07T05:48:55Z
0342,오금(3),승강기)에스컬레이터-오금(3) 내부 5호기,B2-B3,경찰병원 방면7-1,사용가능,ES,2026-08-07T05:48:55Z
0342,오금(3),승강기)에스컬레이터-오금(3) 내부 6호기,B3-B2,오금 방면4-4,사용가능,ES,2026-08-07T05:48:55Z
0342,오금(3),승강기)에스컬레이터-오금(3) 내부 7호기,B1-B4,오금 방면7-3,사용가능,ES,2026-08-07T05:48:55Z
0342,오금(3),승강기)에스컬레이터-오금(3) 내부 8호기,B4-B1,오금 방면7-3,사용가능,ES,2026-08-07T05:48:55Z
0342,오금(3),승강기)에스컬레이터-오금(3) 내부 9호기,B2-B3,오금 방면9-3,사용가능,ES,2026-08-07T05:48:55Z
0342,오금(3),승강기)에스컬레이터-오금(3) 환승 11호기,B1-B2,환승통로(5호선 방면),사용가능,ES,2026-08-07T05:48:55Z
0342,오금(3),승강기)에스컬레이터-오금(3) 환승 12호기,B2-B1,환승통로(5호선 방면),보수중,ES,2026-08-07T05:48:55Z
0342,오금(3),승강기)엘리베이터-오금 1번 출구측 외부#1,B1-1F,1번 출입구,사용가능,EV,2026-08-07T05:48:55Z
0342,오금(3),승강기)엘리베이터-오금 상행 5-1 내부#1,B4-B3-B1,경찰병원 방면5-1,사용가능,EV,2026-08-07T05:48:55Z
0342,오금(3),승강기)엘리베이터-오금 하행 6-4 내부#2,B4-B3-B1,오금 방면6-4,사용가능,EV,2026-08-07T05:48:55Z
0409,불암산,"승강기)에스컬레이터-당고개 1,4번출구측 3호기",2F-1F,"1,4번 출입구",사용가능,ES,2026-08-07T05:48:55Z
0409,불암산,"승강기)에스컬레이터-당고개 1,4번출구측 4호기",1F-2F,"1,4번 출입구",사용가능,ES,2026-08-07T05:48:55Z
0409,불암산,승강기)에스컬레이터-당고개 내부 1호기,3F-2F,별내별가람 방면3-1,사용가능,ES,2026-08-07T05:48:55Z
0409,불암산,승강기)에스컬레이터-당고개 내부 2호기,2F-3F,별내별가람 방면3-1,사용가능,ES,2026-08-07T05:48:55Z
0409,불암산,승강기)엘리베이터-당고개 1-4번 출구측 외부#1,2F-3F,별내별가람 방면6-1,사용가능,EV,2026-08-07T05:48:55Z
0409,불암산,승강기)엘리베이터-당고개 상행 6-1 내부#1,2F-3F,상계 방면5-4,사용가능,EV,2026-08-07T05:48:55Z
0409,불암산,승강기)엘리베이터-당고개 하행 5-4 내부#2,1F-2F,1번 출입구,사용가능,EV,2026-08-07T05:48:55Z
0410,상계,승강기)에스컬레이터-상계역 내부 에스컬레이터 1호기,2F-1F,1번 출입구,사용가능,ES,2026-08-07T05:48:55Z
0410,상계,승강기)에스컬레이터-상계역 내부 에스컬레이터 2호기,1F-2F,1번 출입구,사용가능,ES,2026-08-07T05:48:55Z
0410,상계,승강기)에스컬레이터-상계역 내부 에스컬레이터 3호기,2F-3F,노원 방면2-1,사용가능,ES,2026-08-07T05:48:55Z
0410,상계,승강기)에스컬레이터-상계역 내부 에스컬레이터 4호기,3F-2F,노원 방면2-1,보수중,ES,2026-08-07T05:48:55Z
0410,상계,승강기)엘리베이터-상계 1-2번 출구측 외부#1,1F-2F,"대합실(1,2번 출입구 사이)",사용가능,EV,2026-08-07T05:48:55Z
0410,상계,"승강기)휠체어리프트-상계 1,2번출구내부2",2F-3F,노원 방면8-3,사용가능,WL,2026-08-07T05:48:55Z
0410,상계,승강기)휠체어리프트-상계 연결통로 내부1,2F-3F,당고개 방면3-1,사용가능,WL,2026-08-07T05:48:55Z
0411,노원(4),승강기)에스컬레이터-노원(4) 1번출구 1호기,2F-1F,1번 출입구,사용가능,ES,2026-08-07T05:48:55Z
0411,노원(4),승강기)에스컬레이터-노원(4) 1번출구 2호기,1F-2F,1번 출입구,사용가능,ES,2026-08-07T05:48:55Z
0411,노원(4),승강기)에스컬레이터-노원(4) 9번출입구 5호기,2F-1F,9번 출입구,사용가능,ES,2026-08-07T05:48:55Z
0411,노원(4),승강기)에스컬레이터-노원(4) 9번출입구 6호기,1F-2F,9번 출입구,사용가능,ES,2026-08-07T05:48:55Z
0411,노원(4),승강기)에스컬레이터-노원(4) E/S 1200형 9호기,2F-1F,10번 출입구,사용가능,ES,2026-08-07T05:48:55Z
0411,노원(4),승강기)에스컬레이터-노원(4) E/S 800형 10호기,1F-2F,10번 출입구,사용가능,ES,2026-08-07T05:48:55Z
0411,노원(4),승강기)에스컬레이터-노원(4) 내부 3호기,3F-2F,2번 출입구,사용가능,ES,2026-08-07T05:48:55Z
0411,노원(4),승강기)에스컬레이터-노원(4) 내부 4호기,2F-3F,2번 출입구,사용가능,ES,2026-08-07T05:48:55Z
0411,노원(4),승강기)에스컬레이터-노원(4) 내부 7호기,3F-2F,창동 방면2-4,사용가능,ES,2026-08-07T05:48:55Z
0411,노원(4),승강기)에스컬레이터-노원(4) 내부 8호기,2F-3F,창동 방면2-4,사용가능,ES,2026-08-07T05:48:55Z
0411,노원(4),승강기)엘리베이터-노원 2번 출구측 외부#1,1F-2F,2번 출입구,사용가능,EV,2026-08-07T05:48:55Z
0411,노원(4),승강기)엘리베이터-노원 상행 8-4 내부#1,2F-3F,상계 방면8-4,사용가능,EV,2026-08-07T05:48:55Z
0411,노원(4),승강기)엘리베이터-노원(4) 9번 출입구 외부#2,1F-3F,9번 출입구,사용가능,EV,2026-08-07T05:48:55Z
0412,창동(4),승강기)에스컬레이터-창동 1번출구 상행2,1F-2F,1번 출입구,사용가능,ES,2026-08-07T05:48:55Z
0412,창동(4),승강기)에스컬레이터-창동 1번출구 하행1,2F-1F,1번 출입구,사용가능,ES,2026-08-07T05:48:55Z
0412,창동(4),승강기)에스컬레이터-창동역 2번 출입구 E/S 1200형 7호기,2F-1F,2번 출입구,보수중,ES,2026-08-07T05:48:55Z
0412,창동(4),승강기)에스컬레이터-창동역 2번 출입구 E/S 1200형 8호기,1F-2F,2번 출입구,사용가능,ES,2026-08-07T05:48:55Z
0412,창동(4),승강기)엘리베이터-창동 (1호선 소요산방면) 내부#5,1F-3F,쌍문 방면6-1,사용가능,EV,2026-08-07T05:48:55Z
0412,창동(4),승강기)엘리베이터-창동 (1호선 인천방면) 내부#6,1F-3F,쌍문 방면6-1,사용가능,EV,2026-08-07T05:48:55Z
0412,창동(4),승강기)엘리베이터-창동 1번 출구측 외부#1,1F-2F,1번 출입구,사용가능,EV,2026-08-07T05:48:55Z
0412,창동(4),승강기)엘리베이터-창동 2번 출구측 외부#2,1F-2F,2번 출입구,사용가능,EV,2026-08-07T05:48:55Z
0412,창동(4),승강기)엘리베이터-창동 상행 2-4 내부#1,2F-3F,노원 방면2-4,사용가능,EV,2026-08-07T05:48:55Z
0412,창동(4),승강기)엘리베이터-창동 상행 8-2 내부#2,2F-3F,노원 방면8-3,사용가능,EV,2026-08-07T05:48:55Z
0412,창동(4),승강기)엘리베이터-창동 하행 3-2 내부#4,2F-3F,쌍문 방면8-4,사용가능,EV,2026-08-07T05:48:55Z
0412,창동(4),승강기)엘리베이터-창동 하행 8-4 내부#3,2F-3F,쌍문 방면3-2,사용가능,EV,2026-08-07T05:48:55Z
0413,쌍문,승강기)에스컬레이터-쌍문 2번출구 상행4,B1-1F,2번 출입구,사용가능,ES,2026-08-07T05:48:55Z
0413,쌍문,승강기)에스컬레이터-쌍문 2번출구 하행3,1F-B1,2번 출입구,사용가능,ES,2026-08-07T05:48:55Z
0413,쌍문,승강기)에스컬레이터-쌍문 3번출구 상행6,B1-1F,3번 출입구,사용가능,ES,2026-08-07T05:48:55Z
0413,쌍문,승강기)에스컬레이터-쌍문 3번출구 하행5,1F-B1,3번 출입구,보수중,ES,2026-08-07T05:48:55Z
0413,쌍문,승강기)에스컬레이터-쌍문 4번출구 상행2,B1-1F,4번 출입구,사용가능,ES,2026-08-07T05:48:55Z
0413,쌍문,승강기)에스컬레이터-쌍문 4번출구 하행1,1F-B1,4번 출입구,사용가능,ES,2026-08-07T05:48:55Z
0413,쌍문,승강기)엘리베이터-쌍문 1번 출구측 외부#1,B1-1F,1번 출입구,사용가능,EV,2026-08-07T05:48:55Z
0413,쌍문,승강기)엘리베이터-쌍문 상행 8-4 내부#1,B2-B1,창동 방면8-2,사용가능,EV,2026-08-07T05:48:55Z
0413,쌍문,승강기)엘리베이터-쌍문 하행 3-1 내부#2,B2-B1,수유 방면3-4,사용가능,EV,2026-08-07T05:48:55Z
0414,수유,승강기)에스컬레이터-수유(강북구청) 3번출구 상행2,B1-1F,3번 출입구,사용가능,ES,2026-08-07T05:48:55Z
0414,수유,승강기)에스컬레이터-수유(강북구청) 3번출구 하행1,1F-B1,3번 출입구,사용가능,ES,2026-08-07T05:48:55Z
0414,수유,승강기)에스컬레이터-수유(강북구청) 8번출구 상행4,B1-1F,8번 출입구,사용가능,ES,2026-08-07T05:48:55Z
0414,수유,승강기)에스컬레이터-수유(강북구청) 8번출구 하행3,1F-B1,8번 출입구,사용가능,ES,2026-08-07T05:48:55Z
0414,수유,승강기)엘리베이터-수유(강북구청) 1-2번 출구측 외부#1,B1-1F,"1,2번 출입구 사이",사용가능,EV,2026-08-07T05:48:55Z
0414,수유,승강기)엘리베이터-수유(강북구청) 상행 7-1 내부#1,B2-B1,쌍문 방면7-1,사용가능,EV,2026-08-07T05:48:55Z
0414,수유,승강기)엘리베이터-수유(강북구청) 하행 4-4 내부#2,B2-B1,미아 방면4-4,사용가능,EV,2026-08-07T05:48:55Z
0415,미아,승강기)에스컬레이터-미아 1번 출입구 3호기,1F-B1,1번 출입구,사용가능,ES,2026-08-07T05:48:55Z
0415,미아,승강기)에스컬레이터-미아 1번 출입구 4호기,B1-1F,1번 출입구,사용가능,ES,2026-08-07T05:48:55Z
0415,미아,승강기)에스컬레이터-미아 3번 출입구 1호기,1F-B1,3번 출입구,사용가능,ES,2026-08-07T05:48:55Z
0415,미아,승강기)에스컬레이터-미아 3번 출입구 2호기,B1-1F,3번 출입구,사용가능,ES,2026-08-07T05:48:55Z
0415,미아,승강기)에스컬레이터-미아 6번 출입구 5호기,1F-B1,6번 출입구,사용가능,ES,2026-08-07T05:48:55Z
0415,미아,승강기)에스컬레이터-미아 6번 출입구 6호기,B1-1F,6번 출입구,사용가능,ES,2026-08-07T05:48:55Z
0415,미아,승강기)엘리베이터-미아 1-2번 출구측 외부#1,B1-1F,"1,2번 출입구 사이",사용가능,EV,2026-08-07T05:48:55Z
0415,미아,승강기)엘리베이터-미아 상행 8-2 내부#1,B2-B1,수유 방면8-2,사용가능,EV,2026-08-07T05:48:55Z
0415,미아,승강기)엘리베이터-미아 하행 3-4 내부#2,B2-B1,미아사거리 방면3-4,사용가능,EV,2026-08-07T05:48:55Z
0416,미아사거리,승강기)에스컬레이터-미아사거리 3번출구 상행 2,B1-1F,3번 출입구,사용가능,ES,2026-08-07T05:48:55Z
0416,미아사거리,승강기)에스컬레이터-미아사거리 3번출구 하행 1,1F-B1,3번 출입구,사용가능,ES,2026-08-07T05:48:55Z
0416,미아사거리,승강기)엘리베이터-미아사거리 상행 3-1 내부#1,B2-B1,미아 방면3-1,사용가능,EV,2026-08-07T05:48:55Z
0416,미아사거리,승강기)엘리베이터-미아사거리 하행 8-3 내부#2,B2-B1,길음 방면8-3,사용가능,EV,2026-08-07T05:48:55Z
0417,길음,승강기)에스컬레이터-길음 2번출구 상행1,B1-1F,2번 출입구,보수중,ES,2026-08-07T05:48:55Z
0417,길음,승강기)에스컬레이터-길음 3번출구 상행3,B1-1F,3번 출입구,사용가능,ES,2026-08-07T05:48:55Z
0417,길음,승강기)에스컬레이터-길음 3번출구 하행2,1F-B1,3번 출입구,사용가능,ES,2026-08-07T05:48:55Z
0417,길음,승강기)엘리베이터-길음 3-4번 출구측 외부#2,B1-1F,4번 출입구,사용가능,EV,2026-08-07T05:48:55Z
0417,길음,승강기)엘리베이터-길음 5번 출구측 외부#1,B1-1F,5번 출입구,사용가능,EV,2026-08-07T05:48:55Z
0417,길음,승강기)엘리베이터-길음 섬식(상) 6-1 내부#1,B2-B1,"미아사거리 방면6-1,성신여대입구 방면5-4",사용가능,EV,2026-08-07T05:48:55Z
0418,성신여대입구(4),승강기)에스컬레이터-성신여대역 4번출구 에스컬레이터 3호기,B1-1F,4번 출입구,사용가능,ES,2026-08-07T05:48:55Z
0418,성신여대입구(4),승강기)에스컬레이터-성신여대역 4번출구 에스컬레이터 4호기,1F-B1,4번 출입구,보수중,ES,2026-08-07T05:48:55Z
0418,성신여대입구(4),승강기)에스컬레이터-성신여대입구 1번출구 상행2,B1-1F,1번 출입구,사용가능,ES,2026-08-07T05:48:55Z
0418,성신여대입구(4),승강기)에스컬레이터-성신여대입구 1번출구 하행1,1F-B1,1번 출입구,보수중,ES,2026-08-07T05:48:55Z
0418,성신여대입구(4),승강기)엘리베이터-성신여대입구 2번 출구측 외부#2,B1-1F,2번 출입구,사용가능,EV,2026-08-07T05:48:55Z
0418,성신여대입구(4),승강기)엘리베이터-성신여대입구 3번 출구측 외부#1,B1-1F,3번 출입구,사용가능,EV,2026-08-07T05:48:55Z
0418,성신여대입구(4),승강기)엘리베이터-성신여대입구 상행 8-2 내부#1,B2-B1,길음 방면8-2,사용가능,EV,2026-08-07T05:48:55Z
0418,성신여대입구(4),승강기)엘리베이터-성신여대입구 하행 3-4 내부#2,B2-B1,한성대입구 방면3-4,사용가능,EV,2026-08-07T05:48:55Z
0419,한성대입구,승강기)에스컬레이터-한성대입구 5번출구 상행2,1F-B1,5번 출입구,사용가능,ES,2026-08-07T05:48:55Z
0419,한성대입구,승강기)에스컬레이터-한성대입구 5번출구 하행1,B1-1F,5번 출입구,사용가능,ES,2026-08-07T05:48:55Z
0419,한성대입구,승강기)엘리베이터-한성대입구 3-4번 출구측 외부#1,B1-1F,"3,4번 출입구 사이",사용가능,EV,2026-08-07T05:48:55Z
0419,한성대입구,승강기)엘리베이터-한성대입구 5번 출구측 외부#2,B1-1F,5번 출입구,사용가능,EV,2026-08-07T05:48:55Z
0419,한성대입구,승강기)엘리베이터-한성대입구 섬식(상)6-1 내부#1,B2-B1,"성신여대입구 방면6-1,길음 방면5-4",사용가능,EV,2026-08-07T05:48:55Z
0420,혜화,승강기)에스컬레이터-혜화 1번출구 상행2,B1-1F,1번 출입구,보수중,ES,2026-08-07T05:48:55Z
0420,혜화,승강기)에스컬레이터-혜화 1번출구 하행1,1F-B1,1번 출입구,사용가능,ES,2026-08-07T05:48:55Z
0420,혜화,승강기)에스컬레이터-혜화 3번출구 상행4,B1-1F,3번 출입구,사용가능,ES,2026-08-07T05:48:55Z
0420,혜화,승강기)에스컬레이터-혜화 3번출구 하행3,1F-B1,3번 출입구,보수중,ES,2026-08-07T05:48:55Z
0420,혜화,승강기)엘리베이터-혜화 2번출입구 외부#1,B1-1F,2번 출입구,사용가능,EV,2026-08-07T05:48:55Z
0420,혜화,승강기)엘리베이터-혜화 3번출입구 외부#2,B1-1F,3번 출입구,보수중,EV,2026-08-07T05:48:55Z
0420,혜화,승강기)엘리베이터-혜화 상행 7-4 내부#1,B2-B1,한성대입구 방면7-4,사용가능,EV,2026-08-07T05:48:55Z
0420,혜화,승강기)엘리베이터-혜화 하행 3-4 내부#2,B2-B1,동대문(4) 방면3-4,사용가능,EV,2026-08-07T05:48:55Z
0421,동대문(4),승강기)에스컬레이터-동대문(4) 1호선연결 6호기,B2-B1,대합실,사용가능,ES,2026-08-07T05:48:55Z
0421,동대문(4),승강기)에스컬레이터-동대문(4) 4호선연결 5호기,B1-B2,대합실,사용가능,ES,2026-08-07T05:48:55Z
0421,동대문(4),승강기)에스컬레이터-동대문(4) 8번 출구 7호기,1F-B1,8번 출입구,사용가능,ES,2026-08-07T05:48:55Z
0421,동대문(4),승강기)에스컬레이터-동대문(4) 8번 출구 8호기,B1-1F,8번 출입구,사용가능,ES,2026-08-07T05:48:55Z
0421,동대문(4),승강기)에스컬레이터-동대문(4) 9번 출구 10호기,B1-1F,9번 출입구,사용가능,ES,2026-08-07T05:48:55Z
0421,동대문(4),승강기)에스컬레이터-동대문(4) 9번 출구 9호기,1F-B1,9번 출입구,사용가능,ES,2026-08-07T05:48:55Z
0421,동대문(4),승강기)에스컬레이터-동대문(4) 상행(4-1) 2호기,B4-B2,"혜화 방면4-1,동대문역사문화공원 방면7-4",사용가능,ES,2026-08-07T05:48:55Z
0421,동대문(4),승강기)에스컬레이터-동대문(4) 상행(8-2) 4호기,B4-B2,"혜화 방면8-2,동대문역사문화공원 방면3-3",사용가능,ES,2026-08-07T05:48:55Z
0421,동대문(4),승강기)에스컬레이터-동대문(4) 하행(3-3) 3호기,B2-B4,"동대문역사문화공원 방면3-3,혜화 방면8-2",사용가능,ES,2026-08-07T05:48:55Z
0421,동대문(4),승강기)에스컬레이터-동대문(4) 하행(7-4) 1호기,B2-B4,"동대문역사문화공원 방면7-4,혜화 방면4-1",사용가능,ES,2026-08-07T05:48:55Z
0421,동대문(4),승강기)엘리베이터-동대문(4) 9번 출구측 외부#1,B1-1F,9번 출입구,사용가능,EV,2026-08-07T05:48:55Z
0421,동대문(4),승강기)엘리베이터-동대문(4) 섬식(상) 6-3 내부#1,B4-B1,"혜화 방면6-3,동대문역사문화공원 방면5-2",사용가능,EV,2026-08-07T05:48:55Z
0422,동대문역사문화공원(4),승강기)에스컬레이터-동역사(4) 상행(3-1) 2호기,B3-B1,"동대문 방면3-1,충무로 방면8-3",사용가능,ES,2026-08-07T05:48:55Z
0422,동대문역사문화공원(4),승강기)에스컬레이터-동역사(4) 상행(6-3) 4호기,B3-B2,"충무로 방면5-2,동대문 방면6-3",사용가능,ES,2026-08-07T05:48:55Z
0422,동대문역사문화공원(4),승강기)에스컬레이터-동역사(4) 상행(9-1) 6호기,B3-B2,"동대문 방면9-1,충무로 방면2-4",사용가능,ES,2026-08-07T05:48:55Z
0422,동대문역사문화공원(4),승강기)에스컬레이터-동역사(4) 하행(2-4) 5호기,B2-B3,"충무로 방면2-4,동대문 방면9-1",사용가능,ES,2026-08-07T05:48:55Z
0422,동대문역사문화공원(4),승강기)에스컬레이터-동역사(4) 하행(5-2) 3호기,B2-B3,"동대문 방면6-3,충무로 방면5-2",보수중,ES,2026-08-07T05:48:55Z
0422,동대문역사문화공원(4),승강기)에스컬레이터-동역사(4) 하행(8-3) 1호기,B1-B3,"충무로 방면8-3,동대문 방면3-1",사용가능,ES,2026-08-07T05:48:55Z
0422,동대문역사문화공원(4),승강기)엘리베이터-동역사(4) 4번 출구측 외부#1,B1-1F,4번 출입구,사용가능,EV,2026-08-07T05:48:55Z
0422,동대문역사문화공원(4),승강기)엘리베이터-동역사(4) 섬식(상)4-4 내부#1,B3-B1,"동대문 방면4-4,혜화 방면6-1",사용가능,EV,2026-08-07T05:48:55Z
0423,충무로(4),승강기)에스컬레이터-충무로(4) 1번출구 21호기,1F-B1,1번 출입구,사용가능,ES,2026-08-07T05:48:55Z
0423,충무로(4),승강기)에스컬레이터-충무로(4) 1번출구 22호기,B1-1F,1번 출입구,사용가능,ES,2026-08-07T05:48:55Z
0423,충무로(4),승강기)에스컬레이터-충무로(4) 3호선환승 17호기,B4-B2,환승통로(동대입구 방면5-2),사용가능,ES,2026-08-07T05:48:55Z
0423,충무로(4),승강기)에스컬레이터-충무로(4) 3호선환승 18호기,B4-B2,환승통로(동대입구 방면5-2),사용가능,ES,2026-08-07T05:48:55Z
0423,충무로(4),승강기)에스컬레이터-충무로(4) 3호선환승 19호기,B2-B4,환승통로(을지로3가 방면6-3),사용가능,ES,2026-08-07T05:48:55Z
0423,충무로(4),승강기)에스컬레이터-충무로(4) 3호선환승 20호기,B4-B2,환승통로(을지로3가 방면6-3),사용가능,ES,2026-08-07T05:48:55Z
0423,충무로(4),승강기)에스컬레이터-충무로(4) 5번 출입구 23호기,B1-1F,(1F) 5번 출입구 근처,사용가능,ES,2026-08-07T05:48:55Z
0423,충무로(4),승강기)에스컬레이터-충무로(4) 5번 출입구 24호기,B1-1F,(1F) 5번 출입구 근처,보수중,ES,2026-08-07T05:48:55Z
0423,충무로(4),승강기)에스컬레이터-충무로(4) 내부 10호기,B2-B1,대합실(동대문역사문화공원 방면4-2),사용가능,ES,2026-08-07T05:48:55Z
0423,충무로(4),승강기)에스컬레이터-충무로(4) 내부 11호기,B1-B2,대합실(동대문역사문화공원 방면6-3),사용가능,ES,2026-08-07T05:48:55Z
0423,충무로(4),승강기)에스컬레이터-충무로(4) 내부 12호기,B2-B1,대합실(동대문역사문화공원 방면6-3),사용가능,ES,2026-08-07T05:48:55Z
0423,충무로(4),승강기)에스컬레이터-충무로(4) 내부 13호기,B1-B2,대합실(명동 방면5-2),사용가능,ES,2026-08-07T05:48:55Z
0423,충무로(4),승강기)에스컬레이터-충무로(4) 내부 14호기,B2-B1,대합실(명동 방면5-2),사용가능,ES,2026-08-07T05:48:55Z
0423,충무로(4),승강기)에스컬레이터-충무로(4) 내부 15호기,B1-B2,대합실(명동 방면7-2),사용가능,ES,2026-08-07T05:48:55Z
0423,충무로(4),승강기)에스컬레이터-충무로(4) 내부 16호기,B2-B1,대합실(명동 방면7-2),사용가능,ES,2026-08-07T05:48:55Z
0423,충무로(4),승강기)에스컬레이터-충무로(4) 내부 1호기,B3-B2,동대문역사문화공원 방면4-2,사용가능,ES,2026-08-07T05:48:55Z
0423,충무로(4),승강기)에스컬레이터-충무로(4) 내부 2호기,B3-B2,동대문역사문화공원 방면4-2,사용가능,ES,2026-08-07T05:48:55Z
0423,충무로(4),승강기)에스컬레이터-충무로(4) 내부 3호기,B2-B3,명동 방면6-3,사용가능,ES,2026-08-07T05:48:55Z
0423,충무로(4),승강기)에스컬레이터-충무로(4) 내부 4호기,B3-B2,동대문역사문화공원 방면6-3,사용가능,ES,2026-08-07T05:48:55Z
0423,충무로(4),승강기)에스컬레이터-충무로(4) 내부 5호기,B2-B3,명동 방면5-2,사용가능,ES,2026-08-07T05:48:55Z
0423,충무로(4),승강기)에스컬레이터-충무로(4) 내부 6호기,B2-B3,동대문역사문화공원 방면5-2,사용가능,ES,2026-08-07T05:48:55Z
0423,충무로(4),승강기)에스컬레이터-충무로(4) 내부 8호기,B3-B2,동대문역사문화공원 방면7-2,사용가능,ES,2026-08-07T05:48:55Z
0423,충무로(4),승강기)에스컬레이터-충무로(4) 내부 9호기,B1-B2,대합실(동대문역사문화공원 방면4-2),사용가능,ES,2026-08-07T05:48:55Z
0423,충무로(4),승강기)엘리베이터 충무로(4)역 3-4호선 내부#3,B4-B2,"을지로3가 방면7-4,동대입구 방면4-1",사용가능,EV,2026-08-07T05:48:55Z
0423,충무로(4),승강기)엘리베이터-충무로(4) 7번 출구측 외부#1,B1-1F,7번 출입구,사용가능,EV,2026-08-07T05:48:55Z
0423,충무로(4),승강기)엘리베이터-충무로(4) 상행 8-1 내부#1,B3-B1,동대문역사문화공원 방면8-1,사용가능,EV,2026-08-07T05:48:55Z
0423,충무로(4),승강기)엘리베이터-충무로(4) 하행 3-3 내부#2,B3-B1,명동 방면3-3,사용가능,EV,2026-08-07T05:48:55Z
0424,명동,승강기)에스컬레이터-명동 1번출구 5호기,1F-B1,1번 출입구,사용가능,ES,2026-08-07T05:48:55Z
0424,명동,승강기)에스컬레이터-명동 1번출구 6호기,B1-1F,1번 출입구,사용가능,ES,2026-08-07T05:48:55Z
0424,명동,승강기)에스컬레이터-명동 B계단 옆 3호기,B2-B3,"충무로 방면10-4,회현 방면1-1",사용가능,ES,2026-08-07T05:48:55Z
0424,명동,승강기)에스컬레이터-명동 B계단 옆 4호기,B3-B2,"회현 방면1-1,충무로 방면10-4",사용가능,ES,2026-08-07T05:48:55Z
0424,명동,승강기)에스컬레이터-명동역 내부 1호기,B2-B3,"회현 방면10-4,충무로 방면1-1",사용가능,ES,2026-08-07T05:48:55Z
0424,명동,승강기)엘리베이터-명동 1번출구 외부#1,B1-1F,1번 출입구,사용가능,EV,2026-08-07T05:48:55Z
0424,명동,승강기)엘리베이터-명동 승강장-대합실 내부엘리베이터 1호기,B4-B1,"충무로 방면1-1,회현 방면10-4",사용가능,EV,2026-08-07T05:48:55Z
0425,회현,승강기)에스컬레이터-회현 1,B2-B3,"서울역 방면10-4,명동 방면1-1",사용가능,ES,2026-08-07T05:48:55Z
0425,회현,승강기)에스컬레이터-회현 2,B3-B2,"명동 방면1-1,서울역 방면10-4",사용가능,ES,2026-08-07T05:48:55Z
0425,회현,승강기)에스컬레이터-회현 3,B2-B4,"명동 방면6-4,서울역 방면4-4",사용가능,ES,2026-08-07T05:48:55Z
0425,회현,승강기)에스컬레이터-회현 4,B4-B2,"서울역 방면4-4,명동 방면6-4",사용가능,ES,2026-08-07T05:48:55Z
0425,회현,승강기)에스컬레이터-회현 5,B2-B4,"서울역 방면1-4,명동 방면9-4",사용가능,ES,2026-08-07T05:48:55Z
0425,회현,승강기)에스컬레이터-회현 6,B4-B2,"명동 방면9-4,서울역 방면1-4",사용가능,ES,2026-08-07T05:48:55Z
0425,회현,승강기)엘리베이터-회현 섬식(상)10-1 내부#1,B4-B2-B1,"서울역 방면1-4,명동 방면10-1",사용가능,EV,2026-08-07T05:48:55Z
0425,회현,승강기)엘리베이터-회현 지상도로중앙 외부#1,B1-1F,"3,4,5번 출입구 중심",사용가능,EV,2026-08-07T05:48:55Z
0426,서울역(4),승강기)에스컬레이터-서울(4)역 9-1번출구 3호기,1F-B1,9-1번 출입구(교통섬) 측,사용가능,ES,2026-08-07T05:48:55Z
0426,서울역(4),승강기)에스컬레이터-서울(4)역 9-1번출구 4호기,B1-1F,9-1번 출입구(교통섬) 측,사용가능,ES,2026-08-07T05:48:55Z
0426,서울역(4),승강기)에스컬레이터-서울(4)역 당고개방향(1-1) 2호기,B2-B1,"회현 방면1-1,숙대입구 방면10-4",사용가능,ES,2026-08-07T05:48:55Z
0426,서울역(4),승강기)에스컬레이터-서울(4)역 사당방향(10-4) 1호기,B1-B2,"숙대입구 방면10-4,회현 방면1-1",사용가능,ES,2026-08-07T05:48:55Z
0426,서울역(4),승강기)엘리베이터-서울(4)역 12번 출구 외부#1,B1-1F,12번 출입구,사용가능,EV,2026-08-07T05:48:55Z
0426,서울역(4),승강기)엘리베이터-서울(4)역 섬식(상) 9-1 내부#1,B2-B1,"회현 방면9-1,숙대입구 방면2-4",사용가능,EV,2026-08-07T05:48:55Z
0427,숙대입구,승강기)엘리베이터-숙대입구 10번 출구 외부#1,B1-1F,10번 출입구,사용가능,EV,2026-08-07T05:48:55Z
0427,숙대입구,승강기)엘리베이터-숙대입구 상행 8-1 내부#1,B2-B1,서울역(4) 방면8-1,사용가능,EV,2026-08-07T05:48:55Z
0427,숙대입구,승강기)엘리베이터-숙대입구 하행 3-3 내부#2,B2-B1,삼각지 방면3-3,사용가능,EV,2026-08-07T05:48:55Z
0428,삼각지(전쟁기념관)(4),승강기)에스컬레이터-삼각지 5번출구 상행4,B1-1F,5번 출입구,보수중,ES,2026-08-07T05:48:55Z
0428,삼각지(전쟁기념관)(4),승강기)에스컬레이터-삼각지 5번출구 하행3,1F-B1,5번 출입구,사용가능,ES,2026-08-07T05:48:55Z
0428,삼각지(전쟁기념관)(4),승강기)에스컬레이터-삼각지(4) 2번출구 상행2,B1-1F,2번 출입구,사용가능,ES,2026-08-07T05:48:55Z
0428,삼각지(전쟁기념관)(4),승강기)에스컬레이터-삼각지(4) 2번출구 하행1,1F-B1,2번 출입구,사용가능,ES,2026-08-07T05:48:55Z
0428,삼각지(전쟁기념관)(4),승강기)엘리베이터-삼각지 1-2번 출구측 외부#1,B1-1F,"1,2번 출입구",사용가능,EV,2026-08-07T05:48:55Z
0428,삼각지(전쟁기념관)(4),승강기)엘리베이터-삼각지 5-6번 출구측 외부#2,B1-1F,"5,6번 출입구",사용가능,EV,2026-08-07T05:48:55Z
0428,삼각지(전쟁기념관)(4),승강기)엘리베이터-삼각지 상행 4-3 내부#1,B2-B1,숙대입구 방면4-3,사용가능,EV,2026-08-07T05:48:55Z
0428,삼각지(전쟁기념관)(4),승강기)엘리베이터-삼각지 하행 7-2 내부#2,B2-B1,신용산 방면7-2,사용가능,EV,2026-08-07T05:48:55Z
0428,삼각지(전쟁기념관)(4),승강기)엘리베이터-삼각지(4) 3번출구측 외부#3,B1-1F,3번 출입구,사용가능,EV,2026-08-07T05:48:55Z
0429,신용산,승강기)에스컬레이터-신용산 1번출구 6호기,B1-1F,1번 출입구,사용가능,ES,2026-08-07T05:48:55Z
0429,신용산,승강기)에스컬레이터-신용산 1번출구 7호기,1F-B1,1번 출입구,보수중,ES,2026-08-07T05:48:55Z
0429,신용산,승강기)에스컬레이터-신용산 1번출구 8호기,B1-1F,1번 출입구,사용가능,ES,2026-08-07T05:48:55Z
0429,신용산,승강기)에스컬레이터-신용산 1번출구 9호기,1F-B1,1번 출입구,사용가능,ES,2026-08-07T05:48:55Z
0429,신용산,승강기)에스컬레이터-신용산 3번출구 3호기,B1-1F,3번 출입구,사용가능,ES,2026-08-07T05:48:55Z
0429,신용산,승강기)에스컬레이터-신용산 4번출구 4호기,B1-1F,4번 출입구,사용가능,ES,2026-08-07T05:48:55Z
0429,신용산,승강기)에스컬레이터-신용산 4번출구 5호기,1F-B1,4번 출입구,사용가능,ES,2026-08-07T05:48:55Z
0429,신용산,승강기)에스컬레이터-신용산 5번출구 1호기,1F-B1,5번 출입구,사용가능,ES,2026-08-07T05:48:55Z
0429,신용산,승강기)에스컬레이터-신용산 5번출구 2호기,B1-1F,5번 출입구,사용가능,ES,2026-08-07T05:48:55Z
0429,신용산,승강기)엘리베이터-신용산 1번출구측 외부#1,B2-1F,1번 출입구,사용가능,EV,2026-08-07T05:48:55Z
0429,신용산,승강기)엘리베이터-신용산 4번출구측 외부#2,B1-1F,4번 출입구,사용가능,EV,2026-08-07T05:48:55Z
0429,신용산,승강기)엘리베이터-신용산 상행 8-2 내부#1,B1-B2,삼각지 방면8-2,사용가능,EV,2026-08-07T05:48:55Z
0429,신용산,승강기)엘리베이터-신용산 하행 3-2 내부#2,B1-B2,이촌 방면3-2,사용가능,EV,2026-08-07T05:48:55Z
0430,이촌(4),승강기)에스컬레이터-이촌 1번출구 상행2,B1-1F,1번 출입구,사용가능,ES,2026-08-07T05:48:55Z
0430,이촌(4),승강기)에스컬레이터-이촌 1번출구 하행1,1F-B1,1번 출입구,사용가능,ES,2026-08-07T05:48:55Z
0430,이촌(4),승강기)에스컬레이터-이촌 2번출구 상행4,B1-1F,2번 출입구,사용가능,ES,2026-08-07T05:48:55Z
0430,이촌(4),승강기)에스컬레이터-이촌 2번출구 하행3,1F-B1,2번 출입구,사용가능,ES,2026-08-07T05:48:55Z
0430,이촌(4),승강기)엘리베이터-이촌 1번 출구측 외부#1,B1-1F,1번 출입구,보수중,EV,2026-08-07T05:48:55Z
0430,이촌(4),승강기)엘리베이터-이촌 2번 출구측 외부#2,B1-1F,2번 출입구,사용가능,EV,2026-08-07T05:48:55Z
0430,이촌(4),승강기)엘리베이터-이촌 상행 8-1 내부#1,B2-B1,신용산 방면8-1,사용가능,EV,2026-08-07T05:48:55Z
0430,이촌(4),승강기)엘리베이터-이촌 하행 3-3 내부#2,B2-B1,동작 방면3-3,사용가능,EV,2026-08-07T05:48:55Z
0430,이촌(4),승강기)엘리베이터-이촌(4) 경의선-4호선 내부엘리베이터 3호기,B1-1F,환승통로(서빙고 방면1-4),사용가능,EV,2026-08-07T05:48:55Z
0431,동작(4),승강기)엘리베이터-동작 상행 7-4 내부#1,2F-3F,이촌 방면7-4,사용가능,EV,2026-08-07T05:48:55Z
0431,동작(4),승강기)엘리베이터-동작 하행 4-4 내부#2,1F-2F-3F,총신대입구 방면4-4,사용가능,EV,2026-08-07T05:48:55Z
0432,총신대입구(4),승강기)에스컬레이터-총신대입구 14번출구 1호기,1F-B1,14번 출입구,사용가능,ES,2026-08-07T05:48:55Z
0432,총신대입구(4),승강기)에스컬레이터-총신대입구 14번출구 2호기,B1-1F,14번 출입구,사용가능,ES,2026-08-07T05:48:55Z
0432,총신대입구(4),승강기)에스컬레이터-총신대입구 1번출구 3호기,1F-B1,1번 출입구,사용가능,ES,2026-08-07T05:48:55Z
0432,총신대입구(4),승강기)에스컬레이터-총신대입구 1번출구 4호기,B1-1F,1번 출입구,사용가능,ES,2026-08-07T05:48:55Z
0432,총신대입구(4),승강기)엘리베이터-총신대입구 14번 출구측 외부#2,B1-1F,14번 출입구,사용가능,EV,2026-08-07T05:48:55Z
0432,총신대입구(4),승강기)엘리베이터-총신대입구 1번 출구측 외부#1,B1-1F,1번 출입구,사용가능,EV,2026-08-07T05:48:55Z
0432,총신대입구(4),승강기)엘리베이터-총신대입구 상행 7-3내부#1,B2-B1,동작 방면7-3,사용가능,EV,2026-08-07T05:48:55Z
0432,총신대입구(4),승강기)엘리베이터-총신대입구 하행 8-3 내부#2,B2-B1,사당(4) 방면8-3,사용가능,EV,2026-08-07T05:48:55Z
0433,사당(4),승강기)에스컬레이터-사당(4) 3번출구 6호기,1F-B1,3번 출입구,사용가능,ES,2026-08-07T05:48:55Z
0202,을지로입구,승강기)에스컬레이터-을지로입구 1번출구 상행4,B1-1F,1번 출입구,보수중,ES,2026-08-07 15:39
0231,신대방,승강기)에스컬레이터-신대방 내선(8-3) 3호기,3F-2F,신림 방면8-3,사용가능,ES,2026-08-07 15:39
0311,연신내(3),승강기)에스컬레이터-연신내(3) 2번출구 하행1,1F-B1,2번 출입구,사용가능,ES,2026-08-07 15:39
0326,압구정,승강기)에스컬레이터-압구정 3번출구 상행4,1F-B1,3번 출입구,보수중,ES,2026-08-07 15:39
0327,신사,승강기)엘리베이터-신사 상행 3-1 내부#1,B2-B1,압구정 방면3-1,보수중,EV,2026-08-07 15:39
0409,불암산,승강기)엘리베이터-당고개 상행 6-1 내부#1,2F-3F,상계 방면5-4,보수중,EV,2026-08-07 15:39
0433,사당(4),승강기)에스컬레이터-사당(4) 3번출구 7호기,B1-1F,3번 출입구,사용가능,ES,2026-08-07 15:39
0433,사당(4),승강기)에스컬레이터-사당(4) 4번출구 2호기,1F-B1,4번 출입구,사용가능,ES,2026-08-07 15:39
0433,사당(4),승강기)에스컬레이터-사당(4) 4번출구 3호기,B1-1F,4번 출입구,사용가능,ES,2026-08-07 15:39
0433,사당(4),승강기)에스컬레이터-사당(4) 9번출구 4호기,1F-B1,9번 출입구,사용가능,ES,2026-08-07 15:39
0433,사당(4),승강기)에스컬레이터-사당(4) 9번출구 5호기,B1-1F,9번 출입구,사용가능,ES,2026-08-07 15:39
0433,사당(4),승강기)에스컬레이터-사당(4) 내부 1호기,B2-B3,"남태령 방면1-1,총신대입구 방면10-4",보수중,ES,2026-08-07 15:39
0433,사당(4),승강기)엘리베이터-사당(4) 9-10번 출구측 외부#1,B1-1F,"9,10번 출입구 사이",사용가능,EV,2026-08-07 15:39
0433,사당(4),승강기)엘리베이터-사당(4) 섬식(상)9-2 내부#1,B3-B2-B1,"총신대입구 방면9-2,남태령 방면2-3",사용가능,EV,2026-08-07 15:39
0434,남태령,승강기)에스컬레이터-남태령 내부(3-2) 1호기,B2-B3,"사당 방면8-3,선바위 방면3-2",사용가능,ES,2026-08-07 15:39
0434,남태령,승강기)에스컬레이터-남태령 내부(8-3) 2호기,B3-B2,"선바위 방면3-2,사당 방면8-3",사용가능,ES,2026-08-07 15:39
0434,남태령,승강기)엘리베이터-남태령 1번 출구측 내부#2,B2-B1,1번 출입구,사용가능,EV,2026-08-07 15:39
0434,남태령,승강기)엘리베이터-남태령 2번 출구측 외부#1,B1-1F,2번 출입구,사용가능,EV,2026-08-07 15:39
0434,남태령,승강기)엘리베이터-남태령 섬식(상) 3-3 내부#1,B3-B2,"사당 방면3-3,선바위 방면8-2",사용가능,EV,2026-08-07 15:39
2511,방화,승강기)에스컬레이터-방화 1번출입구 E/S 1200형 3호기,BM1-1F,1번 출입구,사용가능,ES,2026-08-07 15:39
2511,방화,승강기)에스컬레이터-방화 1번출입구 E/S 1200형 4호기,1F-BM1,1번 출입구,사용가능,ES,2026-08-07 15:39
2511,방화,승강기)에스컬레이터-방화 2번출입구 E/S 1200형 5호기,BM1-1F,2번 출입구,사용가능,ES,2026-08-07 15:39
2511,방화,승강기)에스컬레이터-방화 2번출입구 E/S 1200형 6호기,1F-BM1,2번 출입구,사용가능,ES,2026-08-07 15:39
2511,방화,승강기)에스컬레이터-방화 내부 E/S 1200형 1호기,B1-BM1,"1,2번 출입구 사이(중간계단)",사용가능,ES,2026-08-07 15:39
2511,방화,승강기)에스컬레이터-방화 내부 E/S 1200형 2호기,BM1-B1,"1,2번 출입구 사이(중간계단)",사용가능,ES,2026-08-07 15:39
2511,방화,승강기)엘리베이터-방화 내부1,B1-B2,방화 방면4-1,사용가능,EV,2026-08-07 15:39
2511,방화,승강기)엘리베이터-방화 내부2,B1-B2,개화산 방면5-4,사용가능,EV,2026-08-07 15:39
2511,방화,승강기)엘리베이터-방화 외부3,B1-1F,2번 출입구,사용가능,EV,2026-08-07 15:39
2512,개화산,승강기)엘리베이터-개화산 외부1,B2-1F,1번 출입구(대합실 내),사용가능,EV,2026-08-07 15:39
2512,개화산,승강기)엘리베이터-개화산 외부2,B2-1F,2번 출입구(대합실 내),사용가능,EV,2026-08-07 15:39
2513,김포공항(5),승강기)에스컬레이터-김포공항 내부3,B2-B3,송정 방면3-4,사용가능,ES,2026-08-07 15:39
2513,김포공항(5),승강기)에스컬레이터-김포공항 내부4,B3-B2,송정 방면3-4,사용가능,ES,2026-08-07 15:39
2513,김포공항(5),승강기)에스컬레이터-김포공항 내부5,B3-B2,개화산 방면5-4,사용가능,ES,2026-08-07 15:39
2513,김포공항(5),승강기)에스컬레이터-김포공항 내부6,B3-B2,개화산 방면5-4,사용가능,ES,2026-08-07 15:39
2513,김포공항(5),승강기)에스컬레이터-김포공항 내부7,B3-B2,송정 방면5-4,사용가능,ES,2026-08-07 15:39
2513,김포공항(5),승강기)에스컬레이터-김포공항 내부8,B2-B3,송정 방면5-4,사용가능,ES,2026-08-07 15:39
2513,김포공항(5),승강기)에스컬레이터-김포공항(5) 내부 1호기,B2-B3,개화산 방면3-4,사용가능,ES,2026-08-07 15:39
2513,김포공항(5),승강기)에스컬레이터-김포공항(5) 내부 2호기,B3-B2,개화산 방면3-4,사용가능,ES,2026-08-07 15:39
2513,김포공항(5),승강기)엘리베이터-김포공항 내부1,B2-B3,개화산 방면6-3,사용가능,EV,2026-08-07 15:39
2513,김포공항(5),승강기)엘리베이터-김포공항 내부2,B2-B3,송정 방면3-1,사용가능,EV,2026-08-07 15:39
2514,송정,승강기)에스컬레이터-송정 내부1,B2-B1,대합실(화장실 측),사용가능,ES,2026-08-07 15:39
2514,송정,승강기)에스컬레이터-송정 내부2,B1-B2,대합실(화장실 측),사용가능,ES,2026-08-07 15:39
2514,송정,승강기)에스컬레이터-송정 외부3,1F-B1,4번 출입구,사용가능,ES,2026-08-07 15:39
2514,송정,승강기)에스컬레이터-송정 외부4,B1-B1,4번 출입구,사용가능,ES,2026-08-07 15:39
2514,송정,승강기)엘리베이터-송정 내부1,B2-B3,김포공항 방면5-1,사용가능,EV,2026-08-07 15:39
2514,송정,승강기)엘리베이터-송정 내부2,B2-B3,마곡 방면5-1,사용가능,EV,2026-08-07 15:39
2514,송정,승강기)엘리베이터-송정 외부3,B2-1F,2번 출입구,사용가능,EV,2026-08-07 15:39
2514,송정,승강기)엘리베이터-송정 외부4,B1-1F,3번 출입구,사용가능,EV,2026-08-07 15:39
2515,마곡,승강기)에스컬레이터-마곡 3번 출입구 외부 7호기,B1-1F,3번 출입구,사용가능,ES,2026-08-07 15:39
2515,마곡,승강기)에스컬레이터-마곡 3번 출입구 외부 8호기,1F-B1,3번 출입구,사용가능,ES,2026-08-07 15:39
2515,마곡,승강기)에스컬레이터-마곡 4번 출입구 외부 10호기,1F-B1,4번 출입구,사용가능,ES,2026-08-07 15:39
2515,마곡,승강기)에스컬레이터-마곡 4번 출입구 외부 9호기,B1-1F,4번 출입구,보수중,ES,2026-08-07 15:39
2515,마곡,승강기)에스컬레이터-마곡 5번 출입구 외부 11호기,B1-1F,5번 출입구,사용가능,ES,2026-08-07 15:39
2515,마곡,승강기)에스컬레이터-마곡 5번 출입구 외부 12호기,1F-B1,5번 출입구,사용가능,ES,2026-08-07 15:39
2515,마곡,승강기)에스컬레이터-마곡 외부1,B1-1F,1번 출입구,사용가능,ES,2026-08-07 15:39
2515,마곡,승강기)에스컬레이터-마곡 외부2,1F-B1,1번 출입구,보수중,ES,2026-08-07 15:39
2515,마곡,승강기)에스컬레이터-마곡 외부3,B1-1F,7번 출입구,사용가능,ES,2026-08-07 15:39
2515,마곡,승강기)에스컬레이터-마곡 외부4,1F-B1,7번 출입구,사용가능,ES,2026-08-07 15:39
2515,마곡,승강기)에스컬레이터-마곡 외부5,B1-1F,6번 출입구,사용가능,ES,2026-08-07 15:39
2515,마곡,승강기)에스컬레이터-마곡 외부6,1F-B1,6번 출입구,사용가능,ES,2026-08-07 15:39
2515,마곡,승강기)엘리베이터-마곡 3번 출입구 외부 5호기,B1-1F,3번 출입구,사용가능,EV,2026-08-07 15:39
2515,마곡,승강기)엘리베이터-마곡 4번 출입구 외부 6호기,B1-1F,"4,5번 출입구 사이",사용가능,EV,2026-08-07 15:39
2515,마곡,승강기)엘리베이터-마곡 내부1,B1-B2,송정 방면4-4,사용가능,EV,2026-08-07 15:39
2515,마곡,승강기)엘리베이터-마곡 내부2,B1-B2,발산 방면5-1,사용가능,EV,2026-08-07 15:39
2515,마곡,승강기)엘리베이터-마곡 외부3,B1-1F,1번 출입구,사용가능,EV,2026-08-07 15:39
2515,마곡,승강기)엘리베이터-마곡 외부4,B1-1F,"6,7번 출입구 사이",사용가능,EV,2026-08-07 15:39
2516,발산,승강기)엘리베이터-발산 내부1,B1-B2,마곡방면 5-1,사용가능,EV,2026-08-07 15:39
2516,발산,승강기)엘리베이터-발산 내부2,B1-B2,우장산 방면4-3,사용가능,EV,2026-08-07 15:39
2516,발산,승강기)엘리베이터-발산 외부3,B1-1F,7번 출입구,사용가능,EV,2026-08-07 15:39
2517,우장산,승강기)에스컬레이터-우장산 외부1,B1-1F,1번 출입구,보수중,ES,2026-08-07 15:39
2517,우장산,승강기)에스컬레이터-우장산 외부2,B1-1F,2번 출입구,사용가능,ES,2026-08-07 15:39
2517,우장산,승강기)에스컬레이터-우장산 외부3,B1-1F,3번 출입구,사용가능,ES,2026-08-07 15:39
2517,우장산,승강기)에스컬레이터-우장산 외부4,1F-B1,3번 출입구,사용가능,ES,2026-08-07 15:39
2517,우장산,승강기)엘리베이터-우장산 내부1,B1-B2,발산 방면4-2,사용가능,EV,2026-08-07 15:39
2517,우장산,승강기)엘리베이터-우장산 내부2,B1-B2,화곡 방면5-3,사용가능,EV,2026-08-07 15:39
2517,우장산,승강기)엘리베이터-우장산 외부3,B1-1F,1번 출입구,사용가능,EV,2026-08-07 15:39
2518,화곡,승강기)에스컬레이터-화곡 내부1,B2-B1,"3,4번 출입구 사이",사용가능,ES,2026-08-07 15:39
2518,화곡,승강기)에스컬레이터-화곡 내부2,B1-B2,"3,4번 출입구 사이",사용가능,ES,2026-08-07 15:39
2518,화곡,승강기)에스컬레이터-화곡 외부3,B1-1F,3번 출입구,사용가능,ES,2026-08-07 15:39
2518,화곡,승강기)에스컬레이터-화곡 외부4,1F-B1,3번 출입구,사용가능,ES,2026-08-07 15:39
2518,화곡,승강기)엘리베이터-화곡 내부1,B1-B2,"까치산 방면4-3,우장산 방면7-2",사용가능,EV,2026-08-07 15:39
2518,화곡,승강기)엘리베이터-화곡 외부2,B1-1F,2번 출입구,사용가능,EV,2026-08-07 15:39
2519,까치산(5),승강기)에스컬레이터-까치산 내부1,B1-B5,화곡 방면2-3,사용가능,ES,2026-08-07 15:39
2519,까치산(5),승강기)에스컬레이터-까치산 내부2,B5-B1,화곡 방면2-3,사용가능,ES,2026-08-07 15:39
2519,까치산(5),승강기)에스컬레이터-까치산 내부3,B1-B5,신정 방면7-2,사용가능,ES,2026-08-07 15:39
2519,까치산(5),승강기)에스컬레이터-까치산 내부4,B5-B1,신정 방면7-2,사용가능,ES,2026-08-07 15:39
2519,까치산(5),승강기)에스컬레이터-까치산 내부5,B5-B1,화곡 방면7-3,사용가능,ES,2026-08-07 15:39
2519,까치산(5),승강기)에스컬레이터-까치산 내부6,B1-B5,화곡 방면7-3,사용가능,ES,2026-08-07 15:39
2519,까치산(5),승강기)에스컬레이터-까치산 내부7,B5-B1,신정 방면2-2,사용가능,ES,2026-08-07 15:39
2519,까치산(5),승강기)에스컬레이터-까치산 내부8,B1-B5,신정 방면2-2,사용가능,ES,2026-08-07 15:39
2519,까치산(5),승강기)에스컬레이터-까치산 외부10,1F-B1,1번 출입구,사용가능,ES,2026-08-07 15:39
2519,까치산(5),승강기)에스컬레이터-까치산 외부11,1F-B1,3번 출입구,사용가능,ES,2026-08-07 15:39
2519,까치산(5),승강기)에스컬레이터-까치산 외부12,B1-1F,3번 출입구,사용가능,ES,2026-08-07 15:39
2519,까치산(5),승강기)에스컬레이터-까치산 외부9,B1-1F,1번 출입구,사용가능,ES,2026-08-07 15:39
2519,까치산(5),승강기)엘리베이터-까치산 1호기,B1-B4,"대합실(1,2,3,4번 출입구 화장실 방향)",사용가능,EV,2026-08-07 15:39
2519,까치산(5),승강기)엘리베이터_까치산(5)역 2번출구 E/L 2호기 13인승(P241,B1-1F,고색안전실 측,사용가능,EV,2026-08-07 15:39
2519,까치산(5),승강기)엘리베이터_까치산(5)역 내부 상선 E/L 3호기 21인승(P24,B5-B1,내부 상선측,사용가능,EV,2026-08-07 15:39
2519,까치산(5),승강기)엘리베이터_까치산(5)역 내부 하선 E/L 4호기 15인승(P24,B5-B1,내부 하선측,사용가능,EV,2026-08-07 15:39
2519,까치산(5),승강기)휠체어리프트-까치산 내부 1,B4-B5,화곡 방면1-2,사용가능,WL,2026-08-07 15:39
2519,까치산(5),승강기)휠체어리프트-까치산 내부 2,B4-B5,2번 출입구,사용가능,WL,2026-08-07 15:39
2519,까치산(5),승강기)휠체어리프트-까치산 외부 3,1F-B1,2번 출입구,사용가능,WL,2026-08-07 15:39
2520,신정,승강기)에스컬레이터-신정 내부1,B3-B2,까치산 방면1-1,사용가능,ES,2026-08-07 15:39
2520,신정,승강기)에스컬레이터-신정 내부2,B2-B3,까치산 방면1-1,사용가능,ES,2026-08-07 15:39
2520,신정,승강기)에스컬레이터-신정 내부3,B3-B2,목동 방면8-4,사용가능,ES,2026-08-07 15:39
2520,신정,승강기)에스컬레이터-신정 내부4,B2-B3,목동 방면8-4,사용가능,ES,2026-08-07 15:39
2520,신정,승강기)에스컬레이터-신정 내부5,B2-B1,"대합실(1,4,5번 출입구 방향)",사용가능,ES,2026-08-07 15:39
2520,신정,승강기)에스컬레이터-신정 내부6,B1-B2,"대합실(1,4,5번 출입구 방향)",사용가능,ES,2026-08-07 15:39
2520,신정,승강기)에스컬레이터-신정 내부7,B2-B1,1번 출입구,사용가능,ES,2026-08-07 15:39
2520,신정,승강기)에스컬레이터-신정 내부8,B1-B2,1번 출입구,사용가능,ES,2026-08-07 15:39
2520,신정,승강기)에스컬레이터-신정 외부10,BM2-1F,1번 출입구,사용가능,ES,2026-08-07 15:39
2520,신정,승강기)에스컬레이터-신정 외부9,1F-BM2,1번 출입구,사용가능,ES,2026-08-07 15:39
2520,신정,승강기)엘리베이터-신정 내부1,B2-B3,까치산 방면8-1,사용가능,EV,2026-08-07 15:39
2520,신정,승강기)엘리베이터-신정 내부2,B2-B3,목동 방면1-4,사용가능,EV,2026-08-07 15:39
2521,목동,승강기)에스컬레이터-목동 외부 3호기,1F-B1,3번 출입구,사용가능,ES,2026-08-07 15:39
2521,목동,승강기)에스컬레이터-목동 외부 4호기,B1-1F,3번 출입구,사용가능,ES,2026-08-07 15:39
2521,목동,승강기)에스컬레이터-목동 외부1,B1-1F,1번 출입구,사용가능,ES,2026-08-07 15:39
2521,목동,승강기)에스컬레이터-목동 외부2,1F-B1,1번 출입구,사용가능,ES,2026-08-07 15:39
2521,목동,승강기)엘리베이터-목동 내부1,B1-B2,신정 방면5-1,사용가능,EV,2026-08-07 15:39
2521,목동,승강기)엘리베이터-목동 내부2,B1-B2,오목교 방면4-4,사용가능,EV,2026-08-07 15:39
2521,목동,승강기)엘리베이터-목동 외부3,B1-1F,5번 출입구,사용가능,EV,2026-08-07 15:39
2522,오목교,승강기)에스컬레이터-오목교 내부1,B2-1F,3번 출입구,사용가능,ES,2026-08-07 15:39
2522,오목교,승강기)에스컬레이터-오목교 내부10,B2-B3,양평 방면3-2,사용가능,ES,2026-08-07 15:39
2522,오목교,승강기)에스컬레이터-오목교 내부2,B2-1F,1번 출입구,사용가능,ES,2026-08-07 15:39
2522,오목교,승강기)에스컬레이터-오목교 내부3,B2-M1,5번 출입구,사용가능,ES,2026-08-07 15:39
2522,오목교,승강기)에스컬레이터-오목교 내부4,B1-B2,"대합실(1,3출입구방향 통로)",사용가능,ES,2026-08-07 15:39
2522,오목교,승강기)에스컬레이터-오목교 내부5,B2-B1,"대합실(1,3출입구방향 통로)",사용가능,ES,2026-08-07 15:39
2522,오목교,승강기)에스컬레이터-오목교 내부6,B1-BM1,1번 출입구,사용가능,ES,2026-08-07 15:39
2522,오목교,승강기)에스컬레이터-오목교 내부7,B3-B2,목동 방면6-3,사용가능,ES,2026-08-07 15:39
2522,오목교,승강기)에스컬레이터-오목교 내부8,B2-B3,목동 방면6-3,사용가능,ES,2026-08-07 15:39
2522,오목교,승강기)에스컬레이터-오목교 내부9,B3-B2,양평 방면3-2,사용가능,ES,2026-08-07 15:39
2522,오목교,승강기)엘리베이터-오목교 내부1,B1-B3,목동 방면7-1,사용가능,EV,2026-08-07 15:39
2522,오목교,승강기)엘리베이터-오목교 내부2,B1-B3,양평 방면2-4,사용가능,EV,2026-08-07 15:39
2522,오목교,승강기)엘리베이터-오목교 외부3,B1-1F,7번 출입구,사용가능,EV,2026-08-07 15:39
2523,양평(5),승강기)에스컬레이터-양평 내부1,B1-B3,고객안전실 측(지하1층),사용가능,ES,2026-08-07 15:39
2523,양평(5),승강기)에스컬레이터-양평 내부2,B1-B3,고객안전실 측(지하1층),사용가능,ES,2026-08-07 15:39
2523,양평(5),승강기)에스컬레이터-양평 내부3,B3-B1,고객안전실 측(지하1층),사용가능,ES,2026-08-07 15:39
2523,양평(5),승강기)에스컬레이터-양평 내부4,B3-B1,고객안전실 측(지하1층),사용가능,ES,2026-08-07 15:39
2523,양평(5),승강기)에스컬레이터-양평 내부7,B4-B3,"대합실(E/L 1,2호기 앞)",사용가능,ES,2026-08-07 15:39
2523,양평(5),승강기)에스컬레이터-양평 내부8,B3-B4,"대합실(E/L 1,2호기 앞)",사용가능,ES,2026-08-07 15:39
2523,양평(5),승강기)에스컬레이터-양평 외부5,BM1-1F,2번 출입구,사용가능,ES,2026-08-07 15:39
2523,양평(5),승강기)에스컬레이터-양평 외부6,1F-BM1,2번 출입구,사용가능,ES,2026-08-07 15:39
2523,양평(5),승강기)엘리베이터-양평 내부1,B1-B5,오목교 방면3-2,사용가능,EV,2026-08-07 15:39
2523,양평(5),승강기)엘리베이터-양평 내부2,B4-B5,영등포구청 방면6-3,사용가능,EV,2026-08-07 15:39
2523,양평(5),승강기)엘리베이터-양평 외부3,B1-1F,2번 출입구,사용가능,EV,2026-08-07 15:39
2524,영등포구청(5),승강기)에스컬레이터-영등포구청 내부1,B1-B3,대합실,사용가능,ES,2026-08-07 15:39
2524,영등포구청(5),승강기)에스컬레이터-영등포구청 내부10,B5-B4,영등포시장 방면2-3,사용가능,ES,2026-08-07 15:39
2524,영등포구청(5),승강기)에스컬레이터-영등포구청 내부13,B4-B3,7번 출입구(중간계단),사용가능,ES,2026-08-07 15:39
2524,영등포구청(5),승강기)에스컬레이터-영등포구청 내부14,B3-B4,7번 출입구(중간계단),사용가능,ES,2026-08-07 15:39
2524,영등포구청(5),승강기)에스컬레이터-영등포구청 내부2,B1-B3,대합실,사용가능,ES,2026-08-07 15:39
2524,영등포구청(5),승강기)에스컬레이터-영등포구청 내부3,B3-B1,대합실,사용가능,ES,2026-08-07 15:39
2524,영등포구청(5),승강기)에스컬레이터-영등포구청 내부4,B3-B1,대합실,사용가능,ES,2026-08-07 15:39
2524,영등포구청(5),승강기)에스컬레이터-영등포구청 내부5,B1-B4,환승통로(2호선 방면),사용가능,ES,2026-08-07 15:39
2524,영등포구청(5),승강기)에스컬레이터-영등포구청 내부6,B4-B1,환승통로(2호선 방면),사용가능,ES,2026-08-07 15:39
2524,영등포구청(5),승강기)에스컬레이터-영등포구청 내부8,B4-B5,양평 방면7-2,사용가능,ES,2026-08-07 15:39
2524,영등포구청(5),승강기)에스컬레이터-영등포구청 내부9,B5-B4,양평 방면7-2,사용가능,ES,2026-08-07 15:39
2524,영등포구청(5),승강기)에스컬레이터-영등포구청 외부11,1F-B1,7번 출입구,사용가능,ES,2026-08-07 15:39
2524,영등포구청(5),승강기)에스컬레이터-영등포구청 외부12,B1-1F,7번 출입구,사용가능,ES,2026-08-07 15:39
2524,영등포구청(5),승강기)엘리베이터-영등포구청 내부 4호기,B4-B5,영등포시장 방면1-1,사용가능,EV,2026-08-07 15:39
2524,영등포구청(5),승강기)엘리베이터-영등포구청 내부2,B4-B5,영등포시장 방면5-4,사용가능,EV,2026-08-07 15:39
2524,영등포구청(5),승강기)엘리베이터-영등포구청(5) 내부3,B4-B5,양평 방면8-4,사용가능,EV,2026-08-07 15:39
2524,영등포구청(5),승강기)엘리베이터-영등포구청(5) 외부1,B5-1F,"6,7번 출입구 사이(공영주차장입구)",사용가능,EV,2026-08-07 15:39
2524,영등포구청(5),승강기)휠체어리프트-영등포구청 내부 3,B2-B4,영등포시장 방면2-3,사용가능,WL,2026-08-07 15:39
2525,영등포시장,승강기)에스컬레이터-영등포시장 내부1,B3-B5,대합실,사용가능,ES,2026-08-07 15:39
2525,영등포시장,승강기)에스컬레이터-영등포시장 내부2,B5-B3,대합실,사용가능,ES,2026-08-07 15:39
2525,영등포시장,승강기)에스컬레이터-영등포시장 내부3,B2-B1,대합실,사용가능,ES,2026-08-07 15:39
2525,영등포시장,승강기)에스컬레이터-영등포시장 내부4,B1-B2,대합실,사용가능,ES,2026-08-07 15:39
2525,영등포시장,승강기)에스컬레이터-영등포시장 내부5,B2-B3,대합실,사용가능,ES,2026-08-07 15:39
2525,영등포시장,승강기)에스컬레이터-영등포시장 내부6,B3-B2,대합실,사용가능,ES,2026-08-07 15:39
2525,영등포시장,승강기)에스컬레이터-영등포시장 외부7,B1-1F,2번 출입구,사용가능,ES,2026-08-07 15:39
2525,영등포시장,승강기)에스컬레이터-영등포시장 외부8,1F-B1,2번 출입구,사용가능,ES,2026-08-07 15:39
2525,영등포시장,승강기)엘리베이터-영등포시장 내부1,B5-B6,영등포구청 방면4-3,사용가능,EV,2026-08-07 15:39
2525,영등포시장,승강기)엘리베이터-영등포시장 내부2,B1-B6,신길 방면5-2,사용가능,EV,2026-08-07 15:39
2525,영등포시장,승강기)엘리베이터-영등포시장역 2번 출입구 외부 3호기,B1-1F,2번 출입구,보수중,EV,2026-08-07 15:39
2526,신길(5),승강기)에스컬레이터-신길 3번 출입구 1호기,B3-1F,3번 출입구,사용가능,ES,2026-08-07 15:39
2526,신길(5),승강기)에스컬레이터-신길 3번 출입구 2호기,1F-B3,3번 출입구,사용가능,ES,2026-08-07 15:39
2526,신길(5),승강기)에스컬레이터-신길 내부 3호기,B1-B3,환승통로(1호선 방면),보수중,ES,2026-08-07 15:39
2526,신길(5),승강기)에스컬레이터-신길 내부 4호기,B1-B3,환승통로(1호선 방면),사용가능,ES,2026-08-07 15:39
2526,신길(5),승강기)에스컬레이터-신길 내부 5호기,B3-B1,환승통로(1호선 방면),사용가능,ES,2026-08-07 15:39
2526,신길(5),승강기)에스컬레이터-신길 내부 6호기,B3-B1,환승통로(1호선 방면),사용가능,ES,2026-08-07 15:39
2526,신길(5),승강기)에스컬레이터-신길 내부 7호기,B3-B4,영등포시장 방면7-3,사용가능,ES,2026-08-07 15:39
2526,신길(5),승강기)에스컬레이터-신길 내부 8호기,B4-B3,영등포시장 방면7-3,사용가능,ES,2026-08-07 15:39
2526,신길(5),승강기)에스컬레이터-신길 내부 9호기,B4-B3,여의도 방면2-2,사용가능,ES,2026-08-07 15:39
2526,신길(5),승강기)엘리베이터-신길 3번 출구측 외부 3호기,B2-1F,3번 출입구,사용가능,EV,2026-08-07 15:39
2526,신길(5),승강기)엘리베이터-신길 경사형 내부 6호기,B3-B1,환승통로(경사형),사용가능,EV,2026-08-07 15:39
2526,신길(5),승강기)엘리베이터-신길 내부 1호기,B4-B3,영등포시장 방면5-3,사용가능,EV,2026-08-07 15:39
2526,신길(5),승강기)엘리베이터-신길 내부 2호기,B4-B3,여의도 방면4-2,사용가능,EV,2026-08-07 15:39
2526,신길(5),승강기)엘리베이터-신길 내부 4호기,B4-B3,여의도 방면1-1,사용가능,EV,2026-08-07 15:39
2526,신길(5),승강기)엘리베이터-신길 내부 5호기,B4-B3,영등포시장 방면8-4,사용가능,EV,2026-08-07 15:39
2527,여의도(5),승강기)에스컬레이터-여의도 내부1,B1-B3,대합실,사용가능,ES,2026-08-07 15:39
2527,여의도(5),승강기)에스컬레이터-여의도 내부2,B3-B1,대합실,사용가능,ES,2026-08-07 15:39
2527,여의도(5),승강기)에스컬레이터-여의도 내부3,B3-B1,대합실,사용가능,ES,2026-08-07 15:39
2527,여의도(5),승강기)에스컬레이터-여의도 내부4,B1-B3,대합실,사용가능,ES,2026-08-07 15:39
2527,여의도(5),승강기)엘리베이터-여의도 내부1,B1-B4,신길 방면6-4,사용가능,EV,2026-08-07 15:39
2527,여의도(5),승강기)엘리베이터-여의도 내부2,B1-B4,여의나루 방면6-4,사용가능,EV,2026-08-07 15:39
2528,여의나루,승강기)에스컬레이터-여의나루 내부1,B4-B2,대합실,사용가능,ES,2026-08-07 15:39
2528,여의나루,승강기)에스컬레이터-여의나루 내부2,B4-B2,대합실,사용가능,ES,2026-08-07 15:39
2528,여의나루,승강기)에스컬레이터-여의나루 내부3,B2-B4,대합실,사용가능,ES,2026-08-07 15:39
2528,여의나루,승강기)에스컬레이터-여의나루 내부4,B2-B4,대합실,사용가능,ES,2026-08-07 15:39
2528,여의나루,승강기)에스컬레이터-여의나루 내부5,B2-B1,대합실,사용가능,ES,2026-08-07 15:39
2528,여의나루,승강기)에스컬레이터-여의나루 내부6,B1-B2,대합실,사용가능,ES,2026-08-07 15:39
2528,여의나루,승강기)에스컬레이터-여의나루 내부7,B1-BM1,대합실,사용가능,ES,2026-08-07 15:39
2528,여의나루,승강기)에스컬레이터-여의나루 내부8,B1-BM1,대합실,사용가능,ES,2026-08-07 15:39
2528,여의나루,승강기)에스컬레이터-여의나루 내부9,BM1-B1,대합실,사용가능,ES,2026-08-07 15:39
2528,여의나루,승강기)에스컬레이터-여의나루 외부10,1F-B1,4번 출입구,사용가능,ES,2026-08-07 15:39
2528,여의나루,승강기)에스컬레이터-여의나루 외부11,B1-1F,4번 출입구,사용가능,ES,2026-08-07 15:39
2528,여의나루,승강기)엘리베이터-여의나루 내부1,B1-B5,"여의도 방면6-2, 마포 방면3-3",사용가능,EV,2026-08-07 15:39
2528,여의나루,승강기)엘리베이터-여의나루 내부2,BM1-B1,대합실(경사형),사용가능,EV,2026-08-07 15:39
2528,여의나루,승강기)엘리베이터-여의나루 외부3,BM1-1F,4번 출입구,사용가능,EV,2026-08-07 15:39
2529,마포,승강기)에스컬레이터-마포 내부1,B1-B3,대합실,사용가능,ES,2026-08-07 15:39
2529,마포,승강기)에스컬레이터-마포 내부2,B3-B1,대합실,사용가능,ES,2026-08-07 15:39
2529,마포,승강기)에스컬레이터-마포 내부3,B3-B1,대합실,사용가능,ES,2026-08-07 15:39
2529,마포,승강기)에스컬레이터-마포 내부4,B1-B3,대합실,사용가능,ES,2026-08-07 15:39
2529,마포,승강기)에스컬레이터-마포 내부7,B3-B4,대합실,사용가능,ES,2026-08-07 15:39
2529,마포,승강기)에스컬레이터-마포 내부8,B4-B3,대합실,사용가능,ES,2026-08-07 15:39
2529,마포,승강기)에스컬레이터-마포 외부10,1F-B1,3번 출입구,사용가능,ES,2026-08-07 15:39
2529,마포,승강기)에스컬레이터-마포 외부5,1F-B1,2번 출입구,사용가능,ES,2026-08-07 15:39
2529,마포,승강기)에스컬레이터-마포 외부6,B1-1F,2번 출입구,사용가능,ES,2026-08-07 15:39
2529,마포,승강기)에스컬레이터-마포 외부9,B1-1F,3번 출입구,사용가능,ES,2026-08-07 15:39
2529,마포,승강기)엘리베이터-마포 내부1,B1-B5,"여의나루 방면5-1, 공덕 방면4-4",사용가능,EV,2026-08-07 15:39
2529,마포,승강기)엘리베이터-마포 외부2,B1-1F,2번 출입구,사용가능,EV,2026-08-07 15:39
2530,공덕(5),승강기)에스컬레이터-공덕 내부1,B3-B2,환승통로(애오개 방면8-4 마포 방면1-1),사용가능,ES,2026-08-07 15:39
2530,공덕(5),승강기)에스컬레이터-공덕 내부11,B1-BM1,대합실,사용가능,ES,2026-08-07 15:39
2530,공덕(5),승강기)에스컬레이터-공덕 내부2,B2-B3,환승통로(애오개 방면8-4 마포 방면1-1),사용가능,ES,2026-08-07 15:39
2530,공덕(5),승강기)에스컬레이터-공덕 내부3,B3-B2,"마포 방면1-1, 애오개 방면8-4",사용가능,ES,2026-08-07 15:39
2530,공덕(5),승강기)에스컬레이터-공덕 내부4,B2-B3,"마포 방면1-1, 애오개 방면8-4",사용가능,ES,2026-08-07 15:39
2530,공덕(5),승강기)에스컬레이터-공덕 내부5,B2-B1,대합실,사용가능,ES,2026-08-07 15:39
2530,공덕(5),승강기)에스컬레이터-공덕 내부6,B1-B2,대합실,사용가능,ES,2026-08-07 15:39
2530,공덕(5),승강기)에스컬레이터-공덕 내부7,B1-B2,대합실,사용가능,ES,2026-08-07 15:39
2530,공덕(5),승강기)에스컬레이터-공덕 내부8,B2-B1,대합실,사용가능,ES,2026-08-07 15:39
2530,공덕(5),승강기)에스컬레이터-공덕 외부10,B1-1F,4번 출입구,사용가능,ES,2026-08-07 15:39
2530,공덕(5),승강기)에스컬레이터-공덕 외부9,1F-B1,4번 출입구,사용가능,ES,2026-08-07 15:39
2530,공덕(5),승강기)엘리베이터-공덕 내부1,B3-B1,환승통로(애오개 방면8-4 마포 방면1-1),사용가능,EV,2026-08-07 15:39
2530,공덕(5),승강기)엘리베이터-공덕 외부2,B1-1F,2번 출입구,사용가능,EV,2026-08-07 15:39
2531,애오개,승강기)에스컬레이터-애오개 내부1,B3-B1,대합실,사용가능,ES,2026-08-07 15:39
2531,애오개,승강기)에스컬레이터-애오개 내부2,B1-B3,대합실,사용가능,ES,2026-08-07 15:39
2531,애오개,승강기)에스컬레이터-애오개 내부3,B3-B1,대합실,사용가능,ES,2026-08-07 15:39
2531,애오개,승강기)에스컬레이터-애오개 내부4,B1-B3,대합실,사용가능,ES,2026-08-07 15:39
2531,애오개,승강기)에스컬레이터-애오개 외부5,BM1-1F,4번 출입구,사용가능,ES,2026-08-07 15:39
2531,애오개,승강기)에스컬레이터-애오개 외부6,1F-BM1,4번 출입구,사용가능,ES,2026-08-07 15:39
2531,애오개,승강기)엘리베이터-애오개 내부1,B3-B4,공덕 방면4-4,사용가능,EV,2026-08-07 15:39
2531,애오개,승강기)엘리베이터-애오개 내부2,B3-B4,충정로 방면5-1,사용가능,EV,2026-08-07 15:39
2531,애오개,승강기)엘리베이터-애오개 내부3,B1-B3,대합실,사용가능,EV,2026-08-07 15:39
2531,애오개,승강기)엘리베이터-애오개 외부4,B1-1F,2번 출입구,사용가능,EV,2026-08-07 15:39
2531,애오개,승강기)엘리베이터-애오개 외부5,B1-1F,3번 출입구,사용가능,EV,2026-08-07 15:39
2532,충정로(5),승강기)에스컬레이터-충정로(5) 내부 1호기,B4-B2,대합실,사용가능,ES,2026-08-07 15:39
2532,충정로(5),승강기)에스컬레이터-충정로(5) 내부 2호기,B4-B2,대합실,사용가능,ES,2026-08-07 15:39
2532,충정로(5),승강기)에스컬레이터-충정로(5) 내부 3호기,B2-B4,대합실,사용가능,ES,2026-08-07 15:39
2532,충정로(5),승강기)에스컬레이터-충정로(5) 내부 4호기,B2-B4,대합실,사용가능,ES,2026-08-07 15:39
2532,충정로(5),승강기)엘리베이터-충정로 내부1,B5-B2-B1,"애오개 방면3-3, 서대문 방면6-2",사용가능,EV,2026-08-07 15:39
2532,충정로(5),승강기)엘리베이터-충정로 외부2,B1-1F,8번 출입구,사용가능,EV,2026-08-07 15:39
2533,서대문,승강기)에스컬레이터-서대문 내부1,B1-B3,아이센터 측(지하1층),사용가능,ES,2026-08-07 15:39
2533,서대문,승강기)에스컬레이터-서대문 내부2,B3-B1,아이센터 측(지하1층),사용가능,ES,2026-08-07 15:39
2533,서대문,승강기)에스컬레이터-서대문 내부3,B3-B1,아이센터 측(지하1층),사용가능,ES,2026-08-07 15:39
2533,서대문,승강기)에스컬레이터-서대문 내부4,B1-B3,아이센터 측(지하1층),사용가능,ES,2026-08-07 15:39
2533,서대문,승강기)에스컬레이터-서대문 외부5,BM1-1F,6번 출입구,사용가능,ES,2026-08-07 15:39
2533,서대문,승강기)에스컬레이터-서대문 외부6,1F-BM1,6번 출입구,사용가능,ES,2026-08-07 15:39
2533,서대문,승강기)에스컬레이터-서대문 외부7,1F-B1,5번 출입구,사용가능,ES,2026-08-07 15:39
2533,서대문,승강기)에스컬레이터-서대문 외부8,B1-1F,5번 출입구,사용가능,ES,2026-08-07 15:39
2533,서대문,승강기)에스컬레이터-서대문역 외부10,1F-B1,4번 출입구,사용가능,ES,2026-08-07 15:39
2533,서대문,승강기)에스컬레이터-서대문역 외부9,B1-1F,4번 출입구,사용가능,ES,2026-08-07 15:39
2533,서대문,승강기)엘리베이터-서대문 내부1,B1-B4,"충정로 방면3-2, 광화문 방면6-3",사용가능,EV,2026-08-07 15:39
2533,서대문,승강기)엘리베이터-서대문 외부2,B1-1F,2번 출입구,사용가능,EV,2026-08-07 15:39
2533,서대문,승강기)엘리베이터-서대문 외부3,BM1-1F,"5,6번 출입구 사이",사용가능,EV,2026-08-07 15:39
2534,광화문,승강기)에스컬레이터-광화문 내부1,B3-B2,"서대문 방면1-1, 종로3가 방면8-4",사용가능,ES,2026-08-07 15:39
2534,광화문,승강기)에스컬레이터-광화문 내부2,B2-B3,"서대문 방면1-1, 종로3가 방면8-4",사용가능,ES,2026-08-07 15:39
2534,광화문,승강기)에스컬레이터-광화문 내부3,B2-B1,대합실(광장 측),사용가능,ES,2026-08-07 15:39
2534,광화문,승강기)에스컬레이터-광화문 내부4,B1-B2,대합실(광장 측),사용가능,ES,2026-08-07 15:39
2534,광화문,승강기)엘리베이터-광화문 내부2,B2-B4,"서대문 방면1-1,종로3가 방면8-4",사용가능,EV,2026-08-07 15:39
2534,광화문,승강기)엘리베이터-광화문 외부1,B2-B1-1F,"서대문 방면1-1, 종로3가 방면8-4",사용가능,EV,2026-08-07 15:39
2535,종로3가(5),승강기)에스컬레이터-종로3가(5) 내부 10호기,B1-1F,4번 출입구,사용가능,ES,2026-08-07 15:39
2535,종로3가(5),승강기)에스컬레이터-종로3가(5) 내부 1호기,B5-B3,"광화문 방면1-1, 을지로4가 방면8-4",사용가능,ES,2026-08-07 15:39
2535,종로3가(5),승강기)에스컬레이터-종로3가(5) 내부 2호기,B3-B5,"광화문 방면1-1, 을지로4가 방면8-4",사용가능,ES,2026-08-07 15:39
2535,종로3가(5),승강기)에스컬레이터-종로3가(5) 내부 3호기,B3-B1,"대합실(4,5번 출입구 사이)",사용가능,ES,2026-08-07 15:39
2535,종로3가(5),승강기)에스컬레이터-종로3가(5) 내부 4호기,B1-B3,"대합실(4,5번 출입구 사이)",사용가능,ES,2026-08-07 15:39
2535,종로3가(5),승강기)에스컬레이터-종로3가(5) 내부 5호기,B3-B4,환승통로(광화문 방면8-4 을지로4가 방면1-1),사용가능,ES,2026-08-07 15:39
2535,종로3가(5),승강기)에스컬레이터-종로3가(5) 내부 6호기,B3-B4,환승통로(광화문 방면8-4 을지로4가 방면1-1),사용가능,ES,2026-08-07 15:39
2535,종로3가(5),승강기)에스컬레이터-종로3가(5) 내부 7호기,B4-B3,환승통로(광화문 방면8-4 을지로4가 방면1-1),사용가능,ES,2026-08-07 15:39
2535,종로3가(5),승강기)에스컬레이터-종로3가(5) 내부 8호기,B4-B3,환승통로(광화문 방면8-4 을지로4가 방면1-1),사용가능,ES,2026-08-07 15:39
2535,종로3가(5),승강기)에스컬레이터-종로3가(5) 내부 9호기,1F-B1,4번 출입구,사용가능,ES,2026-08-07 15:39
2535,종로3가(5),승강기)엘리베이터-종로3가 내부1,B1-B4,환승통로(광화문 방면8-4 을지로4가 방면1-1),사용가능,EV,2026-08-07 15:39
2535,종로3가(5),승강기)엘리베이터-종로3가(5) 내부 2호기,B4-B5,"광화문 방면8-4, 을지로4가 방면1-1",사용가능,EV,2026-08-07 15:39
2536,을지로4가(5),승강기)에스컬레이터-을지로4가 내부1,B2-B4,대합실(아이센터 측),사용가능,ES,2026-08-07 15:39
2536,을지로4가(5),승강기)에스컬레이터-을지로4가 내부2,B4-B2,대합실(아이센터 측),사용가능,ES,2026-08-07 15:39
2536,을지로4가(5),승강기)에스컬레이터-을지로4가 내부3,B2-B4,환승통로(동역사 방면1-4 종로3가 방면8-1),사용가능,ES,2026-08-07 15:39
2536,을지로4가(5),승강기)에스컬레이터-을지로4가 내부4,B4-B2,환승통로(동역사 방면1-4 종로3가 방면8-1),사용가능,ES,2026-08-07 15:39
2536,을지로4가(5),승강기)에스컬레이터-을지로4가 내부5,B3-B5,환승통로(동역사 방면1-1 종로3가 방면8-4),사용가능,ES,2026-08-07 15:39
2536,을지로4가(5),승강기)에스컬레이터-을지로4가 내부6,B5-B3,환승통로(동역사 방면1-1 종로3가 방면8-4),사용가능,ES,2026-08-07 15:39
2536,을지로4가(5),승강기)에스컬레이터-을지로4가 내부7,B1-B2,대합실(아이센터 측),사용가능,ES,2026-08-07 15:39
2536,을지로4가(5),승강기)에스컬레이터-을지로4가 내부8,B2-B1,대합실(아이센터 측),사용가능,ES,2026-08-07 15:39
2536,을지로4가(5),승강기)에스컬레이터-을지로4가 내부9,B3-B2,환승통로(2호선 동대문역사문화공원 방면),사용가능,ES,2026-08-07 15:39
2536,을지로4가(5),승강기)에스컬레이터-을지로4가 외부10,B1-1F,4번 출입구,사용가능,ES,2026-08-07 15:39
2536,을지로4가(5),승강기)에스컬레이터-을지로4가 외부11,1F-B1,4번 출입구,사용가능,ES,2026-08-07 15:39
2536,을지로4가(5),승강기)엘리베이터-을지로4가 내부1,B1-B5,"동대문역사문화공원방면 1-1,종로3가방면 10-4",사용가능,EV,2026-08-07 15:39
2537,동대문역사문화공원(5),승강기)에스컬레이터-동대문역사문화공원(5) 내부1,B4-B2,"대합실(6,7번 출입구 사이)",사용가능,ES,2026-08-07 15:39
2537,동대문역사문화공원(5),승강기)에스컬레이터-동대문역사문화공원(5) 내부2,B2-B4,"대합실(6,7번 출입구 사이)",보수중,ES,2026-08-07 15:39
2537,동대문역사문화공원(5),승강기)에스컬레이터-동대문역사문화공원(5) 내부3,B2-B4,"환승통로(2,4호선 방면)",사용가능,ES,2026-08-07 15:39
2537,동대문역사문화공원(5),승강기)에스컬레이터-동대문역사문화공원(5) 내부4,B4-B2,"환승통로(2,4호선 방면)",사용가능,ES,2026-08-07 15:39
2537,동대문역사문화공원(5),승강기)에스컬레이터-동대문역사문화공원(5) 내부5,B4-B2,"환승통로(2,4호선 방면)",사용가능,ES,2026-08-07 15:39
2537,동대문역사문화공원(5),승강기)엘리베이터-동역사(5) 내부1,B1-B4,"대합실(6,7번 출입구 사이)",사용가능,EV,2026-08-07 15:39
2537,동대문역사문화공원(5),승강기)엘리베이터-동역사(5) 내부2,B1-B5,"청구방면 1-1,을지로4가 방면10-4",사용가능,EV,2026-08-07 15:39
2539,신금호,승강기)에스컬레이터-신금호 1번 출입구 외부 7호기,B1-1F,1번 출입구,사용가능,ES,2026-08-07 15:39
2539,신금호,승강기)에스컬레이터-신금호 1번 출입구 외부 8호기,1F-B1,1번 출입구,사용가능,ES,2026-08-07 15:39
2539,신금호,승강기)에스컬레이터-신금호 2번 출입구 외부 10호기,1F-B1,2번 출입구,사용가능,ES,2026-08-07 15:39
2539,신금호,승강기)에스컬레이터-신금호 2번 출입구 외부 9호기,B1-1F,2번 출입구,사용가능,ES,2026-08-07 15:39
2539,신금호,승강기)에스컬레이터-신금호 4번 출입구 외부 11호기,B1-1F,4번 출입구,사용가능,ES,2026-08-07 15:39
2539,신금호,승강기)에스컬레이터-신금호 4번 출입구 외부 12호기,1F-B1,4번 출입구,사용가능,ES,2026-08-07 15:39
2539,신금호,승강기)에스컬레이터-신금호 내부5,B2-B1,고객안전실 측(지하2층),사용가능,ES,2026-08-07 15:39
2539,신금호,승강기)에스컬레이터-신금호 내부6,B1-B2,고객안전실 측(지하2층),사용가능,ES,2026-08-07 15:39
2539,신금호,승강기)에스컬레이터-신금호역 내부  1호기,B8-B5,"행당 방면3-4, 청구 방면5-3",사용가능,ES,2026-08-07 15:39
2539,신금호,승강기)에스컬레이터-신금호역 내부  2호기,B5-B8,"행당 방면3-4, 청구 방면5-3",사용가능,ES,2026-08-07 15:39
2539,신금호,승강기)에스컬레이터-신금호역 내부  3호기,B5-B2,"대합실(ES 1,2호기 근처)",사용가능,ES,2026-08-07 15:39
2539,신금호,승강기)에스컬레이터-신금호역 내부  4호기,B2-B5,"대합실(ES 1,2호기 근처)",사용가능,ES,2026-08-07 15:39
2539,신금호,승강기)엘리베이터-신금호 내부1,B2-B8,"청구 방면1-2, 행당 방면8-3",보수중,EV,2026-08-07 15:39
2539,신금호,승강기)엘리베이터-신금호 내부2,B2-B8,"청구 방면1-2, 행당 방면8-3",사용가능,EV,2026-08-07 15:39
2539,신금호,승강기)엘리베이터-신금호 외부3,B2-B1-1F,고객안전실 측,사용가능,EV,2026-08-07 15:39
2540,행당,승강기)에스컬레이터-행당 내부1,B3-B1,대합실,사용가능,ES,2026-08-07 15:39
2540,행당,승강기)에스컬레이터-행당 내부2,B1-B3,대합실,사용가능,ES,2026-08-07 15:39
2540,행당,승강기)에스컬레이터-행당 내부5,BM4-B3,대합실,사용가능,ES,2026-08-07 15:39
2540,행당,승강기)에스컬레이터-행당 내부6,B3-BM4,대합실,사용가능,ES,2026-08-07 15:39
2540,행당,승강기)에스컬레이터-행당 외부3,B1-1F,1번 출입구,사용가능,ES,2026-08-07 15:39
2540,행당,승강기)에스컬레이터-행당 외부4,1F-B1,1번 출입구,사용가능,ES,2026-08-07 15:39
2540,행당,승강기)에스컬레이터-행당 외부7,B1-1F,4번 출입구,사용가능,ES,2026-08-07 15:39
2540,행당,승강기)에스컬레이터-행당 외부8,1F-B1,4번 출입구,사용가능,ES,2026-08-07 15:39
2540,행당,승강기)엘리베이터-행당 내부1,B5-B4-B3,신금호 방면4-4,사용가능,EV,2026-08-07 15:39
2540,행당,승강기)엘리베이터-행당 내부2,B4-B5,왕십리 방면5-1,사용가능,EV,2026-08-07 15:39
2540,행당,승강기)엘리베이터-행당 외부3,B3-1F,3번 출입구,사용가능,EV,2026-08-07 15:39
2541,왕십리(5),승강기)에스컬레이터-왕십리 내부1,B2-B4,지하철경찰대 측(지하4층),사용가능,ES,2026-08-07 15:39
2541,왕십리(5),승강기)에스컬레이터-왕십리 내부2,B2-B4,지하철경찰대 측(지하4층),사용가능,ES,2026-08-07 15:39
2541,왕십리(5),승강기)에스컬레이터-왕십리 내부3,B4-B2,지하철경찰대 측(지하4층),사용가능,ES,2026-08-07 15:39
2541,왕십리(5),승강기)에스컬레이터-왕십리 내부4,B4-B2,지하철경찰대 측(지하4층),사용가능,ES,2026-08-07 15:39
2541,왕십리(5),승강기)에스컬레이터-왕십리 내부5,B4-B2,환승통로(2호선 시청방면),사용가능,ES,2026-08-07 15:39
2541,왕십리(5),승강기)에스컬레이터-왕십리 내부6,B4-B2,환승통로(2호선 시청방면),사용가능,ES,2026-08-07 15:39
2541,왕십리(5),승강기)에스컬레이터-왕십리 내부7,B2-B4,환승통로(2호선 시청방면),사용가능,ES,2026-08-07 15:39
2541,왕십리(5),승강기)에스컬레이터-왕십리 내부8,B4-B2,환승통로(2호선 시청방면),사용가능,ES,2026-08-07 15:39
2541,왕십리(5),승강기)엘리베이터-왕십리 내부2,B4-B5,행당 방면3-3,사용가능,EV,2026-08-07 15:39
2541,왕십리(5),승강기)엘리베이터-왕십리 내부3,B4-B5,마장 방면6-2,사용가능,EV,2026-08-07 15:39
2541,왕십리(5),승강기)엘리베이터-왕십리 외부1,B4-1F,4번 출입구,사용가능,EV,2026-08-07 15:39
2542,마장,승강기)에스컬레이터-마장 내부3,BM2-B1,대합실,사용가능,ES,2026-08-07 15:39
2542,마장,승강기)에스컬레이터-마장 내부4,B1-BM2,대합실,사용가능,ES,2026-08-07 15:39
2542,마장,승강기)에스컬레이터-마장 외부1,BM1-1F,4번 출입구,사용가능,ES,2026-08-07 15:39
2542,마장,승강기)에스컬레이터-마장 외부2,1F-BM1,4번 출입구,사용가능,ES,2026-08-07 15:39
2542,마장,승강기)엘리베이터-마장 내부1,B2-B3,왕십리 방면4-4,사용가능,EV,2026-08-07 15:39
2542,마장,승강기)엘리베이터-마장 내부2,B2-B3,답십리 방면5-1,사용가능,EV,2026-08-07 15:39
2542,마장,승강기)엘리베이터-마장 내부3,B2-1F,2번 출입구,사용가능,EV,2026-08-07 15:39
2543,답십리,승강기)에스컬레이터-답십리 외부1,B1-1F,1번 출입구,사용가능,ES,2026-08-07 15:39
2543,답십리,승강기)에스컬레이터-답십리 외부2,1F-B1,1번 출입구,사용가능,ES,2026-08-07 15:39
2543,답십리,승강기)에스컬레이터-답십리 외부3,1F-BM1,5번 출입구,사용가능,ES,2026-08-07 15:39
2543,답십리,승강기)에스컬레이터-답십리 외부4,BM1-1F,5번 출입구,사용가능,ES,2026-08-07 15:39
2543,답십리,승강기)엘리베이터-답십리 내부1,B2-B3,마장 방면4-4,사용가능,EV,2026-08-07 15:39
2543,답십리,승강기)엘리베이터-답십리 내부2,B2-B3,장한평 방면5-1,사용가능,EV,2026-08-07 15:39
2543,답십리,승강기)엘리베이터-답십리 외부3,B2-1F,2번 출입구,보수중,EV,2026-08-07 15:39
2543,답십리,승강기)엘리베이터-답십리 외부4,B2-1F,6번 출입구,사용가능,EV,2026-08-07 15:39
2543,답십리,승강기)휠체어리프트-답십리 내부 1,B1-B1,대합실,사용가능,WL,2026-08-07 15:39
2544,장한평,승강기)에스컬레이터-장한평 내부1,B1-B2,대합실,사용가능,ES,2026-08-07 15:39
2544,장한평,승강기)에스컬레이터-장한평 내부2,B2-B1,대합실,사용가능,ES,2026-08-07 15:39
2544,장한평,승강기)에스컬레이터-장한평 외부3,1F-BM1,3번 출입구,사용가능,ES,2026-08-07 15:39
2544,장한평,승강기)에스컬레이터-장한평 외부4,BM1-1F,3번 출입구,사용가능,ES,2026-08-07 15:39
2544,장한평,승강기)엘리베이터-장한평 내부1,B2-B3,"답십리 방면4-2, 군자 방면5-2",사용가능,EV,2026-08-07 15:39
2544,장한평,승강기)엘리베이터-장한평 외부2,B2-1F,"7,8번 출입구 사이",사용가능,EV,2026-08-07 15:39
2544,장한평,승강기)엘리베이터-장한평 외부3,B2-1F,1번 출입구,사용가능,EV,2026-08-07 15:39
2544,장한평,승강기)휠체어리프트-장한평 내부 1,B1-B2,대합실,사용가능,WL,2026-08-07 15:39
2545,군자(5),승강기)에스컬레이터-군자 외부1,B1-1F,5번 출입구,사용가능,ES,2026-08-07 15:39
2545,군자(5),승강기)에스컬레이터-군자 외부2,1F-B1,5번 출입구,보수중,ES,2026-08-07 15:39
2545,군자(5),승강기)에스컬레이터-군자 외부3,B1-1F,4번 출입구,사용가능,ES,2026-08-07 15:39
2545,군자(5),승강기)에스컬레이터-군자 외부4,1F-B1,4번 출입구,사용가능,ES,2026-08-07 15:39
2545,군자(5),승강기)에스컬레이터-군자(5) 1번 출입구 외부 5호기,B1-1F,1번 출입구,사용가능,ES,2026-08-07 15:39
2545,군자(5),승강기)에스컬레이터-군자(5) 1번 출입구 외부 6호기,1F-B1,1번 출입구,사용가능,ES,2026-08-07 15:39
2545,군자(5),승강기)에스컬레이터-군자역 8번출입구 E/S 1200형 7호기,B1-1F,8번 출입구,사용가능,ES,2026-08-07 15:39
2545,군자(5),승강기)에스컬레이터-군자역 8번출입구 E/S 1200형 8호기,1F-B1,8번 출입구,사용가능,ES,2026-08-07 15:39
2545,군자(5),승강기)엘리베이터-군자 내부1,B3-B2-B1,"장한평 방면5-3, 아차산 방면4-1",보수중,EV,2026-08-07 15:39
2545,군자(5),승강기)엘리베이터-군자 내부2,B3-B2-B1,"장한평 방면4-3, 아차산 방면5-1",사용가능,EV,2026-08-07 15:39
2545,군자(5),승강기)엘리베이터-군자 외부3,B1-1F,4번 출입구,사용가능,EV,2026-08-07 15:39
2546,아차산,승강기)에스컬레이터-아차산 내부3,B2-B1,대합실,사용가능,ES,2026-08-07 15:39
2546,아차산,승강기)에스컬레이터-아차산 내부4,B1-B2,대합실,사용가능,ES,2026-08-07 15:39
2546,아차산,승강기)에스컬레이터-아차산 외부1,B1-1F,1번 출입구,사용가능,ES,2026-08-07 15:39
2546,아차산,승강기)에스컬레이터-아차산 외부2,1F-B1,1번 출입구,사용가능,ES,2026-08-07 15:39
2546,아차산,승강기)에스컬레이터-아차산 외부5,B1-1F,3번 출입구,사용가능,ES,2026-08-07 15:39
2546,아차산,승강기)에스컬레이터-아차산 외부6,1F-B1,3번 출입구,사용가능,ES,2026-08-07 15:39
2546,아차산,승강기)에스컬레이터-아차산 외부7,B1-1F,2번 출입구,사용가능,ES,2026-08-07 15:39
2546,아차산,승강기)에스컬레이터-아차산 외부8,1F-B1,2번 출입구,사용가능,ES,2026-08-07 15:39
2546,아차산,승강기)엘리베이터-아차산 내부1,B3-B2-B1,군자 방면6-1,사용가능,EV,2026-08-07 15:39
2546,아차산,승강기)엘리베이터-아차산 내부2,B3-B2-B1,광나루 방면3-4,사용가능,EV,2026-08-07 15:39
2546,아차산,승강기)엘리베이터-아차산 외부3,B1-1F,3번 출입구,사용가능,EV,2026-08-07 15:39
2547,광나루,승강기)에스컬레이터-광나루 외부1,1F-BM1,4번 출입구,사용가능,ES,2026-08-07 15:39
2547,광나루,승강기)에스컬레이터-광나루 외부2,BM1-1F,4번 출입구,사용가능,ES,2026-08-07 15:39
2547,광나루,승강기)에스컬레이터-광나루 외부3,1F-B1,3번 출입구,사용가능,ES,2026-08-07 15:39
2547,광나루,승강기)에스컬레이터-광나루 외부4,B1-1F,3번 출입구,사용가능,ES,2026-08-07 15:39
2547,광나루,승강기)엘리베이터-광나루 내부1,B2-B3,아차산 방면5-1,사용가능,EV,2026-08-07 15:39
2547,광나루,승강기)엘리베이터-광나루 내부2,B2-B3,천호 방면4-4,사용가능,EV,2026-08-07 15:39
2547,광나루,승강기)엘리베이터-광나루 외부3,B2-1F,1번 출입구,사용가능,EV,2026-08-07 15:39
2547,광나루,승강기)엘리베이터-광나루 외부4,B1-1F,3번 출입구,사용가능,EV,2026-08-07 15:39
2547,광나루,승강기)휠체어리프트-광나루 내부 1,B1-B2,대합실,사용가능,WL,2026-08-07 15:39
2548,천호(5),승강기)에스컬레이터-천호(5) 내부1,B1-B2,대합실,보수중,ES,2026-08-07 15:39
2548,천호(5),승강기)에스컬레이터-천호(5) 내부2,B2-B1,대합실,사용가능,ES,2026-08-07 15:39
2548,천호(5),승강기)에스컬레이터-천호(5) 외부10,B1-1F,9번 출입구,사용가능,ES,2026-08-07 15:39
2548,천호(5),승강기)에스컬레이터-천호(5) 외부11,B1-1F,5번 출입구,사용가능,ES,2026-08-07 15:39
2548,천호(5),승강기)에스컬레이터-천호(5) 외부12,1F-B1,5번 출입구,사용가능,ES,2026-08-07 15:39
2548,천호(5),승강기)에스컬레이터-천호(5) 외부13,B1-1F,10번 출입구,사용가능,ES,2026-08-07 15:39
2548,천호(5),승강기)에스컬레이터-천호(5) 외부14,1F-B1,10번 출입구,사용가능,ES,2026-08-07 15:39
2548,천호(5),승강기)에스컬레이터-천호(5) 외부15,B1-1F,6번 출입구,사용가능,ES,2026-08-07 15:39
2548,천호(5),승강기)에스컬레이터-천호(5) 외부16,1F-B1,6번 출입구,사용가능,ES,2026-08-07 15:39
2548,천호(5),승강기)에스컬레이터-천호(5) 외부3,1F-B1,2번 출입구,사용가능,ES,2026-08-07 15:39
2548,천호(5),승강기)에스컬레이터-천호(5) 외부4,B1-1F,2번 출입구,사용가능,ES,2026-08-07 15:39
2548,천호(5),승강기)에스컬레이터-천호(5) 외부5,1F-B1,7번 출입구,사용가능,ES,2026-08-07 15:39
2548,천호(5),승강기)에스컬레이터-천호(5) 외부6,B1-1F,7번 출입구,사용가능,ES,2026-08-07 15:39
2548,천호(5),승강기)에스컬레이터-천호(5) 외부7,1F-B1,8번 출입구,사용가능,ES,2026-08-07 15:39
2548,천호(5),승강기)에스컬레이터-천호(5) 외부8,B1-1F,8번 출입구,사용가능,ES,2026-08-07 15:39
2548,천호(5),승강기)에스컬레이터-천호(5) 외부9,1F-B1,9번 출입구,보수중,ES,2026-08-07 15:39
2548,천호(5),승강기)엘리베이터-천호(5) 내부2,B1-B3,대합실,사용가능,EV,2026-08-07 15:39
2548,천호(5),승강기)엘리베이터-천호(5) 내부3,B2-B3,광나루 방면6-1,사용가능,EV,2026-08-07 15:39
2548,천호(5),승강기)엘리베이터-천호(5) 내부4,B2-B3,강동 방면4-1,사용가능,EV,2026-08-07 15:39
2548,천호(5),승강기)엘리베이터-천호(5) 외부1,BM1-1F,"6,7번 출입구 사이",사용가능,EV,2026-08-07 15:39
2549,강동,승강기)에스컬레이터-강동 4번 출입구 11호기,B1-1F,4번 출입구,사용가능,ES,2026-08-07 15:39
2549,강동,승강기)에스컬레이터-강동 4번 출입구 12호기,B1-1F,4번 출입구,사용가능,ES,2026-08-07 15:39
2549,강동,승강기)에스컬레이터-강동 내부 1호기,B1-B3,"대합실(B3, 아이센터 앞)",사용가능,ES,2026-08-07 15:39
2549,강동,승강기)에스컬레이터-강동 내부 2호기,B3-B1,"대합실(B3, 아이센터 앞)",사용가능,ES,2026-08-07 15:39
2549,강동,승강기)에스컬레이터-강동 내부 3호기,B3-B1,"대합실(B3, 개찰구 앞)",사용가능,ES,2026-08-07 15:39
2549,강동,승강기)에스컬레이터-강동 내부 4호기,B1-B3,"대합실(B3, 개찰구 앞)",사용가능,ES,2026-08-07 15:39
2549,강동,승강기)에스컬레이터-강동 내부 5호기,B3-B4,천호 방면8-4,사용가능,ES,2026-08-07 15:39
2549,강동,승강기)에스컬레이터-강동 내부 6호기,B4-B3,천호 방면8-4,사용가능,ES,2026-08-07 15:39
2549,강동,승강기)에스컬레이터-강동 내부 7호기,B3-B4,둔촌동 방면1-1,사용가능,ES,2026-08-07 15:39
2549,강동,승강기)에스컬레이터-강동 내부 8호기,B4-B3,둔촌동 방면1-1,사용가능,ES,2026-08-07 15:39
2549,강동,승강기)엘리베이터-강동 내부 1호기,B3-B4,둔촌동 방면8-3,사용가능,EV,2026-08-07 15:39
2549,강동,승강기)엘리베이터-강동 내부 3호기,B4-B3,천호 방면1-2,사용가능,EV,2026-08-07 15:39
2549,강동,승강기)엘리베이터-강동 외부 2호기,B3-1F,1번 출입구,사용가능,EV,2026-08-07 15:39
2550,길동,승강기)에스컬레이터-길동역 내부 1호기,B2-B1,"대합실(2,3번 출입구 측)",사용가능,ES,2026-08-07 15:39
2550,길동,승강기)에스컬레이터-길동역 내부 2호기,B1-B2,"대합실(2,3번 출입구 측)",사용가능,ES,2026-08-07 15:39
2550,길동,승강기)에스컬레이터-길동역 내부 3호기,B1-BM1,1번 출입구,사용가능,ES,2026-08-07 15:39
2550,길동,승강기)엘리베이터-길동 내부1,B2-B3,강동 방면5-1,사용가능,EV,2026-08-07 15:39
2550,길동,승강기)엘리베이터-길동 내부2,B2-B3,굽은다리 방면4-4,사용가능,EV,2026-08-07 15:39
2550,길동,승강기)엘리베이터-길동 내부3,B1-BM2,대합실(1번 출입구 세븐일레븐 옆),사용가능,EV,2026-08-07 15:39
2551,굽은다리,승강기)에스컬레이터-굽은다리 1번 출입구 외부 1호기,1F-B1,1번 출입구,사용가능,ES,2026-08-07 15:39
2551,굽은다리,승강기)에스컬레이터-굽은다리 1번 출입구 외부 2호기,B1-1F,1번 출입구,사용가능,ES,2026-08-07 15:39
2551,굽은다리,승강기)에스컬레이터-굽은다리 4번 출입구 외부 3호기,B1-1F,4번 출입구,사용가능,ES,2026-08-07 15:39
2551,굽은다리,승강기)에스컬레이터-굽은다리 4번 출입구 외부 4호기,1F-B1,4번 출입구,사용가능,ES,2026-08-07 15:39
2551,굽은다리,승강기)엘리베이터-굽은다리 내부1,B1-B2,길동 방면6-3,사용가능,EV,2026-08-07 15:39
2551,굽은다리,승강기)엘리베이터-굽은다리 내부2,B1-B2,"명일 방면3-2, 3-3 사이",사용가능,EV,2026-08-07 15:39
2551,굽은다리,승강기)엘리베이터-굽은다리 외부3,B1-1F,2번 출입구,보수중,EV,2026-08-07 15:39
2552,명일,승강기)에스컬레이터-명일 외부1,B1-1F,4번 출입구,사용가능,ES,2026-08-07 15:39
2552,명일,승강기)에스컬레이터-명일 외부2,1F-B1,4번 출입구,사용가능,ES,2026-08-07 15:39
2552,명일,승강기)엘리베이터-명일 내부1,B1-B2,굽은다리 방면5-2,사용가능,EV,2026-08-07 15:39
2552,명일,승강기)엘리베이터-명일 내부2,B1-B2,"고덕 방면4-3, 4-4 사이",사용가능,EV,2026-08-07 15:39
2552,명일,승강기)엘리베이터-명일 외부3,B1-1F,"3,4번 출입구 사이",사용가능,EV,2026-08-07 15:39
2553,고덕,승강기)에스컬레이터-고덕 외부1,1F-B1,4번 출입구,사용가능,ES,2026-08-07 15:39
2553,고덕,승강기)에스컬레이터-고덕 외부2,B1-1F,4번 출입구,사용가능,ES,2026-08-07 15:39
2553,고덕,승강기)에스컬레이터-고덕 외부3,B1-1F,"대합실(1,2번 출입구 사이)",사용가능,ES,2026-08-07 15:39
2553,고덕,승강기)에스컬레이터-고덕 외부4,1F-B1,"대합실(1,2번 출입구 사이)",사용가능,ES,2026-08-07 15:39
2553,고덕,승강기)에스컬레이터-고덕 외부5,B1-1F,1번 출입구,보수중,ES,2026-08-07 15:39
2553,고덕,승강기)에스컬레이터-고덕 외부6,1F-B1,1번 출입구,사용가능,ES,2026-08-07 15:39
2553,고덕,승강기)엘리베이터-고덕 내부1,B1-B2,명일 방면4-1,사용가능,EV,2026-08-07 15:39
2553,고덕,승강기)엘리베이터-고덕 내부2,B1-B2,상일동 방면6-1,사용가능,EV,2026-08-07 15:39
2553,고덕,승강기)엘리베이터-고덕 외부3,B1-1F,2번 출입구(역사 화장실 앞),사용가능,EV,2026-08-07 15:39
2553,고덕,승강기)엘리베이터-고덕 외부4,B1-1F,"4,5번 출입구 사이",사용가능,EV,2026-08-07 15:39
2554,상일동,승강기)에스컬레이터-상일동 1번 출입구 외부 3호기,B1-1F,1번 출입구,사용가능,ES,2026-08-07 15:39
2554,상일동,승강기)에스컬레이터-상일동 1번 출입구 외부 4호기,1F-B1,1번 출입구,사용가능,ES,2026-08-07 15:39
2554,상일동,승강기)에스컬레이터-상일동 2번 출입구 외부 5호기,B1-1F,2번 출입구,사용가능,ES,2026-08-07 15:39
2554,상일동,승강기)에스컬레이터-상일동 2번 출입구 외부 6호기,1F-B1,2번 출입구,사용가능,ES,2026-08-07 15:39
2554,상일동,승강기)에스컬레이터-상일동 3번 출입구 외부 7호기,B1-1F,3번 출입구,사용가능,ES,2026-08-07 15:39
2554,상일동,승강기)에스컬레이터-상일동 3번 출입구 외부 8호기,1F-B1,3번 출입구,사용가능,ES,2026-08-07 15:39
2554,상일동,승강기)에스컬레이터-상일동 4번 출입구 외부 10호기,1F-B1,4번 출입구,사용가능,ES,2026-08-07 15:39
2554,상일동,승강기)에스컬레이터-상일동 4번 출입구 외부 9호기,B1-1F,4번 출입구,사용가능,ES,2026-08-07 15:39
2554,상일동,승강기)에스컬레이터-상일동 5번 출입구 외부 11호기,B1-1F,5번 출입구,사용가능,ES,2026-08-07 15:39
2554,상일동,승강기)에스컬레이터-상일동 5번 출입구 외부 12호기,1F-B1,5번 출입구,사용가능,ES,2026-08-07 15:39
2554,상일동,승강기)에스컬레이터-상일동 6번 출입구 외부 13호기,B1-1F,6번 출입구,사용가능,ES,2026-08-07 15:39
2554,상일동,승강기)에스컬레이터-상일동 6번 출입구 외부 14호기,1F-B1,6번 출입구,사용가능,ES,2026-08-07 15:39
2554,상일동,승강기)에스컬레이터-상일동 7번 출입구 외부 15호기,B1-1F,7번 출입구,사용가능,ES,2026-08-07 15:39
2554,상일동,승강기)에스컬레이터-상일동 7번 출입구 외부 16호기,1F-B1,7번 출입구,사용가능,ES,2026-08-07 15:39
2554,상일동,승강기)에스컬레이터-상일동 8번 출입구 외부 17호기,B1-1F,8번 출입구,사용가능,ES,2026-08-07 15:39
2554,상일동,승강기)에스컬레이터-상일동 8번 출입구 외부 18호기,1F-B1,8번 출입구,사용가능,ES,2026-08-07 15:39
2554,상일동,승강기)엘리베이터-상일동 1번 출입구 외부 1호기,B2-1F,"1,2번 출입구 사이",사용가능,EV,2026-08-07 15:39
2554,상일동,승강기)엘리베이터-상일동 3번 출입구 외부 2호기,B2-1F,"3,4번 출입구 사이",사용가능,EV,2026-08-07 15:39
2554,상일동,승강기)엘리베이터-상일동 5번 출입구 외부 3호기,B1-1F,"5,6번 출입구 사이",사용가능,EV,2026-08-07 15:39
2554,상일동,승강기)엘리베이터-상일동 8번 출입구 외부 4호기,B1-1F,"7,8번 출입구 사이",사용가능,EV,2026-08-07 15:39
2554,상일동,승강기)엘리베이터-상일동 내부 5호기,B1-B2,고덕방면 6-1,사용가능,EV,2026-08-07 15:39
2554,상일동,승강기)엘리베이터-상일동 내부 6호기,B1-B2,강일 방면3-4,사용가능,EV,2026-08-07 15:39
2555,둔촌동,승강기)에스컬레이터-둔촌동 1번 출입구 5호기,B1-1F,1번 출입구,사용가능,ES,2026-08-07 15:39
2555,둔촌동,승강기)에스컬레이터-둔촌동 1번 출입구 6호기,1F-B1,1번 출입구,사용가능,ES,2026-08-07 15:39
2555,둔촌동,승강기)에스컬레이터-둔촌동 2번 출입구 7호기,1F-B1,2번 출입구,사용가능,ES,2026-08-07 15:39
2555,둔촌동,승강기)에스컬레이터-둔촌동 2번 출입구 8호기,B1-1F,2번 출입구,사용가능,ES,2026-08-07 15:39
2555,둔촌동,승강기)에스컬레이터-둔촌동 내부1,B1-BM1,1번 출입구,사용가능,ES,2026-08-07 15:39
2555,둔촌동,승강기)에스컬레이터-둔촌동 내부3,B1-BM1,3번 출입구,사용가능,ES,2026-08-07 15:39
2555,둔촌동,승강기)에스컬레이터-둔촌동 내부4,BM1-B1,4번 출입구,사용가능,ES,2026-08-07 15:39
2555,둔촌동,승강기)엘리베이터-둔촌동 내부1,B1-B2,강동 방면5-1,사용가능,EV,2026-08-07 15:39
2555,둔촌동,승강기)엘리베이터-둔촌동 내부2,B1-B2,올림픽공원 방면5-1,사용가능,EV,2026-08-07 15:39
2555,둔촌동,승강기)엘리베이터-둔촌동 외부3,B1-1F,"3,4번 출입구 사이",사용가능,EV,2026-08-07 15:39
2556,올림픽공원(5),승강기)에스컬레이터-올림픽공원 내부1,B3-B2,둔촌동 방면6-1,사용가능,ES,2026-08-07 15:39
2556,올림픽공원(5),승강기)에스컬레이터-올림픽공원 내부2,B2-B3,둔촌동 방면6-1,사용가능,ES,2026-08-07 15:39
2556,올림픽공원(5),승강기)에스컬레이터-올림픽공원 내부3,B3-B2,방이 방면3-4,사용가능,ES,2026-08-07 15:39
2556,올림픽공원(5),승강기)에스컬레이터-올림픽공원 내부4,B2-B3,방이 방면3-4,사용가능,ES,2026-08-07 15:39
2556,올림픽공원(5),승강기)엘리베이터-올림픽공원 내부1,B2-B3,둔촌동 방면3-2,사용가능,EV,2026-08-07 15:39
2556,올림픽공원(5),승강기)엘리베이터-올림픽공원 내부2,B2-B3,방이 방면6-3,사용가능,EV,2026-08-07 15:39
2556,올림픽공원(5),승강기)엘리베이터-올림픽공원 외부4,B2-1F,2번 출입구,사용가능,EV,2026-08-07 15:39
2557,방이,승강기)에스컬레이터-방이 외부1,B1-1F,4번 출입구,사용가능,ES,2026-08-07 15:39
2557,방이,승강기)에스컬레이터-방이 외부2,1F-B1,4번 출입구,사용가능,ES,2026-08-07 15:39
2557,방이,승강기)엘리베이터-방이 내부1,B1-B2,올림픽공원 방면4-4,사용가능,EV,2026-08-07 15:39
2557,방이,승강기)엘리베이터-방이 내부2,B1-B2,오금 방면5-1,사용가능,EV,2026-08-07 15:39
2557,방이,승강기)엘리베이터-방이 외부3,B1-1F,3번 출입구,사용가능,EV,2026-08-07 15:39
2557,방이,승강기)엘리베이터-방이 외부4,B1-1F,1번 출입구,사용가능,EV,2026-08-07 15:39
2558,오금(5),승강기)에스컬레이터-오금(5) 3번 출입구 1호기,BM1-B1,"3,4번 출입구",사용가능,ES,2026-08-07 15:39
2558,오금(5),승강기)에스컬레이터-오금(5) 3번 출입구 2호기,B1-BM1,"3,4번 출입구",사용가능,ES,2026-08-07 15:39
2558,오금(5),승강기)에스컬레이터-오금(5) 5번 출입구 3호기,B1-BM1,5번 출입구,사용가능,ES,2026-08-07 15:39
2558,오금(5),승강기)에스컬레이터-오금(5) 내부 4호기,B3-B2,환승통로(방이 방면8-2),사용가능,ES,2026-08-07 15:39
2558,오금(5),승강기)에스컬레이터-오금(5) 내부 5호기,B2-B3,환승통로(방이 방면8-2),사용가능,ES,2026-08-07 15:39
2558,오금(5),승강기)에스컬레이터-오금(5) 내부 6호기,B3-B2,환승통로(개롱 방면1-3),사용가능,ES,2026-08-07 15:39
2558,오금(5),승강기)에스컬레이터-오금(5) 내부 7호기,B2-B3,환승통로(개롱 방면1-3),사용가능,ES,2026-08-07 15:39
2558,오금(5),승강기)엘리베이터-오금(5) 내부1,B1-B2,방이 방면4-4,사용가능,EV,2026-08-07 15:39
2558,오금(5),승강기)엘리베이터-오금(5) 내부2,B1-B2,개롱 방면5-1,사용가능,EV,2026-08-07 15:39
2558,오금(5),승강기)엘리베이터-오금(5) 내부3,B2-B3,환승통로(방이 방면8-4),사용가능,EV,2026-08-07 15:39
2558,오금(5),승강기)엘리베이터-오금(5) 내부4,B2-B3,환승통로(개롱 방면1-1),사용가능,EV,2026-08-07 15:39
2558,오금(5),승강기)엘리베이터-오금(5) 외부5,B1-1F,5번 출입구,보수중,EV,2026-08-07 15:39
2559,개롱,승강기)에스컬레이터-개롱 외부1,1F-B1,3번 출입구,사용가능,ES,2026-08-07 15:39
2559,개롱,승강기)에스컬레이터-개롱 외부2,B1-1F,3번 출입구,사용가능,ES,2026-08-07 15:39
2559,개롱,승강기)엘리베이터-개롱 내부1,B1-B2,오금 방면5-1,사용가능,EV,2026-08-07 15:39
2559,개롱,승강기)엘리베이터-개롱 내부2,B1-B2,거여 방면4-4,사용가능,EV,2026-08-07 15:39
2559,개롱,승강기)엘리베이터-개롱 외부3,B1-1F,"3,4번 출입구 사이",사용가능,EV,2026-08-07 15:39
2560,거여,승강기)에스컬레이터-거여 내부 3호기,BM1-B1,"연결통로(5,6번 출입구 방면)",사용가능,ES,2026-08-07 15:39
2560,거여,승강기)에스컬레이터-거여 내부1,B1-BM1,2번 출입구,사용가능,ES,2026-08-07 15:39
2560,거여,승강기)에스컬레이터-거여 내부2,B1-BM1,"대합실(5,6번 출입구 방면)",사용가능,ES,2026-08-07 15:39
2560,거여,승강기)엘리베이터-거여 내부1,B1-B2,개롱 방면6-2,사용가능,EV,2026-08-07 15:39
2560,거여,승강기)엘리베이터-거여 내부2,B1-B2,마천 방면3-2,사용가능,EV,2026-08-07 15:39
2560,거여,승강기)엘리베이터-거여 외부3,B1-1F,2번 출입구,사용가능,EV,2026-08-07 15:39
2561,마천,승강기)에스컬레이터-마천역 1번 출입구 5호기,1F-B1,1번 출입구,사용가능,ES,2026-08-07 15:39
2561,마천,승강기)에스컬레이터-마천역 1번 출입구 6호기,B1-1F,1번 출입구,사용가능,ES,2026-08-07 15:39
2561,마천,승강기)에스컬레이터-마천역 2번 출입구 10호기,B1-1F,2번 출입구,사용가능,ES,2026-08-07 15:39
2561,마천,승강기)에스컬레이터-마천역 2번 출입구 9호기,1F-B1,2번 출입구,사용가능,ES,2026-08-07 15:39
2561,마천,승강기)에스컬레이터-마천역 내부 1호기,B4-B2,거여 방면3-1,사용가능,ES,2026-08-07 15:39
2561,마천,승강기)에스컬레이터-마천역 내부 2호기,B2-B4,거여 방면3-1,사용가능,ES,2026-08-07 15:39
2561,마천,승강기)에스컬레이터-마천역 내부 3호기,B4-B2,마천 방면6-4,사용가능,ES,2026-08-07 15:39
2561,마천,승강기)에스컬레이터-마천역 내부 4호기,B2-B4,마천 방면6-4,사용가능,ES,2026-08-07 15:39
2561,마천,승강기)에스컬레이터-마천역 내부 7호기,B1-BM2,대합실(2번 출입구 방면),사용가능,ES,2026-08-07 15:39
2561,마천,승강기)에스컬레이터-마천역 내부 8호기,BM2-B1,대합실(2번 출입구 방면),사용가능,ES,2026-08-07 15:39
2561,마천,승강기)엘리베이터-마천역 1번출입구 3호기,1F-B1,1번 출입구,사용가능,EV,2026-08-07 15:39
2561,마천,승강기)엘리베이터-마천역 내부 1호기,B4-B2,마천 방면5-2,사용가능,EV,2026-08-07 15:39
2561,마천,승강기)엘리베이터-마천역 내부 엘리베이터 2호기,B1-B4,거여 방면4-3,사용가능,EV,2026-08-07 15:39
2562,강일,승강기)에스컬레이터-강일역 1번 출입구 10호기,1F-B2,1번 출입구,보수중,ES,2026-08-07 15:39
2562,강일,승강기)에스컬레이터-강일역 1번 출입구 9호기,B2-1F,1번 출입구,사용가능,ES,2026-08-07 15:39
2562,강일,승강기)에스컬레이터-강일역 2번 출입구 11호기,B1-1F,2번 출입구,사용가능,ES,2026-08-07 15:39
2562,강일,승강기)에스컬레이터-강일역 2번 출입구 12호기,1F-B1,2번 출입구,사용가능,ES,2026-08-07 15:39
2562,강일,승강기)에스컬레이터-강일역 3번 출입구 13호기,B2-1F,3번 출입구,사용가능,ES,2026-08-07 15:39
2562,강일,승강기)에스컬레이터-강일역 3번 출입구 14호기,1F-B2,3번 출입구,사용가능,ES,2026-08-07 15:39
2562,강일,승강기)에스컬레이터-강일역 4번 출입구 15호기,B2-1F,4번 출입구,사용가능,ES,2026-08-07 15:39
2562,강일,승강기)에스컬레이터-강일역 4번 출입구 16호기,1F-B2,4번 출입구,사용가능,ES,2026-08-07 15:39
2562,강일,승강기)에스컬레이터-강일역 내부 1호기,B3-B2,상일동 방면2-3,사용가능,ES,2026-08-07 15:39
2562,강일,승강기)에스컬레이터-강일역 내부 2호기,B2-B3,상일동 방면2-3,사용가능,ES,2026-08-07 15:39
2562,강일,승강기)에스컬레이터-강일역 내부 3호기,B3-B2,미사 방면7-2,사용가능,ES,2026-08-07 15:39
2562,강일,승강기)에스컬레이터-강일역 내부 4호기,B2-B3,미사 방면7-2,사용가능,ES,2026-08-07 15:39
2562,강일,승강기)에스컬레이터-강일역 내부 5호기,B3-B2,상일동 방면7-2,사용가능,ES,2026-08-07 15:39
2562,강일,승강기)에스컬레이터-강일역 내부 6호기,B2-B3,상일동 방면7-2,사용가능,ES,2026-08-07 15:39
2562,강일,승강기)에스컬레이터-강일역 내부 7호기,B3-B2,미사 방면2-3,사용가능,ES,2026-08-07 15:39
2562,강일,승강기)에스컬레이터-강일역 내부 8호기,B2-B3,미사 방면2-3,사용가능,ES,2026-08-07 15:39
2562,강일,승강기)엘리베이터-강일역 1번 출입구 외부 엘리베이터 5호기,B2-1F,1번 출입구,사용가능,EV,2026-08-07 15:39
2562,강일,승강기)엘리베이터-강일역 2번 출입구 외부 엘리베이터 6호기,B2-1F,2번 출입구,사용가능,EV,2026-08-07 15:39
2562,강일,승강기)엘리베이터-강일역 3번 출입구 외부 엘리베이터 7호기,B2-1F,3번 출입구,사용가능,EV,2026-08-07 15:39
2562,강일,승강기)엘리베이터-강일역 4번 출입구 외부 엘리베이터 8호기,B2-1F,4번 출입구,사용가능,EV,2026-08-07 15:39
2562,강일,승강기)엘리베이터-강일역 내부 엘리베이터 1호기,B3-B2,상일동 방면1-2,사용가능,EV,2026-08-07 15:39
2562,강일,승강기)엘리베이터-강일역 내부 엘리베이터 2호기,B3-B2,미사 방면8-3,사용가능,EV,2026-08-07 15:39
2562,강일,승강기)엘리베이터-강일역 내부 엘리베이터 3호기,B3-B1,상일동 방면8-3,사용가능,EV,2026-08-07 15:39
2562,강일,승강기)엘리베이터-강일역 내부 엘리베이터 4호기,B3-B1,미사 방면1-2,사용가능,EV,2026-08-07 15:39
2563,미사,승강기)에스컬레이터-미사 내부 10호기,1F-B1,2번 출입구,사용가능,ES,2026-08-07 15:39
2563,미사,승강기)에스컬레이터-미사 내부 11호기,B1-1F,4번 출입구,사용가능,ES,2026-08-07 15:39
2563,미사,승강기)에스컬레이터-미사 내부 12호기,1F-B1,4번 출입구,사용가능,ES,2026-08-07 15:39
2563,미사,승강기)에스컬레이터-미사 내부 13호기,B1-1F,5번 출입구,사용가능,ES,2026-08-07 15:39
2563,미사,승강기)에스컬레이터-미사 내부 14호기,1F-B1,5번 출입구,사용가능,ES,2026-08-07 15:39
2563,미사,승강기)에스컬레이터-미사 내부 15호기,B1-1F,6번 출입구,사용가능,ES,2026-08-07 15:39
2563,미사,승강기)에스컬레이터-미사 내부 16호기,1F-B1,6번 출입구,사용가능,ES,2026-08-07 15:39
2563,미사,승강기)에스컬레이터-미사 내부 17호기,B1-1F,7번 출입구,사용가능,ES,2026-08-07 15:39
2563,미사,승강기)에스컬레이터-미사 내부 18호기,1F-B1,7번 출입구,사용가능,ES,2026-08-07 15:39
2563,미사,승강기)에스컬레이터-미사 내부 19호기,B1-1F,9번 출입구,사용가능,ES,2026-08-07 15:39
2563,미사,승강기)에스컬레이터-미사 내부 1호기,B1-B2,강일 방면3-4,사용가능,ES,2026-08-07 15:39
2563,미사,승강기)에스컬레이터-미사 내부 20호기,1F-B1,9번 출입구,사용가능,ES,2026-08-07 15:39
2563,미사,승강기)에스컬레이터-미사 내부 21호기,B1-1F,10번 출입구,사용가능,ES,2026-08-07 15:39
2563,미사,승강기)에스컬레이터-미사 내부 22호기,1F-B1,10번 출입구,사용가능,ES,2026-08-07 15:39
2563,미사,승강기)에스컬레이터-미사 내부 2호기,B2-B1,하남풍산 방면6-1,사용가능,ES,2026-08-07 15:39
2563,미사,승강기)에스컬레이터-미사 내부 3호기,B1-B2,강일 방면6-1,사용가능,ES,2026-08-07 15:39
2563,미사,승강기)에스컬레이터-미사 내부 4호기,B2-B1,강일 방면6-1,사용가능,ES,2026-08-07 15:39
2563,미사,승강기)에스컬레이터-미사 내부 5호기,B2-B1,하남풍산 방면3-4,사용가능,ES,2026-08-07 15:39
2563,미사,승강기)에스컬레이터-미사 내부 6호기,B1-B2,하남풍산 방면3-4,사용가능,ES,2026-08-07 15:39
2563,미사,승강기)에스컬레이터-미사 내부 7호기,B1-1F,1번 출입구,사용가능,ES,2026-08-07 15:39
2563,미사,승강기)에스컬레이터-미사 내부 8호기,1F-B1,1번 출입구,사용가능,ES,2026-08-07 15:39
2563,미사,승강기)에스컬레이터-미사 내부 9호기,B1-1F,2번 출입구,사용가능,ES,2026-08-07 15:39
2563,미사,승강기)엘리베이터-미사역 1번 출입구 외부 3호기,B1-1F,1번 출입구,사용가능,EV,2026-08-07 15:39
2563,미사,승강기)엘리베이터-미사역 6번 출입구 외부 4호기,B1-1F,6번 출입구,사용가능,EV,2026-08-07 15:39
2563,미사,승강기)엘리베이터-미사역 내부 1호기,B2-B1,강일 방면5-1,사용가능,EV,2026-08-07 15:39
2563,미사,승강기)엘리베이터-미사역 내부 2호기,B2-B1,하남풍산 방면5-1,사용가능,EV,2026-08-07 15:39
2564,하남풍산,승강기)에스컬레이터-하남풍산 내부 10호기,1F-B1,1번 출입구,사용가능,ES,2026-08-07 15:39
2564,하남풍산,승강기)에스컬레이터-하남풍산 내부 11호기,B1-1F,2번 출입구,사용가능,ES,2026-08-07 15:39
2564,하남풍산,승강기)에스컬레이터-하남풍산 내부 12호기,1F-B1,2번 출입구,사용가능,ES,2026-08-07 15:39
2564,하남풍산,승강기)에스컬레이터-하남풍산 내부 13호기,B1-1F,3번 출입구,사용가능,ES,2026-08-07 15:39
2564,하남풍산,승강기)에스컬레이터-하남풍산 내부 14호기,1F-B1,3번 출입구,사용가능,ES,2026-08-07 15:39
2564,하남풍산,승강기)에스컬레이터-하남풍산 내부 15호기,B1-1F,4번 출입구,사용가능,ES,2026-08-07 15:39
2564,하남풍산,승강기)에스컬레이터-하남풍산 내부 16호기,1F-B1,4번 출입구,사용가능,ES,2026-08-07 15:39
2564,하남풍산,승강기)에스컬레이터-하남풍산 내부 17호기,B1-1F,5번 출입구,사용가능,ES,2026-08-07 15:39
2564,하남풍산,승강기)에스컬레이터-하남풍산 내부 18호기,1F-B1,5번 출입구,사용가능,ES,2026-08-07 15:39
2564,하남풍산,승강기)에스컬레이터-하남풍산 내부 19호기,B1-1F,6번 출입구,사용가능,ES,2026-08-07 15:39
2564,하남풍산,승강기)에스컬레이터-하남풍산 내부 1호기,B2-B1,미사 방면3-3,사용가능,ES,2026-08-07 15:39
2564,하남풍산,승강기)에스컬레이터-하남풍산 내부 20호기,1F-B1,6번 출입구,사용가능,ES,2026-08-07 15:39
2564,하남풍산,승강기)에스컬레이터-하남풍산 내부 21호기,B1-1F,7번 출입구,사용가능,ES,2026-08-07 15:39
2564,하남풍산,승강기)에스컬레이터-하남풍산 내부 22호기,1F-B1,7번 출입구,사용가능,ES,2026-08-07 15:39
2564,하남풍산,승강기)에스컬레이터-하남풍산 내부 23호기,B1-1F,8번 출입구,사용가능,ES,2026-08-07 15:39
2564,하남풍산,승강기)에스컬레이터-하남풍산 내부 24호기,1F-B1,8번 출입구,사용가능,ES,2026-08-07 15:39
2564,하남풍산,승강기)에스컬레이터-하남풍산 내부 2호기,B1-B2,미사 방면3-3,사용가능,ES,2026-08-07 15:39
2564,하남풍산,승강기)에스컬레이터-하남풍산 내부 3호기,B2-B1,하남시청 방면6-2,사용가능,ES,2026-08-07 15:39
2564,하남풍산,승강기)에스컬레이터-하남풍산 내부 4호기,B1-B2,하남시청 방면6-2,사용가능,ES,2026-08-07 15:39
2564,하남풍산,승강기)에스컬레이터-하남풍산 내부 5호기,B2-B1,미사 방면6-1,사용가능,ES,2026-08-07 15:39
2564,하남풍산,승강기)에스컬레이터-하남풍산 내부 6호기,B1-B2,미사 방면6-1,사용가능,ES,2026-08-07 15:39
2564,하남풍산,승강기)에스컬레이터-하남풍산 내부 7호기,B2-B1,하남시청 방면3-4,사용가능,ES,2026-08-07 15:39
2564,하남풍산,승강기)에스컬레이터-하남풍산 내부 8호기,B1-B2,하남시청 방면3-4,사용가능,ES,2026-08-07 15:39
2564,하남풍산,승강기)에스컬레이터-하남풍산 내부 9호기,B1-1F,1번 출입구,사용가능,ES,2026-08-07 15:39
2564,하남풍산,승강기)엘리베이터-하남풍산역 1번 출입구 외부 3호기,1F-2F,1번 출입구,사용가능,EV,2026-08-07 15:39
2564,하남풍산,승강기)엘리베이터-하남풍산역 5번 출입구 외부 4호기,B1-1F,5번 출입구,사용가능,EV,2026-08-07 15:39
2564,하남풍산,승강기)엘리베이터-하남풍산역 7번 출입구 외부 5호기,B1-1F,7번 출입구,사용가능,EV,2026-08-07 15:39
2564,하남풍산,승강기)엘리베이터-하남풍산역 내부 1호기,B2-B1,미사 방면4-4,사용가능,EV,2026-08-07 15:39
2564,하남풍산,승강기)엘리베이터-하남풍산역 내부 2호기,B2-B1,하남시청 방면5-1,사용가능,EV,2026-08-07 15:39
2565,하남시청,승강)엘리베이터-하남시청역 엘리베이터 1호기,B3-B2,하남풍산 방면5-1,사용가능,EV,2026-08-07 15:39
2565,하남시청,승강)엘리베이터-하남시청역 엘리베이터 2호기,B3-B2,하남검단산 방면5-1,사용가능,EV,2026-08-07 15:39
2565,하남시청,승강)엘리베이터-하남시청역 엘리베이터 3호기,B2-1F,3번 출입구,사용가능,EV,2026-08-07 15:39
2565,하남시청,승강)엘리베이터-하남시청역 엘리베이터 4호기,B2-1F,"5,6번 출입구 사이",사용가능,EV,2026-08-07 15:39
2565,하남시청,승강기)에스컬레이터-하남시청역 내부 10호기,M1-B1,대합실,사용가능,ES,2026-08-07 15:39
2565,하남시청,승강기)에스컬레이터-하남시청역 내부 11호기,B1-M1,대합실,사용가능,ES,2026-08-07 15:39
2565,하남시청,승강기)에스컬레이터-하남시청역 내부 12호기,M1-B1,대합실,사용가능,ES,2026-08-07 15:39
2565,하남시청,승강기)에스컬레이터-하남시청역 내부 13호기,B1-M1,"대합실(1,2번 출입구)",사용가능,ES,2026-08-07 15:39
2565,하남시청,승강기)에스컬레이터-하남시청역 내부 14호기,M1-B1,"대합실(1,2번 출입구)",사용가능,ES,2026-08-07 15:39
2565,하남시청,승강기)에스컬레이터-하남시청역 내부 15호기,M1-1F,1번 출입구,사용가능,ES,2026-08-07 15:39
2565,하남시청,승강기)에스컬레이터-하남시청역 내부 16호기,1F-M1,1번 출입구,사용가능,ES,2026-08-07 15:39
2565,하남시청,승강기)에스컬레이터-하남시청역 내부 17호기,M1-1F,2번 출입구,사용가능,ES,2026-08-07 15:39
2565,하남시청,승강기)에스컬레이터-하남시청역 내부 18호기,1F-M1,2번 출입구,사용가능,ES,2026-08-07 15:39
2565,하남시청,승강기)에스컬레이터-하남시청역 내부 19호기,M1-1F,3번 출입구,사용가능,ES,2026-08-07 15:39
2565,하남시청,승강기)에스컬레이터-하남시청역 내부 1호기,B2-B1,하남풍산 방면3-3,사용가능,ES,2026-08-07 15:39
2565,하남시청,승강기)에스컬레이터-하남시청역 내부 20호기,1F-M1,3번 출입구,사용가능,ES,2026-08-07 15:39
2565,하남시청,승강기)에스컬레이터-하남시청역 내부 21호기,B1-M1,4번 출입구,사용가능,ES,2026-08-07 15:39
2565,하남시청,승강기)에스컬레이터-하남시청역 내부 22호기,M1-B1,4번 출입구,사용가능,ES,2026-08-07 15:39
2565,하남시청,승강기)에스컬레이터-하남시청역 내부 23호기,B1-1F,5번 출입구,사용가능,ES,2026-08-07 15:39
2565,하남시청,승강기)에스컬레이터-하남시청역 내부 24호기,1F-B1,5번 출입구,사용가능,ES,2026-08-07 15:39
2565,하남시청,승강기)에스컬레이터-하남시청역 내부 25호기,B1-M1,대합실(6번 출입구 측),사용가능,ES,2026-08-07 15:39
2565,하남시청,승강기)에스컬레이터-하남시청역 내부 26호기,1F-M1,대합실(6번 출입구 측),사용가능,ES,2026-08-07 15:39
2565,하남시청,승강기)에스컬레이터-하남시청역 내부 27호기,M1-1F,6번 출입구,사용가능,ES,2026-08-07 15:39
2565,하남시청,승강기)에스컬레이터-하남시청역 내부 28호기,1F-M1,6번 출입구,사용가능,ES,2026-08-07 15:39
2565,하남시청,승강기)에스컬레이터-하남시청역 내부 2호기,B1-B2,하남풍산 방면3-3,사용가능,ES,2026-08-07 15:39
2565,하남시청,승강기)에스컬레이터-하남시청역 내부 3호기,B2-B1,하남검단산 방면6-2,사용가능,ES,2026-08-07 15:39
2565,하남시청,승강기)에스컬레이터-하남시청역 내부 4호기,B1-B2,하남검단산 방면6-2,사용가능,ES,2026-08-07 15:39
2565,하남시청,승강기)에스컬레이터-하남시청역 내부 5호기,B2-B1,하남풍산 방면6-2,사용가능,ES,2026-08-07 15:39
2565,하남시청,승강기)에스컬레이터-하남시청역 내부 6호기,B1-B2,하남풍산 방면6-2,사용가능,ES,2026-08-07 15:39
2565,하남시청,승강기)에스컬레이터-하남시청역 내부 7호기,B2-B1,하남검단산 방면3-3,사용가능,ES,2026-08-07 15:39
2565,하남시청,승강기)에스컬레이터-하남시청역 내부 8호기,B1-B2,하남검단산 방면3-3,사용가능,ES,2026-08-07 15:39
2565,하남시청,승강기)에스컬레이터-하남시청역 내부 9호기,B1-M1,대합실,사용가능,ES,2026-08-07 15:39
2566,하남검단산,승강기)에스컬레이터-하남검단산역 1번 출입구 13호기,B2-1F,1번 출입구,사용가능,ES,2026-08-07 15:39
2566,하남검단산,승강기)에스컬레이터-하남검단산역 1번 출입구 14호기,1F-B2,1번 출입구,사용가능,ES,2026-08-07 15:39
2566,하남검단산,승강기)에스컬레이터-하남검단산역 2번 출입구 15호기,B2-1F,2번 출입구,사용가능,ES,2026-08-07 15:39
2566,하남검단산,승강기)에스컬레이터-하남검단산역 2번 출입구 16호기,1F-B2,2번 출입구,사용가능,ES,2026-08-07 15:39
2566,하남검단산,승강기)에스컬레이터-하남검단산역 3번 출입구 17호기,B2-1F,3번 출입구,사용가능,ES,2026-08-07 15:39
2566,하남검단산,승강기)에스컬레이터-하남검단산역 3번 출입구 18호기,1F-B2,3번 출입구,사용가능,ES,2026-08-07 15:39
2566,하남검단산,승강기)에스컬레이터-하남검단산역 4번 출입구 19호기,B2-1F,4번 출입구,사용가능,ES,2026-08-07 15:39
2566,하남검단산,승강기)에스컬레이터-하남검단산역 4번 출입구 20호기,1F-B2,4번 출입구,사용가능,ES,2026-08-07 15:39
2566,하남검단산,승강기)에스컬레이터-하남검단산역 내부 10호기,B1-B2,"대합실(1,2,4번 출입구 방향)",사용가능,ES,2026-08-07 15:39
2566,하남검단산,승강기)에스컬레이터-하남검단산역 내부 11호기,B2-B1,대합실(3번 출입구 방향),사용가능,ES,2026-08-07 15:39
2566,하남검단산,승강기)에스컬레이터-하남검단산역 내부 12호기,B1-B2,대합실(3번 출입구 방향),사용가능,ES,2026-08-07 15:39
2566,하남검단산,승강기)에스컬레이터-하남검단산역 내부 1호기,B3-B2,하남시청 방면2-4,사용가능,ES,2026-08-07 15:39
2566,하남검단산,승강기)에스컬레이터-하남검단산역 내부 2호기,B2-B3,하남시청 방면2-4,사용가능,ES,2026-08-07 15:39
2566,하남검단산,승강기)에스컬레이터-하남검단산역 내부 3호기,B3-B2,하남검단산 방면7-1,사용가능,ES,2026-08-07 15:39
2566,하남검단산,승강기)에스컬레이터-하남검단산역 내부 4호기,B2-B3,하남검단산 방면7-1,사용가능,ES,2026-08-07 15:39
2566,하남검단산,승강기)에스컬레이터-하남검단산역 내부 5호기,B3-B2,하남시청 방면6-2,사용가능,ES,2026-08-07 15:39
2566,하남검단산,승강기)에스컬레이터-하남검단산역 내부 6호기,B2-B3,하남시청 방면6-2,사용가능,ES,2026-08-07 15:39
2566,하남검단산,승강기)에스컬레이터-하남검단산역 내부 7호기,B3-B2,하남검단산 방면3-3,사용가능,ES,2026-08-07 15:39
2566,하남검단산,승강기)에스컬레이터-하남검단산역 내부 8호기,B2-B3,하남검단산 방면3-3,사용가능,ES,2026-08-07 15:39
2566,하남검단산,승강기)에스컬레이터-하남검단산역 내부 9호기,B2-B1,"대합실(1,2,4번 출입구 방향)",사용가능,ES,2026-08-07 15:39
2566,하남검단산,승강기)엘리베이터-하남검단산역 1번 출입구 외부 3호기,B1-1F,"1,2번 출입구 사이",사용가능,EV,2026-08-07 15:39
2566,하남검단산,승강기)엘리베이터-하남검단산역 3번 출입구 외부 4호기,B1-1F,4번 출입구,사용가능,EV,2026-08-07 15:39
2566,하남검단산,승강기)엘리베이터-하남검단산역 내부 1호기,B3-B1,하남시청 방면4-3,사용가능,EV,2026-08-07 15:39
2566,하남검단산,승강기)엘리베이터-하남검단산역 내부 2호기,B3-B1,하남검단산 방면5-3,사용가능,EV,2026-08-07 15:39
2611,응암,승강기)에스컬레이터-응암 내부1,BM1-B1,대합실,사용가능,ES,2026-08-07 15:39
2611,응암,승강기)에스컬레이터-응암 내부2,B1-BM1,대합실,보수중,ES,2026-08-07 15:39
2611,응암,승강기)에스컬레이터-응암 외부3,BM1-1F,2번 출입구,사용가능,ES,2026-08-07 15:39
2611,응암,승강기)에스컬레이터-응암 외부4,1F-BM1,2번 출입구,사용가능,ES,2026-08-07 15:39
2611,응암,승강기)엘리베이터-응암 내부1,B1-B2,"역촌 방면5-2, 새절 방면4-2",사용가능,EV,2026-08-07 15:39
2611,응암,승강기)엘리베이터-응암 외부2,B1-1F,4번 출입구,사용가능,EV,2026-08-07 15:39
2612,역촌,승강기)에스컬레이터-역촌 내부 1호기,B4-B1,불광 방면4-1,사용가능,ES,2026-08-07 15:39
2612,역촌,승강기)에스컬레이터-역촌 내부 2호기,B1-B4,불광 방면4-1,사용가능,ES,2026-08-07 15:39
2612,역촌,승강기)에스컬레이터-역촌 외부3,B1-1F,4번 출입구,사용가능,ES,2026-08-07 15:39
2612,역촌,승강기)에스컬레이터-역촌 외부4,1F-B1,4번 출입구,사용가능,ES,2026-08-07 15:39
2612,역촌,승강기)에스컬레이터-역촌 외부5,1F-B1,2번 출입구,사용가능,ES,2026-08-07 15:39
2612,역촌,승강기)에스컬레이터-역촌 외부6,B1-1F,2번 출입구,사용가능,ES,2026-08-07 15:39
2612,역촌,승강기)엘리베이터-역촌 내부1,B1-B4,불광 방면4-2,사용가능,EV,2026-08-07 15:39
2612,역촌,승강기)엘리베이터-역촌 외부2,B1-1F,4번 출입구,사용가능,EV,2026-08-07 15:39
2613,불광(6),승강기)에스컬레이터-불광(6) 내부 1호기,B2-B4,독바위 방면7-2,사용가능,ES,2026-08-07 15:39
2613,불광(6),승강기)에스컬레이터-불광(6) 내부 2호기,B4-B2,독바위 방면,사용가능,ES,2026-08-07 15:39
2613,불광(6),승강기)에스컬레이터-불광(6) 내부 3호기,B4-B2,독바위 방면2-2,사용가능,ES,2026-08-07 15:39
2613,불광(6),승강기)에스컬레이터-불광(6) 내부 4호기,B2-B4,독바위,사용가능,ES,2026-08-07 15:39
2613,불광(6),승강기)에스컬레이터-불광(6) 내부10,B1-BM1,대합실,보수중,ES,2026-08-07 15:39
2613,불광(6),승강기)에스컬레이터-불광(6) 내부11,BM1-B1,대합실,사용가능,ES,2026-08-07 15:39
2613,불광(6),승강기)에스컬레이터-불광(6) 내부12,B1-BM1,대합실,사용가능,ES,2026-08-07 15:39
2613,불광(6),승강기)에스컬레이터-불광(6) 내부5,B2-BM2,환승통로(3호선 방면),사용가능,ES,2026-08-07 15:39
2613,불광(6),승강기)에스컬레이터-불광(6) 내부6,BM2-B2,환승통로(3호선 방면),사용가능,ES,2026-08-07 15:39
2613,불광(6),승강기)에스컬레이터-불광(6) 내부7,B2-BM2,환승통로(3호선 방면),사용가능,ES,2026-08-07 15:39
2613,불광(6),승강기)에스컬레이터-불광(6) 내부8,BM2-B2,환승통로(3호선 방면),사용가능,ES,2026-08-07 15:39
2613,불광(6),승강기)에스컬레이터-불광(6) 내부9,BM1-B1,대합실,보수중,ES,2026-08-07 15:39
2613,불광(6),승강기)엘리베이터-불광(6) 내부1,B1-B4,독바위 방면5-2,사용가능,EV,2026-08-07 15:39
2613,불광(6),승강기)엘리베이터-불광(6) 내부2,B1-B4,독바위 방면4-1,사용가능,EV,2026-08-07 15:39
2613,불광(6),승강기)엘리베이터-불광(6) 외부3,B1-1F,8번 출입구,사용가능,EV,2026-08-07 15:39
2613,불광(6),승강기)휠체어리프트-불광(6) 내부 1,B1-B2,환승통로(3호선 방면),사용가능,WL,2026-08-07 15:39
2613,불광(6),승강기)휠체어리프트-불광(6) 내부 2,B1-B2,환승통로(3호선 방면),사용가능,WL,2026-08-07 15:39
2614,독바위,승강기)에스컬레이터-독바위 내부 3호기,B5-B3,대합실,사용가능,ES,2026-08-07 15:39
2614,독바위,승강기)에스컬레이터-독바위 내부 4호기,B3-B5,대합실,사용가능,ES,2026-08-07 15:39
2614,독바위,승강기)에스컬레이터-독바위 내부 5호기,B1-B3,대합실,사용가능,ES,2026-08-07 15:39
2614,독바위,승강기)에스컬레이터-독바위 내부 6호기,B3-B1,대합실,사용가능,ES,2026-08-07 15:39
2614,독바위,승강기)에스컬레이터-독바위 내부1,B5-B6,연신내 방면3-2,보수중,ES,2026-08-07 15:39
2614,독바위,승강기)에스컬레이터-독바위 내부2,B6-B5,연신내 방면3-2,보수중,ES,2026-08-07 15:39
2614,독바위,승강기)에스컬레이터-독바위 내부7,BM1-B1,1번 출입구,사용가능,ES,2026-08-07 15:39
2614,독바위,승강기)에스컬레이터-독바위 외부8,BM1-1F,1번 출입구,사용가능,ES,2026-08-07 15:39
2614,독바위,승강기)엘리베이터-독바위 내부1,B1-B6,연신내 방면3-2,사용가능,EV,2026-08-07 15:39
2614,독바위,승강기)엘리베이터-독바위 외부2,B1-1F,1번 출입구,사용가능,EV,2026-08-07 15:39
2615,연신내(6),승강기)에스컬레이터-연신내(6) 내부 1호기,B5-B3,구산 방면6-1,사용가능,ES,2026-08-07 15:39
2615,연신내(6),승강기)에스컬레이터-연신내(6) 내부 2호기,B5-B3,구산 방면6-1,사용가능,ES,2026-08-07 15:39
2615,연신내(6),승강기)에스컬레이터-연신내(6) 내부 3호기,B3-B5,구산 방면6-1,사용가능,ES,2026-08-07 15:39
2615,연신내(6),승강기)에스컬레이터-연신내(6) 내부 4호기,B1-B3,대합실,사용가능,ES,2026-08-07 15:39
2615,연신내(6),승강기)에스컬레이터-연신내(6) 내부 5호기,B1-B3,대합실,보수중,ES,2026-08-07 15:39
2615,연신내(6),승강기)에스컬레이터-연신내(6) 내부 6호기,B3-B1,대합실,사용가능,ES,2026-08-07 15:39
2615,연신내(6),승강기)엘리베이터-연신내(6) 내부1,B1-B5,구산 방면6-2,사용가능,EV,2026-08-07 15:39
2615,연신내(6),승강기)엘리베이터-연신내(6) 외부2,B1-1F,6번 출입구,사용가능,EV,2026-08-07 15:39
2616,구산,승강기)에스컬레이터-구산 3번출입구 3호기,B1-1F,3번 출입구,사용가능,ES,2026-08-07 15:39
2616,구산,승강기)에스컬레이터-구산 3번출입구 4호기,1F-B1,3번 출입구,사용가능,ES,2026-08-07 15:39
2616,구산,승강기)에스컬레이터-구산 내부1,B4-B1,응암 방면5-4,사용가능,ES,2026-08-07 15:39
2616,구산,승강기)에스컬레이터-구산 내부2,B1-B4,응암 방면5-4,사용가능,ES,2026-08-07 15:39
2616,구산,승강기)엘리베이터-구산 내부 2호기,B1-B4,응암 방면5-4,사용가능,EV,2026-08-07 15:39
2616,구산,승강기)엘리베이터-구산 외부1,B1-1F,4번 출입구,사용가능,EV,2026-08-07 15:39
2617,새절,승강기)에스컬레이터-새절 내부1,B2-B1,응암 방면3-3,사용가능,ES,2026-08-07 15:39
2617,새절,승강기)에스컬레이터-새절 내부2,B1-B2,응암 방면3-3,사용가능,ES,2026-08-07 15:39
2617,새절,승강기)에스컬레이터-새절 내부3,B2-B1,증산 방면3-4,사용가능,ES,2026-08-07 15:39
2617,새절,승강기)에스컬레이터-새절 내부4,B1-B2,증산 방면3-4,사용가능,ES,2026-08-07 15:39
2617,새절,승강기)엘리베이터-새절 내부 3호기,B2-B1,응암 방면1-1,사용가능,EV,2026-08-07 15:39
2617,새절,승강기)엘리베이터-새절 내부1,B1-B2,응암 방면4-4,사용가능,EV,2026-08-07 15:39
2617,새절,승강기)엘리베이터-새절 외부2,B1-1F,1번 출입구,사용가능,EV,2026-08-07 15:39
2618,증산,승강기)에스컬레이터-증산 내부1,B1-BM1,1번 출입구,사용가능,ES,2026-08-07 15:39
2618,증산,승강기)에스컬레이터-증산 내부2,B1-BM1,4번 출입구,사용가능,ES,2026-08-07 15:39
2618,증산,승강기)에스컬레이터-증산 내부3,B2-B1,새절 방면3-4,사용가능,ES,2026-08-07 15:39
2618,증산,승강기)에스컬레이터-증산 내부4,B1-B2,새절 방면3-4,사용가능,ES,2026-08-07 15:39
2618,증산,승강기)에스컬레이터-증산 내부5,B2-B1,디지털미디어시티 방면3-3,사용가능,ES,2026-08-07 15:39
2618,증산,승강기)에스컬레이터-증산 내부6,B1-B2,디지털미디어시티 방면3-3,사용가능,ES,2026-08-07 15:39
2618,증산,승강기)엘리베이터-증산 내부 3,B1-1F,2번 출입구,사용가능,EV,2026-08-07 15:39
2618,증산,승강기)엘리베이터-증산 내부1,B1-B2,새절 방면5-1,사용가능,EV,2026-08-07 15:39
2618,증산,승강기)엘리베이터-증산 내부2,B1-B2,디지털미디어시티 방면4-3,사용가능,EV,2026-08-07 15:39
2619,디지털미디어시티(6),승강기)에스컬레이터-디지털미디어시티(6) 내부1,B2-B1,증산 방면1-1,사용가능,ES,2026-08-07 15:39
2619,디지털미디어시티(6),승강기)에스컬레이터-디지털미디어시티(6) 내부2,B2-B1,월드컵경기장 방면8-4,사용가능,ES,2026-08-07 15:39
2619,디지털미디어시티(6),승강기)에스컬레이터-디지털미디어시티(6) 내부3,B2-B1,월드컵경기장 방면8-4,사용가능,ES,2026-08-07 15:39
2619,디지털미디어시티(6),승강기)에스컬레이터-디지털미디어시티(6) 내부4,B2-B1,월드컵경기장 방면1-1,사용가능,ES,2026-08-07 15:39
2619,디지털미디어시티(6),승강기)에스컬레이터-디지털미디어시티(6) 외부5,B1-1F,4번 출입구,사용가능,ES,2026-08-07 15:39
2619,디지털미디어시티(6),승강기)에스컬레이터-디지털미디어시티(6) 외부6,1F-B1,4번 출입구,사용가능,ES,2026-08-07 15:39
2619,디지털미디어시티(6),승강기)에스컬레이터-디지털미디어시티(6) 외부7,1F-B1,2번 출입구,사용가능,ES,2026-08-07 15:39
2619,디지털미디어시티(6),승강기)에스컬레이터-디지털미디어시티(6) 외부8,B1-1F,2번 출입구,사용가능,ES,2026-08-07 15:39
2619,디지털미디어시티(6),승강기)엘리베이터-디지털미디어시티(6) 내부1,B1-B2,증산 방면1-1,사용가능,EV,2026-08-07 15:39
2619,디지털미디어시티(6),승강기)엘리베이터-디지털미디어시티(6) 내부2,B1-B2,월드컵경기장 방면8-4,사용가능,EV,2026-08-07 15:39
2619,디지털미디어시티(6),승강기)엘리베이터-디지털미디어시티(6) 외부3,B1-1F,4번 출입구,사용가능,EV,2026-08-07 15:39
2619,디지털미디어시티(6),승강기)휠체어리프트-디지털미디어시티(6) 내부 1,B2-B3,증산 방면8-4,사용가능,WL,2026-08-07 15:39
2619,디지털미디어시티(6),승강기)휠체어리프트-디지털미디어시티(6) 내부 2,B3-B2,월드컵경기장 방면1-1,사용가능,WL,2026-08-07 15:39
2620,월드컵경기장,승강기)에스컬레이터-월드컵경기장 외부1,B1-1F,3번 출입구,사용가능,ES,2026-08-07 15:39
2620,월드컵경기장,승강기)에스컬레이터-월드컵경기장 외부10,1F-B1,1번 출입구,사용가능,ES,2026-08-07 15:39
2620,월드컵경기장,승강기)에스컬레이터-월드컵경기장 외부11,B1-1F,1번 출입구,사용가능,ES,2026-08-07 15:39
2620,월드컵경기장,승강기)에스컬레이터-월드컵경기장 외부12,B1-1F,1번 출입구,사용가능,ES,2026-08-07 15:39
2620,월드컵경기장,승강기)에스컬레이터-월드컵경기장 외부2,B1-1F,3번 출입구,사용가능,ES,2026-08-07 15:39
2620,월드컵경기장,승강기)에스컬레이터-월드컵경기장 외부3,1F-B1,3번 출입구,사용가능,ES,2026-08-07 15:39
2620,월드컵경기장,승강기)에스컬레이터-월드컵경기장 외부4,1F-B1,3번 출입구,사용가능,ES,2026-08-07 15:39
2620,월드컵경기장,승강기)에스컬레이터-월드컵경기장 외부5,1F-B1,2번 출입구,사용가능,ES,2026-08-07 15:39
2620,월드컵경기장,승강기)에스컬레이터-월드컵경기장 외부6,1F-B1,2번 출입구,사용가능,ES,2026-08-07 15:39
2620,월드컵경기장,승강기)에스컬레이터-월드컵경기장 외부7,B1-1F,2번 출입구,사용가능,ES,2026-08-07 15:39
2620,월드컵경기장,승강기)에스컬레이터-월드컵경기장 외부8,B1-1F,2번 출입구,사용가능,ES,2026-08-07 15:39
2620,월드컵경기장,승강기)에스컬레이터-월드컵경기장 외부9,1F-B1,1번 출입구,사용가능,ES,2026-08-07 15:39
2620,월드컵경기장,승강기)엘리베이터-월드컵경기장 내부1,B2-B3,디지털미디어시티 방면4-4,사용가능,EV,2026-08-07 15:39
2620,월드컵경기장,승강기)엘리베이터-월드컵경기장 내부2,B2-B3,마포구청 방면4-4,사용가능,EV,2026-08-07 15:39
2620,월드컵경기장,승강기)엘리베이터-월드컵경기장 외부3,B2-1F,2번 출입구,사용가능,EV,2026-08-07 15:39
2621,마포구청,승강기)에스컬레이터-마포구청 12,BM1-1F,8번 출입구,사용가능,ES,2026-08-07 15:39
2621,마포구청,승강기)에스컬레이터-마포구청 내부10,BM1-B1,"6,7번 출입구 사이",사용가능,ES,2026-08-07 15:39
2621,마포구청,승강기)에스컬레이터-마포구청 내부11,B1-BM1,"6,7번 출입구 사이",사용가능,ES,2026-08-07 15:39
2621,마포구청,승강기)에스컬레이터-마포구청 외부1,1F-BM1,1번 출입구,사용가능,ES,2026-08-07 15:39
2621,마포구청,승강기)에스컬레이터-마포구청 외부2,BM1-1F,1번 출입구,사용가능,ES,2026-08-07 15:39
2621,마포구청,승강기)에스컬레이터-마포구청 외부3,1F-BM1,8번 출입구,사용가능,ES,2026-08-07 15:39
2621,마포구청,승강기)에스컬레이터-마포구청 외부4,1F-B1,3번 출입구,보수중,ES,2026-08-07 15:39
2621,마포구청,승강기)에스컬레이터-마포구청 외부5,B1-1F,3번 출입구,사용가능,ES,2026-08-07 15:39
2621,마포구청,승강기)에스컬레이터-마포구청 외부6,1F-B1,4번 출입구,보수중,ES,2026-08-07 15:39
2621,마포구청,승강기)에스컬레이터-마포구청 외부7,B1-1F,4번 출입구,사용가능,ES,2026-08-07 15:39
2621,마포구청,승강기)에스컬레이터-마포구청 외부8,1F-BM1,5번 출입구,사용가능,ES,2026-08-07 15:39
2621,마포구청,승강기)에스컬레이터-마포구청 외부9,BM1-1F,5번 출입구,사용가능,ES,2026-08-07 15:39
2621,마포구청,승강기)엘리베이터-마포구청 내부1,B2-B3,월드컵경기장 방면1-1,사용가능,EV,2026-08-07 15:39
2621,마포구청,승강기)엘리베이터-마포구청 내부2,B2-B3,망원 방면8-4,사용가능,EV,2026-08-07 15:39
2621,마포구청,승강기)엘리베이터-마포구청 외부3,B2-1F,8번 출입구,사용가능,EV,2026-08-07 15:39
2621,마포구청,승강기)엘리베이터-마포구청 외부4,B2-1F,2번 출입구,사용가능,EV,2026-08-07 15:39
2622,망원,승강기)에스컬레이터-망원 내부1,B1-BM1,2번 출입구,보수중,ES,2026-08-07 15:39
2622,망원,승강기)에스컬레이터-망원 내부2,B1-BM1,1번 출입구,사용가능,ES,2026-08-07 15:39
2622,망원,승강기)엘리베이터-망원 내부1,B1-B2,마포구청 방면5-1,사용가능,EV,2026-08-07 15:39
2622,망원,승강기)엘리베이터-망원 외부2,B2-B1-1F,합정 방면5-2,보수중,EV,2026-08-07 15:39
2623,합정(6),승강기)에스컬레이터-합정(6) 5번출구 10호기,B1-1F,5번 출입구,사용가능,ES,2026-08-07 15:39
2623,합정(6),승강기)에스컬레이터-합정(6) 8번출구 15호기,1F-B1,8번 출입구,사용가능,ES,2026-08-07 15:39
2623,합정(6),승강기)에스컬레이터-합정(6) 8번출구 16호기,B1-1F,8번 출입구,사용가능,ES,2026-08-07 15:39
2623,합정(6),승강기)에스컬레이터-합정(6) 내부 1호기,B4-B3,망원 방면3-3,사용가능,ES,2026-08-07 15:39
2623,합정(6),승강기)에스컬레이터-합정(6) 내부 2호기,B3-B4,상수 방면6-1,사용가능,ES,2026-08-07 15:39
2623,합정(6),승강기)에스컬레이터-합정(6) 내부 3호기,B4-B3,상수 방면6-1,사용가능,ES,2026-08-07 15:39
2623,합정(6),승강기)에스컬레이터-합정(6) 내부 4호기,B2-B3,환승통로(2호선 방면),사용가능,ES,2026-08-07 15:39
2623,합정(6),승강기)에스컬레이터-합정(6) 내부 5호기,B3-B2,환승통로(2호선 방면),보수중,ES,2026-08-07 15:39
2623,합정(6),승강기)에스컬레이터-합정(6) 내부 6호기,B2-B3,환승통로(2호선 방면),사용가능,ES,2026-08-07 15:39
2623,합정(6),승강기)에스컬레이터-합정(6) 내부 7호기,B3-B2,환승통로(2호선 방면),사용가능,ES,2026-08-07 15:39
2623,합정(6),승강기)에스컬레이터-합정(6) 내부 8호기,B3-B1,대합실,사용가능,ES,2026-08-07 15:39
2623,합정(6),승강기)에스컬레이터-합정(6) 내부 9호기,B1-B3,대합실,사용가능,ES,2026-08-07 15:39
2623,합정(6),승강기)엘리베이터-합정(6) 내부1,B1-B4,망원 방면4-2,사용가능,EV,2026-08-07 15:39
2623,합정(6),승강기)엘리베이터-합정(6) 내부2,B3-B4,상수 방면5-1,사용가능,EV,2026-08-07 15:39
2623,합정(6),승강기)엘리베이터-합정(6) 외부3,B1-1F,6번 출입구,사용가능,EV,2026-08-07 15:39
2623,합정(6),승강기)휠체어리프트-합정(6) 내부 1,B2-B3,대합실,사용가능,WL,2026-08-07 15:39
2624,상수,승강기)에스컬레이터-상수 내부1,B2-B3,"합정 방면3-3, 광흥창 방면6-1",사용가능,ES,2026-08-07 15:39
2624,상수,승강기)에스컬레이터-상수 내부2,B3-B2,"합정 방면3-3, 광흥창 방면6-1",사용가능,ES,2026-08-07 15:39
2624,상수,승강기)에스컬레이터-상수 내부3,B1-B2,대합실,사용가능,ES,2026-08-07 15:39
2624,상수,승강기)에스컬레이터-상수 내부4,B2-B1,대합실,사용가능,ES,2026-08-07 15:39
2624,상수,승강기)에스컬레이터-상수 내부5,BM1-B1,"1,2번 출입구",사용가능,ES,2026-08-07 15:39
2624,상수,승강기)에스컬레이터-상수 내부6,B1-BM1,"1,2번 출입구",사용가능,ES,2026-08-07 15:39
2624,상수,승강기)에스컬레이터-상수 내부7,BM1-B1,"3,4번 출입구",사용가능,ES,2026-08-07 15:39
2624,상수,승강기)에스컬레이터-상수 내부8,B1-BM1,"3,4번 출입구",사용가능,ES,2026-08-07 15:39
2624,상수,승강기)에스컬레이터-상수 외부10,BM1-1F,3번 출입구,사용가능,ES,2026-08-07 15:39
2624,상수,승강기)에스컬레이터-상수 외부9,1F-BM1,3번 출입구,사용가능,ES,2026-08-07 15:39
2624,상수,승강기)엘리베이터-상수 내부 3호기,B2-B1,대합실,사용가능,EV,2026-08-07 15:39
2624,상수,승강기)엘리베이터-상수 내부1,B2-B3,"합정 방면4-4, 광흥창 방면5-1",사용가능,EV,2026-08-07 15:39
2624,상수,승강기)엘리베이터-상수 내부2,B1-1F,3번 출입구,사용가능,EV,2026-08-07 15:39
2625,광흥창,승강기)에스컬레이터-광흥창 내부1,B3-B2,"상수 방면1-1, 대흥 방면8-4",보수중,ES,2026-08-07 15:39
2625,광흥창,승강기)에스컬레이터-광흥창 내부2,B3-B2,"상수 방면8-4, 대흥 방면1-1",사용가능,ES,2026-08-07 15:39
2625,광흥창,승강기)에스컬레이터-광흥창 내부3,B2-B1,대합실,사용가능,ES,2026-08-07 15:39
2625,광흥창,승강기)에스컬레이터-광흥창 내부4,B2-B1,대합실,사용가능,ES,2026-08-07 15:39
2625,광흥창,승강기)에스컬레이터-광흥창 내부5,BM1-M1,2번 출입구,사용가능,ES,2026-08-07 15:39
2625,광흥창,승강기)에스컬레이터-광흥창 내부6,BM1-M1,6번 출입구,사용가능,ES,2026-08-07 15:39
2625,광흥창,승강기)에스컬레이터-광흥창 내부7,BM1-M1,3번 출입구,사용가능,ES,2026-08-07 15:39
2625,광흥창,승강기)에스컬레이터-광흥창 외부8,BM1-1F,2번 출입구,사용가능,ES,2026-08-07 15:39
2625,광흥창,승강기)에스컬레이터-광흥창 외부9,1F-BM1,2번 출입구,사용가능,ES,2026-08-07 15:39
2625,광흥창,승강기)엘리베이터-광흥창 내부2,B2-B3,"상수 방면1-2, 대흥 방면8-3",사용가능,EV,2026-08-07 15:39
2625,광흥창,승강기)엘리베이터-광흥창 외부1,B2-1F,1번 출입구,사용가능,EV,2026-08-07 15:39
2625,광흥창,승강기)엘리베이터-광흥창 외부3,B1-1F,4번 출입구,사용가능,EV,2026-08-07 15:39
2626,대흥,승강기)에스컬레이터-대흥 내부1,B2-B1,대합실,사용가능,ES,2026-08-07 15:39
2626,대흥,승강기)에스컬레이터-대흥 내부2,B1-B2,대합실,사용가능,ES,2026-08-07 15:39
2626,대흥,승강기)에스컬레이터-대흥 내부3,B2-B1,2번 출입구,보수중,ES,2026-08-07 15:39
2626,대흥,승강기)에스컬레이터-대흥 내부4,B2-B1,4번 출입구,사용가능,ES,2026-08-07 15:39
2626,대흥,승강기)에스컬레이터-대흥 외부5,B1-1F,1번 출입구,보수중,ES,2026-08-07 15:39
2626,대흥,승강기)에스컬레이터-대흥 외부6,1F-B1,1번 출입구,사용가능,ES,2026-08-07 15:39
2626,대흥,승강기)엘리베이터-대흥 내부1,B2-B3,"광흥창 방면4-4, 공덕 방면5-1",사용가능,EV,2026-08-07 15:39
2626,대흥,승강기)엘리베이터-대흥 내부2,B1-B2,대합실,사용가능,EV,2026-08-07 15:39
2626,대흥,승강기)엘리베이터-대흥 외부 E/L 3호기,B2-1F,3번 출구,사용가능,EV,2026-08-07 15:39
2627,공덕(6),승강기)에스컬레이터-공덕(6) 내부1,1F-B1,7번 출입구,사용가능,ES,2026-08-07 15:39
2627,공덕(6),승강기)에스컬레이터-공덕(6) 내부2,B1-1F,7번 출입구,사용가능,ES,2026-08-07 15:39
2627,공덕(6),승강기)에스컬레이터-공덕(6) 내부3,B3-B2,환승통로(상/하선 방면1-1),사용가능,ES,2026-08-07 15:39
2627,공덕(6),승강기)에스컬레이터-공덕(6) 내부4,B2-B3,환승통로(상/하선 방면1-1),사용가능,ES,2026-08-07 15:39
2627,공덕(6),승강기)에스컬레이터-공덕(6) 내부5,B3-B2,환승통로(상/하선 방면8-4),사용가능,ES,2026-08-07 15:39
2627,공덕(6),승강기)에스컬레이터-공덕(6) 내부6,B2-B3,환승통로(상/하선 방면8-4),사용가능,ES,2026-08-07 15:39
2627,공덕(6),승강기)엘리베이터-공덕(6) 내부1,B1-B2,대흥 방면4-4,사용가능,EV,2026-08-07 15:39
2627,공덕(6),승강기)엘리베이터-공덕(6) 내부4,B2-B3,대흥 방면1-1,사용가능,EV,2026-08-07 15:39
2627,공덕(6),승강기)엘리베이터-공덕(6) 내부5,B2-B3,효창공원앞 방면8-4,사용가능,EV,2026-08-07 15:39
2627,공덕(6),승강기)엘리베이터-공덕(6) 외부2,B1-B2,효창공원 방면4-4,사용가능,EV,2026-08-07 15:39
2627,공덕(6),승강기)엘리베이터-공덕(6) 외부3,B1-1F,5번 출입구,사용가능,EV,2026-08-07 15:39
2628,효창공원앞(6),승강기)에스컬레이터-효창공원앞(6) 내부1,B2-B1,대합실,사용가능,ES,2026-08-07 15:39
2628,효창공원앞(6),승강기)에스컬레이터-효창공원앞(6) 내부2,B1-B2,대합실,사용가능,ES,2026-08-07 15:39
2628,효창공원앞(6),승강기)에스컬레이터-효창공원앞(6) 내부5,B3-B2,"공덕 방면6-4, 삼각지 방면3-1",사용가능,ES,2026-08-07 15:39
2628,효창공원앞(6),승강기)에스컬레이터-효창공원앞(6) 내부6,B2-B3,"공덕 방면6-4, 삼각지 방면3-1",보수중,ES,2026-08-07 15:39
2628,효창공원앞(6),승강기)에스컬레이터-효창공원앞(6) 외부3,B1-1F,6번 출입구,보수중,ES,2026-08-07 15:39
2628,효창공원앞(6),승강기)에스컬레이터-효창공원앞(6) 외부4,1F-B1,6번 출입구,사용가능,ES,2026-08-07 15:39
2628,효창공원앞(6),승강기)엘리베이터-효창공원앞(6) 내부1,B2-B3,"공덕 방면5-3, 삼각지 방면4-2",보수중,EV,2026-08-07 15:39
2628,효창공원앞(6),승강기)엘리베이터-효창공원앞(6) 내부2,B1-B2,대합실,사용가능,EV,2026-08-07 15:39
2629,삼각지(전쟁기념관)(6),승강기)무빙워크-삼각지(6) 1,B3-B3,환승통로(4호선 방면),사용가능,MW,2026-08-07 15:39
2629,삼각지(전쟁기념관)(6),승강기)무빙워크-삼각지(6) 2,B3-B3,환승통로(4호선 방면),사용가능,MW,2026-08-07 15:39
2629,삼각지(전쟁기념관)(6),승강기)무빙워크-삼각지(6) 3,B3-B3,환승통로(4호선 방면),사용가능,MW,2026-08-07 15:39
2629,삼각지(전쟁기념관)(6),승강기)무빙워크-삼각지(6) 4,B3-B3,환승통로(4호선 방면),사용가능,MW,2026-08-07 15:39
2629,삼각지(전쟁기념관)(6),승강기)무빙워크-삼각지(6) 5,B3-B3,환승통로(4호선 방면),사용가능,MW,2026-08-07 15:39
2629,삼각지(전쟁기념관)(6),승강기)무빙워크-삼각지(6) 6,B3-B3,환승통로(4호선 방면),사용가능,MW,2026-08-07 15:39
2629,삼각지(전쟁기념관)(6),승강기)무빙워크-삼각지(6) 7,B3-B3,환승통로(4호선 방면),사용가능,MW,2026-08-07 15:39
2629,삼각지(전쟁기념관)(6),승강기)무빙워크-삼각지(6) 8,B3-B3,환승통로(4호선 방면),사용가능,MW,2026-08-07 15:39
2629,삼각지(전쟁기념관)(6),승강기)에스컬레이터-삼각지(6) 내부 1호기,B1-B3,대합실,사용가능,ES,2026-08-07 15:39
2629,삼각지(전쟁기념관)(6),승강기)에스컬레이터-삼각지(6) 내부 2호기,B3-B1,대합실,사용가능,ES,2026-08-07 15:39
2629,삼각지(전쟁기념관)(6),승강기)에스컬레이터-삼각지(6) 내부 3호기,B3-B1,대합실,사용가능,ES,2026-08-07 15:39
2629,삼각지(전쟁기념관)(6),승강기)에스컬레이터-삼각지(6) 내부 4호기,B1-B3,대합실,사용가능,ES,2026-08-07 15:39
2629,삼각지(전쟁기념관)(6),승강기)엘리베이터-삼각지(6) 내부1,B3-B4,"효창공원앞 방면1-1,녹사평 방면8-4",사용가능,EV,2026-08-07 15:39
2629,삼각지(전쟁기념관)(6),승강기)엘리베이터-삼각지(6) 내부2,B3-B4,"녹사평 방면1-1, 효창공원앞 방면8-4",사용가능,EV,2026-08-07 15:39
2629,삼각지(전쟁기념관)(6),승강기)엘리베이터-삼각지(6) 내부5,B3-B4,"환승통로(효창공원앞 방면6-1,녹사평 방면4-4)",사용가능,EV,2026-08-07 15:39
2629,삼각지(전쟁기념관)(6),승강기)엘리베이터-삼각지(6) 외부3,B3-1F,8번 출입구,사용가능,EV,2026-08-07 15:39
2629,삼각지(전쟁기념관)(6),승강기)엘리베이터-삼각지(6) 외부4,B3-1F,12번 출입구,보수중,EV,2026-08-07 15:39
2630,녹사평,승강기)에스컬레이터-녹사평 내부1,B4-B5,"삼각지 방면3-3, 이태원 방면6-2",사용가능,ES,2026-08-07 15:39
2630,녹사평,승강기)에스컬레이터-녹사평 내부2,B5-B4,"삼각지 방면3-3, 이태원 방면6-2",사용가능,ES,2026-08-07 15:39
2630,녹사평,승강기)에스컬레이터-녹사평 내부3,B5-B4,"삼각지 방면5-4, 이태원 방면4-1",사용가능,ES,2026-08-07 15:39
2630,녹사평,승강기)에스컬레이터-녹사평 내부4,B4-B5,"삼각지 방면5-4, 이태원 방면4-1",사용가능,ES,2026-08-07 15:39
2630,녹사평,승강기)에스컬레이터-녹사평 내부5,B2-B4,대합실,사용가능,ES,2026-08-07 15:39
2630,녹사평,승강기)에스컬레이터-녹사평 내부6,B4-B2,대합실,사용가능,ES,2026-08-07 15:39
2630,녹사평,승강기)에스컬레이터-녹사평 내부7,B4-B2,대합실,사용가능,ES,2026-08-07 15:39
2630,녹사평,승강기)에스컬레이터-녹사평 내부8,B1-B2,대합실,사용가능,ES,2026-08-07 15:39
2630,녹사평,승강기)에스컬레이터-녹사평 내부9,B2-B1,대합실,사용가능,ES,2026-08-07 15:39
2630,녹사평,승강기)에스컬레이터-녹사평 외부 10호기,1F-B1,2번 출입구,사용가능,ES,2026-08-07 15:39
2630,녹사평,승강기)에스컬레이터-녹사평 외부 11호기,B1-F1,2번 출입구,사용가능,ES,2026-08-07 15:39
2630,녹사평,승강기)에스컬레이터-녹사평 외부12,1F-B1,3번 출입구,사용가능,ES,2026-08-07 15:39
2630,녹사평,승강기)에스컬레이터-녹사평 외부13,B1-1F,3번 출입구,사용가능,ES,2026-08-07 15:39
2630,녹사평,승강기)엘리베이터-녹사평 내부1,B4-B5,"삼각지 방면4-3, 이태원 방면5-1",사용가능,EV,2026-08-07 15:39
2630,녹사평,승강기)엘리베이터-녹사평 내부2,B2-B4,대합실,사용가능,EV,2026-08-07 15:39
2630,녹사평,승강기)엘리베이터-녹사평 외부3,B2-B1-1F,3번 출입구,사용가능,EV,2026-08-07 15:39
2631,이태원,승강기)에스컬레이터-이태원 내부 1호기,B4-B1,대합실,사용가능,ES,2026-08-07 15:39
2631,이태원,승강기)에스컬레이터-이태원 내부 2호기,B1-B4,대합실,사용가능,ES,2026-08-07 15:39
2631,이태원,승강기)에스컬레이터-이태원 내부3,B1-BM1,대합실,사용가능,ES,2026-08-07 15:39
2631,이태원,승강기)에스컬레이터-이태원 내부4,BM1-B1,대합실,사용가능,ES,2026-08-07 15:39
2631,이태원,승강기)엘리베이터-이태원 내부1,B1-B5,"녹사평 방면3-1, 한강진 방면6-3",사용가능,EV,2026-08-07 15:39
2631,이태원,승강기)엘리베이터-이태원 외부2,B1-1F,2번 출입구,사용가능,EV,2026-08-07 15:39
2632,한강진,승강기)에스컬레이터-한강진 내부1,B3-B1,대합실,사용가능,ES,2026-08-07 15:39
2632,한강진,승강기)에스컬레이터-한강진 내부2,B1-B3,대합실,보수중,ES,2026-08-07 15:39
2632,한강진,승강기)에스컬레이터-한강진 외부3,B1-1F,2번 출입구,사용가능,ES,2026-08-07 15:39
2632,한강진,승강기)에스컬레이터-한강진 외부4,1F-B1,2번 출입구,사용가능,ES,2026-08-07 15:39
2632,한강진,승강기)엘리베이터-한강진 내부1,B3-B4,이태원 방면5-2,사용가능,EV,2026-08-07 15:39
2632,한강진,승강기)엘리베이터-한강진 내부2,B1-B4,버티고개 방면4-2,사용가능,EV,2026-08-07 15:39
2632,한강진,승강기)엘리베이터-한강진 외부3,B1-1F,3번 출입구,사용가능,EV,2026-08-07 15:39
2633,버티고개,승강기)에스컬레이터-버티고개 내부 1호기,B2-B3,대합실,사용가능,ES,2026-08-07 15:39
2633,버티고개,승강기)에스컬레이터-버티고개 내부 2호기,B3-B2,대합실,사용가능,ES,2026-08-07 15:39
2633,버티고개,승강기)에스컬레이터-버티고개 외부3,B1-1F,3번 출입구,사용가능,ES,2026-08-07 15:39
2633,버티고개,승강기)에스컬레이터-버티고개 외부4,1F-B1,3번 출입구,사용가능,ES,2026-08-07 15:39
2633,버티고개,승강기)엘리베이터-버티고개 내부1,B3-B4,대합실(경사형),사용가능,EV,2026-08-07 15:39
2633,버티고개,승강기)엘리베이터-버티고개 내부2,B3-B4,대합실,사용가능,EV,2026-08-07 15:39
2633,버티고개,승강기)엘리베이터-버티고개 내부3,B2-B3,한강진 방면4-2,사용가능,EV,2026-08-07 15:39
2633,버티고개,승강기)엘리베이터-버티고개 내부4,B1-B2,약수 방면5-3,사용가능,EV,2026-08-07 15:39
2633,버티고개,승강기)엘리베이터-버티고개 외부5,B1-1F,2번 출입구,사용가능,EV,2026-08-07 15:39
2634,약수(6),"승강기)에스컬레이터-약수(6) 내부(7,8번출입구) 5호기",B1-BM1,"7,8번 출입구",사용가능,ES,2026-08-07 15:39
2634,약수(6),"승강기)에스컬레이터-약수(6) 내부(7,8번출입구) 6호기",BM1-B1,"7,8번 출입구",사용가능,ES,2026-08-07 15:39
2634,약수(6),승강기)에스컬레이터-약수(6) 내부1,B2-B3,환승통로(3호선 방면),사용가능,ES,2026-08-07 15:39
2634,약수(6),승강기)에스컬레이터-약수(6) 내부2,B3-B2,환승통로(3호선 방면),보수중,ES,2026-08-07 15:39
2634,약수(6),승강기)에스컬레이터-약수(6) 내부3,B2-B3,환승통로(3호선 방면),사용가능,ES,2026-08-07 15:39
2634,약수(6),승강기)에스컬레이터-약수(6) 내부4,B3-B2,환승통로(3호선 방면),사용가능,ES,2026-08-07 15:39
2634,약수(6),승강기)에스컬레이터-약수(6) 내부7,B2-B1,환승통로(3호선 방면),사용가능,ES,2026-08-07 15:39
2634,약수(6),승강기)에스컬레이터-약수(6) 내부8,B1-B2,환승통로(3호선 방면),보수중,ES,2026-08-07 15:39
2634,약수(6),승강기)에스컬레이터-약수(6) 내부9,B1-BM1,6번 출입구,사용가능,ES,2026-08-07 15:39
2634,약수(6),승강기)에스컬레이터-약수(6) 외부10,BM1-1F,7번 출입구,사용가능,ES,2026-08-07 15:39
2634,약수(6),승강기)에스컬레이터-약수(6) 외부11,1F-BM1,7번 출입구,사용가능,ES,2026-08-07 15:39
2634,약수(6),승강기)엘리베이터-약수(6) 내부1,B2-B3,버티고개 방면5-1,사용가능,EV,2026-08-07 15:39
2634,약수(6),승강기)엘리베이터-약수(6) 내부2,B2-B3,청구 방면4-4,사용가능,EV,2026-08-07 15:39
2634,약수(6),승강기)엘리베이터-약수(6) 내부3,B3-B2-B1,버티고개 방면6-1,사용가능,EV,2026-08-07 15:39
2634,약수(6),승강기)엘리베이터-약수(6) 내부4,B1-B2,환승통로,사용가능,EV,2026-08-07 15:39
2635,청구(6),승강기)에스컬레이터-청구(6) 내부1,B3-B2,환승통로(5호선 방면),사용가능,ES,2026-08-07 15:39
2635,청구(6),승강기)에스컬레이터-청구(6) 내부2,B2-B3,환승통로(5호선 방면),사용가능,ES,2026-08-07 15:39
2635,청구(6),승강기)에스컬레이터-청구(6) 내부3,B3-B2,환승통로(5호선 방면),보수중,ES,2026-08-07 15:39
2635,청구(6),승강기)에스컬레이터-청구(6) 내부4,B2-B3,환승통로(5호선 방면),사용가능,ES,2026-08-07 15:39
2635,청구(6),승강기)에스컬레이터-청구(6) 내부5,B1-BM1,1번 출입구,사용가능,ES,2026-08-07 15:39
2635,청구(6),승강기)에스컬레이터-청구(6) 내부6,BM1-B1,1번 출입구,사용가능,ES,2026-08-07 15:39
2635,청구(6),승강기)에스컬레이터-청구(6) 내부7,B1-BM1,3번 출입구,사용가능,ES,2026-08-07 15:39
2635,청구(6),승강기)에스컬레이터-청구(6) 내부8,BM1-B1,3번 출입구,사용가능,ES,2026-08-07 15:39
2635,청구(6),승강기)에스컬레이터-청구(6) 외부10,1F-BM1,1번 출입구,사용가능,ES,2026-08-07 15:39
2635,청구(6),승강기)에스컬레이터-청구(6) 외부9,BM1-1F,1번 출입구,사용가능,ES,2026-08-07 15:39
2635,청구(6),승강기)엘리베이터-청구(6) 내부1,B3-B4,"신금호 방면5-3, 동대문역사문화공원 방면4-1",사용가능,EV,2026-08-07 15:39
2635,청구(6),승강기)엘리베이터-청구(6) 내부2,B3-B2-B1,약수 방면6-2,사용가능,EV,2026-08-07 15:39
2635,청구(6),승강기)엘리베이터-청구(6) 내부3,B3-B2-B1,신당 방면6-2,사용가능,EV,2026-08-07 15:39
2635,청구(6),승강기)엘리베이터-청구(6) 외부4,B1-1F,3번 출입구,사용가능,EV,2026-08-07 15:39
2635,청구(6),승강기)엘리베이터-청구(6) 외부5,B1-1F,1번 출입구,사용가능,EV,2026-08-07 15:39
2636,신당(6),승강기)무빙워크-신당(6) 1,B1-B1,환승통로(2호선 방면),사용가능,MW,2026-08-07 15:39
2636,신당(6),승강기)무빙워크-신당(6) 2,B1-B1,환승통로(2호선 방면),사용가능,MW,2026-08-07 15:39
2636,신당(6),승강기)에스컬레이터-신당(6) 내부 1,B3-B2,"환승통로(청구 방면1-1,동묘앞 방면8-4)",사용가능,ES,2026-08-07 15:39
2636,신당(6),승강기)에스컬레이터-신당(6) 내부 10,B1-B2,환승통로(2호선 방면),사용가능,ES,2026-08-07 15:39
2636,신당(6),승강기)에스컬레이터-신당(6) 내부 11,B1-B2,환승통로(2호선 방면),사용가능,ES,2026-08-07 15:39
2636,신당(6),승강기)에스컬레이터-신당(6) 내부 12,B2-B1,환승통로(2호선 방면),사용가능,ES,2026-08-07 15:39
2636,신당(6),승강기)에스컬레이터-신당(6) 내부 13,B1-B2,환승통로(2호선 방면),사용가능,ES,2026-08-07 15:39
2636,신당(6),승강기)에스컬레이터-신당(6) 내부 14,B2-B1,환승통로(2호선 방면),사용가능,ES,2026-08-07 15:39
2636,신당(6),승강기)에스컬레이터-신당(6) 내부 2,B2-B3,"환승통로(청구 방면1-1,동묘앞 방면8-4)",보수중,ES,2026-08-07 15:39
2636,신당(6),승강기)에스컬레이터-신당(6) 내부 3,B1-B3,"청구 방면2-2, 동묘앞 방면7-3",사용가능,ES,2026-08-07 15:39
2636,신당(6),승강기)에스컬레이터-신당(6) 내부 4,B3-B1,"청구 방면2-2, 동묘앞 방면7-3",사용가능,ES,2026-08-07 15:39
2636,신당(6),승강기)에스컬레이터-신당(6) 내부 5,B3-B1,"청구 방면6-1, 동묘앞 방면3-4",사용가능,ES,2026-08-07 15:39
2636,신당(6),승강기)에스컬레이터-신당(6) 내부 6,B1-B3,"청구 방면6-1, 동묘앞 방면3-4",사용가능,ES,2026-08-07 15:39
2636,신당(6),승강기)에스컬레이터-신당(6) 내부 9,B2-B1,환승통로(2호선 방면),사용가능,ES,2026-08-07 15:39
2636,신당(6),승강기)에스컬레이터-신당(6) 외부 7,1F-B1,10번 출입구,사용가능,ES,2026-08-07 15:39
2636,신당(6),승강기)에스컬레이터-신당(6) 외부 8,B1-1F,10번 출입구,사용가능,ES,2026-08-07 15:39
2636,신당(6),승강기)엘리베이터-신당(6) 내부1,B1-B3,"청구 방면5-3, 동묘앞 방면4-2",사용가능,EV,2026-08-07 15:39
2636,신당(6),승강기)휠체어리프트-신당(6) 내부 1,B1-B2,"청구 방면1-1, 동묘앞 방면8-4",사용가능,WL,2026-08-07 15:39
2636,신당(6),승강기)휠체어리프트-신당(6) 내부 2,BM1-B1,환승통로(2호선 방면),사용가능,WL,2026-08-07 15:39
2636,신당(6),승강기)휠체어리프트-신당(6) 내부 3,B1-B2,환승통로(2호선 방면),사용가능,WL,2026-08-07 15:39
2636,신당(6),승강기)휠체어리프트-신당(6) 내부 4,B1-B2,환승통로(2호선 방면),사용가능,WL,2026-08-07 15:39
2636,신당(6),승강기)휠체어리프트-신당(6) 외부 5,1F-B1,9번 출입구,사용가능,WL,2026-08-07 15:39
2637,동묘앞(6),승강기)에스컬레이터-동묘앞(6) 내부1,B2-B3,"신당 방면7-3, 창신 방면2-2",보수중,ES,2026-08-07 15:39
2637,동묘앞(6),승강기)에스컬레이터-동묘앞(6) 내부11,B3-B2,"신당 방면2-3, 창신 방면7-2",사용가능,ES,2026-08-07 15:39
2637,동묘앞(6),승강기)에스컬레이터-동묘앞(6) 내부12,B2-B3,"신당 방면2-3, 창신 방면7-2",사용가능,ES,2026-08-07 15:39
2637,동묘앞(6),승강기)에스컬레이터-동묘앞(6) 내부2,B3-B2,"신당 방면7-3, 창신 방면2-2",사용가능,ES,2026-08-07 15:39
2637,동묘앞(6),승강기)에스컬레이터-동묘앞(6) 내부3,B2-B3,대합실,사용가능,ES,2026-08-07 15:39
2637,동묘앞(6),승강기)에스컬레이터-동묘앞(6) 내부4,B3-B2,대합실,사용가능,ES,2026-08-07 15:39
2637,동묘앞(6),승강기)에스컬레이터-동묘앞(6) 내부5,B1-B2,대합실,보수중,ES,2026-08-07 15:39
2637,동묘앞(6),승강기)에스컬레이터-동묘앞(6) 내부6,B2-B1,대합실,사용가능,ES,2026-08-07 15:39
2637,동묘앞(6),승강기)에스컬레이터-동묘앞(6) 내부7,B2-B1,대합실,사용가능,ES,2026-08-07 15:39
2637,동묘앞(6),승강기)에스컬레이터-동묘앞(6) 내부8,B1-BM1,7번 출입구,사용가능,ES,2026-08-07 15:39
2637,동묘앞(6),승강기)에스컬레이터-동묘앞(6) 외부10,BM1-1F,8번 출입구,사용가능,ES,2026-08-07 15:39
2637,동묘앞(6),승강기)에스컬레이터-동묘앞(6) 외부9,1F-BM1,8번 출입구,보수중,ES,2026-08-07 15:39
2637,동묘앞(6),승강기)엘리베이터-동묘앞(6) 내부1,B2-B3,"신당 방면3-3, 창신 방면6-2",사용가능,EV,2026-08-07 15:39
2637,동묘앞(6),승강기)엘리베이터-동묘앞(6) 내부2,B2-B3,"신당 방면8-4, 창신 방면1-1",사용가능,EV,2026-08-07 15:39
2637,동묘앞(6),승강기)휠체어리프트-동묘앞(6) 내부 1,B1-B2,대합실,사용가능,WL,2026-08-07 15:39
2637,동묘앞(6),승강기)휠체어리프트-동묘앞(6) 외부 2,1F-B1,5번 출입구,사용가능,WL,2026-08-07 15:39
2638,창신,승강기)에스컬레이터-창신 내부1,B3-B1,대합실,보수중,ES,2026-08-07 15:39
2638,창신,승강기)에스컬레이터-창신 내부2,B1-B3,대합실,사용가능,ES,2026-08-07 15:39
2638,창신,승강기)에스컬레이터-창신 내부3,B1-BM1,2번 출입구,보수중,ES,2026-08-07 15:39
2638,창신,승강기)엘리베이터-창신 2번 출입구 외부 3호기,B1-1F,2번 출입구,사용가능,EV,2026-08-07 15:39
2638,창신,승강기)엘리베이터-창신 내부1,B1-B4,"동묘앞 방면4-2, 보문 방면5-3",사용가능,EV,2026-08-07 15:39
2638,창신,승강기)엘리베이터-창신 외부2,B1-1F,"3,4번 출입구 사이",사용가능,EV,2026-08-07 15:39
2639,보문(6),승강기)에스컬레이터-보문(6) 내부1,B2-B1,대합실,사용가능,ES,2026-08-07 15:39
2639,보문(6),승강기)에스컬레이터-보문(6) 내부2,B1-B2,대합실,사용가능,ES,2026-08-07 15:39
2639,보문(6),승강기)엘리베이터-보문(6) 내부1,B2-B3,"창신 방면4-4 , 안암 방면5-1",사용가능,EV,2026-08-07 15:39
2640,안암,승강기)에스컬레이터-안암 내부1,B1-BM1,1번 출입구,사용가능,ES,2026-08-07 15:39
2640,안암,승강기)에스컬레이터-안암 내부2,BM1-B1,1번 출입구,사용가능,ES,2026-08-07 15:39
2640,안암,승강기)에스컬레이터-안암 내부3,B1-BM1,4번 출입구,사용가능,ES,2026-08-07 15:39
2640,안암,승강기)에스컬레이터-안암 내부4,BM1-B1,4번 출입구,사용가능,ES,2026-08-07 15:39
2640,안암,승강기)에스컬레이터-안암 내부5,B2-B1,대합실,사용가능,ES,2026-08-07 15:39
2640,안암,승강기)에스컬레이터-안암 내부6,B1-B2,대합실,사용가능,ES,2026-08-07 15:39
2640,안암,승강기)엘리베이터-안암 내부1,B2-B3,보문 방면5-2,사용가능,EV,2026-08-07 15:39
2640,안암,승강기)엘리베이터-안암 내부2,B2-B3,고려대 방면4-3,사용가능,EV,2026-08-07 15:39
2640,안암,승강기)엘리베이터-안암 외부3,B2-1F,1번 출입구,보수중,EV,2026-08-07 15:39
2641,고려대,승강기)에스컬레이터-고려대 내부1,B1-B2,"대합실(B1, 아이센터 앞)",사용가능,ES,2026-08-07 15:39
2641,고려대,승강기)에스컬레이터-고려대 내부10,B3-B4,안암 방면3-4,사용가능,ES,2026-08-07 15:39
2641,고려대,승강기)에스컬레이터-고려대 내부11,B4-B3,월곡 방면6-1,사용가능,ES,2026-08-07 15:39
2641,고려대,승강기)에스컬레이터-고려대 내부12,B3-B4,월곡 방면6-1,보수중,ES,2026-08-07 15:39
2641,고려대,승강기)에스컬레이터-고려대 내부2,B2-B1,"대합실(B1, 화장실 측)",사용가능,ES,2026-08-07 15:39
2641,고려대,승강기)에스컬레이터-고려대 내부3,B1-BM1,1번 출입구 방면(B1),사용가능,ES,2026-08-07 15:39
2641,고려대,승강기)에스컬레이터-고려대 내부4,BM1-B1,1번 출입구 방면(B1),사용가능,ES,2026-08-07 15:39
2641,고려대,승강기)에스컬레이터-고려대 내부9,B4-B3,안암 방면3-4,보수중,ES,2026-08-07 15:39
2641,고려대,승강기)에스컬레이터-고려대 외부5,B1-1F,6번 출입구,사용가능,ES,2026-08-07 15:39
2641,고려대,승강기)에스컬레이터-고려대 외부6,1F-B1,6번 출입구,보수중,ES,2026-08-07 15:39
2641,고려대,승강기)에스컬레이터-고려대 외부7,B1-1F,4번 출입구,사용가능,ES,2026-08-07 15:39
2641,고려대,승강기)에스컬레이터-고려대 외부8,1F-B1,4번 출입구,사용가능,ES,2026-08-07 15:39
2641,고려대,승강기)엘리베이터-고려대 내부1,B1-B4,안암 방면6-2,사용가능,EV,2026-08-07 15:39
2641,고려대,승강기)엘리베이터-고려대 내부2,B1-B4,월곡 방면3-2,사용가능,EV,2026-08-07 15:39
2641,고려대,승강기)엘리베이터-고려대 외부3,B1-1F,1번 출입구,사용가능,EV,2026-08-07 15:39
2641,고려대,승강기)엘리베이터-고려대 외부4,B1-1F,"3,4번 출입구 사이",사용가능,EV,2026-08-07 15:39
2642,월곡,승강기)에스컬레이터-월곡 내부1,B1-BM1,1번 출입구 방면(B1),사용가능,ES,2026-08-07 15:39
2642,월곡,승강기)에스컬레이터-월곡 내부10,B2-B3,상월곡 방면3-3,사용가능,ES,2026-08-07 15:39
2642,월곡,승강기)에스컬레이터-월곡 내부2,BM1-B1,4번 출입구 방면(B1),사용가능,ES,2026-08-07 15:39
2642,월곡,승강기)에스컬레이터-월곡 내부7,B3-B2,고려대 방면3-4,사용가능,ES,2026-08-07 15:39
2642,월곡,승강기)에스컬레이터-월곡 내부8,B2-B3,고려대 방면3-4,사용가능,ES,2026-08-07 15:39
2642,월곡,승강기)에스컬레이터-월곡 내부9,B3-B2,상월곡 방면3-3,사용가능,ES,2026-08-07 15:39
2642,월곡,승강기)에스컬레이터-월곡 외부11,BM1-1F,1번 출입구,보수중,ES,2026-08-07 15:39
2642,월곡,승강기)에스컬레이터-월곡 외부12,1F-BM1,1번 출입구,사용가능,ES,2026-08-07 15:39
2642,월곡,승강기)에스컬레이터-월곡 외부3,1F-BM1,2번 출입구,사용가능,ES,2026-08-07 15:39
2642,월곡,승강기)에스컬레이터-월곡 외부4,BM1-1F,2번 출입구,사용가능,ES,2026-08-07 15:39
2642,월곡,승강기)에스컬레이터-월곡 외부5,1F-BM1,3번 출입구,사용가능,ES,2026-08-07 15:39
2642,월곡,승강기)에스컬레이터-월곡 외부6,BM1-1F,3번 출입구,사용가능,ES,2026-08-07 15:39
2642,월곡,승강기)엘리베이터-월곡 내부1,B2-B3,고려대 방면4-4,사용가능,EV,2026-08-07 15:39
2642,월곡,승강기)엘리베이터-월곡 내부2,B2-B3,상월곡 방면4-4,사용가능,EV,2026-08-07 15:39
2642,월곡,승강기)엘리베이터-월곡 외부3,B2-1F,"1,5번 출입구 사이",사용가능,EV,2026-08-07 15:39
2642,월곡,승강기)휠체어리프트-월곡 내부 1,B1-B2,아이센터 측(B2),사용가능,WL,2026-08-07 15:39
2643,상월곡,승강기)에스컬레이터-상월곡 내부1,B2-B1,"대합실(B2, 화장실 측)",사용가능,ES,2026-08-07 15:39
2643,상월곡,승강기)에스컬레이터-상월곡 내부2,B1-B2,"대합실(B2, 화장실 측)",사용가능,ES,2026-08-07 15:39
2643,상월곡,승강기)에스컬레이터-상월곡 내부3,B2-B1,2번 출입구 방면(B1),사용가능,ES,2026-08-07 15:39
2643,상월곡,승강기)에스컬레이터-상월곡 내부4,B2-B1,3번 출입구 방면(B1),사용가능,ES,2026-08-07 15:39
2643,상월곡,승강기)에스컬레이터-상월곡 외부5,M1-1F,2번 출입구,사용가능,ES,2026-08-07 15:39
2643,상월곡,승강기)에스컬레이터-상월곡 외부6,1F-M1,2번 출입구,사용가능,ES,2026-08-07 15:39
2643,상월곡,승강기)엘리베이터-상월곡 내부 2호기,B2-B3,돌곶이 방면8-4,사용가능,EV,2026-08-07 15:39
2643,상월곡,승강기)엘리베이터-상월곡 내부 3호기,B2-B3,월곡 방면1-4,보수중,EV,2026-08-07 15:39
2643,상월곡,승강기)엘리베이터-상월곡 외부1,B2-1F,4번 출입구,사용가능,EV,2026-08-07 15:39
2644,돌곶이,승강기)에스컬레이터-돌곶이 내부1,B1-BM1,1번 출입구 방면(B1),사용가능,ES,2026-08-07 15:39
2644,돌곶이,승강기)에스컬레이터-돌곶이 내부4,B1-BM1,5번 출입구(B1),사용가능,ES,2026-08-07 15:39
2644,돌곶이,승강기)에스컬레이터-돌곶이 외부2,B1-1F,8번 출입구,사용가능,ES,2026-08-07 15:39
2644,돌곶이,승강기)에스컬레이터-돌곶이 외부3,1F-B1,8번 출입구,사용가능,ES,2026-08-07 15:39
2644,돌곶이,승강기)엘리베이터-돌곶이 내부1,B1-B2,상월곡 방면4-4,사용가능,EV,2026-08-07 15:39
2644,돌곶이,승강기)엘리베이터-돌곶이 내부2,B1-B2,석계 방면4-4,사용가능,EV,2026-08-07 15:39
2644,돌곶이,승강기)엘리베이터-돌곶이 외부3,B1-1F,3번 출입구,사용가능,EV,2026-08-07 15:39
2645,석계(6),승강기)무빙워크-석계(6) 1,B4-B4,환승통로(1호선 방면),사용가능,MW,2026-08-07 15:39
2645,석계(6),승강기)무빙워크-석계(6) 2,B4-B4,환승통로(1호선 방면),사용가능,MW,2026-08-07 15:39
2645,석계(6),승강기)에스컬레이터-석계(6) 내부1,B3-B2,돌곶이 방면1-1,사용가능,ES,2026-08-07 15:39
2645,석계(6),승강기)에스컬레이터-석계(6) 내부10,B2-B1,환승통로(1호선 방면 무빙워크 앞),사용가능,ES,2026-08-07 15:39
2645,석계(6),승강기)에스컬레이터-석계(6) 내부11,2F-B1,환승통로(1호선 승강장 방면),사용가능,ES,2026-08-07 15:39
2645,석계(6),승강기)에스컬레이터-석계(6) 내부12,B1-2F,환승통로(1호선 승강장 방면),사용가능,ES,2026-08-07 15:39
2645,석계(6),승강기)에스컬레이터-석계(6) 내부2,B3-B2,태릉입구 방면8-4,사용가능,ES,2026-08-07 15:39
2645,석계(6),승강기)에스컬레이터-석계(6) 내부3,B3-B2,돌곶이 방면6-3,사용가능,ES,2026-08-07 15:39
2645,석계(6),승강기)에스컬레이터-석계(6) 내부4,B3-B2,태릉입구 방면3-2,사용가능,ES,2026-08-07 15:39
2645,석계(6),승강기)에스컬레이터-석계(6) 내부5,B2-B1,7번 출입구 방면(B2),사용가능,ES,2026-08-07 15:39
2645,석계(6),승강기)에스컬레이터-석계(6) 내부6,B1-BM1,3번 출입구 방면,보수중,ES,2026-08-07 15:39
2645,석계(6),승강기)에스컬레이터-석계(6) 내부9,B1-B2,환승통로(1호선 방면 무빙워크 앞),사용가능,ES,2026-08-07 15:39
2645,석계(6),승강기)에스컬레이터-석계(6) 외부13,1F-B1,2번 출입구,사용가능,ES,2026-08-07 15:39
2645,석계(6),승강기)에스컬레이터-석계(6) 외부14,B1-1F,2번 출입구,사용가능,ES,2026-08-07 15:39
2645,석계(6),승강기)에스컬레이터-석계(6) 외부7,1F-B1,4번 출입구,사용가능,ES,2026-08-07 15:39
2645,석계(6),승강기)에스컬레이터-석계(6) 외부8,B1-1F,4번 출입구,보수중,ES,2026-08-07 15:39
2645,석계(6),승강기)엘리베이터-석계(6) 내부1,B2-B3,돌곶이 방면3-3,사용가능,EV,2026-08-07 15:39
2645,석계(6),승강기)엘리베이터-석계(6) 내부2,B2-B3,태릉입구 방면6-2,사용가능,EV,2026-08-07 15:39
2645,석계(6),승강기)엘리베이터-석계(6) 외부3,B2-B1-1F,1번 출입구,사용가능,EV,2026-08-07 15:39
2645,석계(6),승강기)엘리베이터-석계(6) 외부4,B2-B1-1F,4번 출입구,사용가능,EV,2026-08-07 15:39
2645,석계(6),승강기)휠체어리프트-석계(6) 내부 1,B2-B3,돌곶이 방면1-1,사용가능,WL,2026-08-07 15:39
2645,석계(6),승강기)휠체어리프트-석계(6) 내부 2,B2-B3,태릉입구 방면8-4,사용가능,WL,2026-08-07 15:39
2646,태릉입구(6),승강기)에스컬레이터-태릉입구(6) 1번출입구 16호기,B1-BM1,1번 출입구,사용가능,ES,2026-08-07 15:39
2646,태릉입구(6),승강기)에스컬레이터-태릉입구(6) 1번출입구 17호기,BM1-B1,1번 출입구,사용가능,ES,2026-08-07 15:39
2646,태릉입구(6),승강기)에스컬레이터-태릉입구(6) 내부1,B3-B4,환승통로(7호선 공릉 방면),사용가능,ES,2026-08-07 15:39
2646,태릉입구(6),승강기)에스컬레이터-태릉입구(6) 내부12,B1-BM1,"대합실(B1, 6번 출입구 방면)",사용가능,ES,2026-08-07 15:39
2646,태릉입구(6),승강기)에스컬레이터-태릉입구(6) 내부13,BM1-B1,"대합실(B1, 6번 출입구 방면)",사용가능,ES,2026-08-07 15:39
2646,태릉입구(6),승강기)에스컬레이터-태릉입구(6) 내부2,B4-B3,환승통로(7호선 공릉 방면),사용가능,ES,2026-08-07 15:39
2646,태릉입구(6),승강기)에스컬레이터-태릉입구(6) 내부3,B3-B4,환승통로(7호선 먹골 방면),사용가능,ES,2026-08-07 15:39
2646,태릉입구(6),승강기)에스컬레이터-태릉입구(6) 내부4,B4-B3,환승통로(7호선 먹골 방면),사용가능,ES,2026-08-07 15:39
2646,태릉입구(6),승강기)에스컬레이터-태릉입구(6) 내부5,B3-B2,환승통로(석계 방면8-4),사용가능,ES,2026-08-07 15:39
2646,태릉입구(6),승강기)에스컬레이터-태릉입구(6) 내부6,B2-B3,환승통로(석계 방면8-4),사용가능,ES,2026-08-07 15:39
2646,태릉입구(6),승강기)에스컬레이터-태릉입구(6) 내부7,B3-B2,환승통로(화랑대 방면1-1),사용가능,ES,2026-08-07 15:39
2646,태릉입구(6),승강기)에스컬레이터-태릉입구(6) 내부8,B2-B3,환승통로(화랑대 방면1-1),사용가능,ES,2026-08-07 15:39
2646,태릉입구(6),승강기)에스컬레이터-태릉입구(6) 외부10,1F-B1,7번 출입구,사용가능,ES,2026-08-07 15:39
2646,태릉입구(6),승강기)에스컬레이터-태릉입구(6) 외부11,B1-1F,7번 출입구,사용가능,ES,2026-08-07 15:39
2646,태릉입구(6),승강기)에스컬레이터-태릉입구(6) 외부14,BM1-1F,6번 출입구,사용가능,ES,2026-08-07 15:39
2646,태릉입구(6),승강기)에스컬레이터-태릉입구(6) 외부15,1F-BM1,6번 출입구,사용가능,ES,2026-08-07 15:39
2646,태릉입구(6),승강기)엘리베이터-태릉입구(6) 내부1,B1-B2,석계 방면5-3,사용가능,EV,2026-08-07 15:39
2646,태릉입구(6),승강기)엘리베이터-태릉입구(6) 내부2,B1-B2,화랑대 방면3-4,사용가능,EV,2026-08-07 15:39
2646,태릉입구(6),승강기)엘리베이터-태릉입구(6) 외부3,B1-1F,8번 출입구,사용가능,EV,2026-08-07 15:39
2646,태릉입구(6),승강기)엘리베이터-태릉입구(6) 외부4,B1-1F,6번 출입구,사용가능,EV,2026-08-07 15:39
2647,화랑대,승강기)에스컬레이터-화랑대 외부1,1F-B1,3번 출입구,사용가능,ES,2026-08-07 15:39
2647,화랑대,승강기)에스컬레이터-화랑대 외부2,B1-1F,3번 출입구,사용가능,ES,2026-08-07 15:39
2647,화랑대,승강기)에스컬레이터-화랑대 외부3,1F-B1,7번 출입구,사용가능,ES,2026-08-07 15:39
2647,화랑대,승강기)에스컬레이터-화랑대 외부4,B1-1F,7번 출입구,사용가능,ES,2026-08-07 15:39
2647,화랑대,승강기)엘리베이터-화랑대 내부1,B1-B2,태릉입구 방면5-4,사용가능,EV,2026-08-07 15:39
2647,화랑대,승강기)엘리베이터-화랑대 내부2,B1-B2,봉화산 방면4-1,사용가능,EV,2026-08-07 15:39
2647,화랑대,승강기)엘리베이터-화랑대 외부3,B1-1F,1번 출입구,사용가능,EV,2026-08-07 15:39
2647,화랑대,승강기)엘리베이터-화랑대 외부4,B1-1F,7번 출입구,사용가능,EV,2026-08-07 15:39
2647,화랑대,승강기)엘리베이터-화랑대 외부5,B1-1F,3번 출입구,사용가능,EV,2026-08-07 15:39
2648,봉화산,승강기)에스컬레이터-봉화산 내부1,B1-B2,화랑대 방면8-4,사용가능,ES,2026-08-07 15:39
2648,봉화산,승강기)에스컬레이터-봉화산 내부2,B2-B1,신내 방면1-1,사용가능,ES,2026-08-07 15:39
2648,봉화산,승강기)에스컬레이터-봉화산 외부3,1F-B1,3번 출입구,사용가능,ES,2026-08-07 15:39
2648,봉화산,승강기)에스컬레이터-봉화산 외부4,B1-1F,3번 출입구,사용가능,ES,2026-08-07 15:39
2648,봉화산,승강기)엘리베이터-봉화산 내부 3호기,B2-B1,신내 방면8-3,사용가능,EV,2026-08-07 15:39
2648,봉화산,승강기)엘리베이터-봉화산 내부 4호기,B2-B1,화랑대 방면1-2,사용가능,EV,2026-08-07 15:39
2648,봉화산,승강기)엘리베이터-봉화산 외부1,B1-1F,2번 출입구,사용가능,EV,2026-08-07 15:39
2648,봉화산,승강기)엘리베이터-봉화산 외부2,B1-1F,4번 출입구,사용가능,EV,2026-08-07 15:39
2649,신내(6),승강기)에스컬레이터-신내 1호기,1F-2F,봉화산 방면7-4,사용가능,ES,2026-08-07 15:39
2649,신내(6),승강기)에스컬레이터-신내 2호기,2F-1F,봉화산 방면7-4,사용가능,ES,2026-08-07 15:39
2649,신내(6),승강기)엘리베이터-신내 외부1,1F-2F,"신내, 봉화산 방면8-3",사용가능,EV,2026-08-07 15:39
2712,도봉산(7),승강기)엘리베이터-도봉산(7) 내부3,1F-2F,장암 방면3-4,보수중,EV,2026-08-07 15:39
2712,도봉산(7),승강기)엘리베이터-도봉산(7) 내부4,1F-2F,수락산 방면4-2,사용가능,EV,2026-08-07 15:39
2712,도봉산(7),승강기)엘리베이터-도봉산(7) 외부1,1F-2F,장암 방면7-2,사용가능,EV,2026-08-07 15:39
2712,도봉산(7),승강기)엘리베이터-도봉산(7) 외부2,1F-2F,수락산 방면1-4,사용가능,EV,2026-08-07 15:39
2712,도봉산(7),승강기)엘리베이터-도봉산(7) 외부5,B1-1F,1-1번 출입구,사용가능,EV,2026-08-07 15:39
2713,수락산,승강기)에스컬레이터-수락산 1번 출입구 외부 3호기,B1-1F,1번 출입구,사용가능,ES,2026-08-07 15:39
2713,수락산,승강기)에스컬레이터-수락산 3번 출입구 외부 1호기,1F-B2,3번 출입구,사용가능,ES,2026-08-07 15:39
2713,수락산,승강기)에스컬레이터-수락산 3번 출입구 외부 2호기,B2-1F,3번 출입구,사용가능,ES,2026-08-07 15:39
2713,수락산,승강기)에스컬레이터-수락산 4번 출입구 외부 5호기,B1-1F,4번 출입구,사용가능,ES,2026-08-07 15:39
2713,수락산,승강기)에스컬레이터-수락산 4번 출입구 외부 6호기,1F-B1,4번 출입구,사용가능,ES,2026-08-07 15:39
2713,수락산,승강기)에스컬레이터-수락산 6번 출입구 외부 4호기,B1-1F,6번 출입구,사용가능,ES,2026-08-07 15:39
2713,수락산,승강기)에스컬레이터-수락산 내부 7호기,B3-B2,도봉산 방면1-1,사용가능,ES,2026-08-07 15:39
2713,수락산,승강기)엘리베이터-수락산 외부1,B2-1F,1번 출입구,사용가능,EV,2026-08-07 15:39
2713,수락산,승강기)엘리베이터-수락산역 내부 2호기,B3-B2,도봉산 방면1-1,사용가능,EV,2026-08-07 15:39
2713,수락산,승강기)엘리베이터-수락산역 내부 3호기,B3-B2,마들 방면8-2,사용가능,EV,2026-08-07 15:39
2714,마들,승강기)에스컬레이터-마들 3번 출입구 외부 3호기,1F-B1,3번 출입구,사용가능,ES,2026-08-07 15:39
2714,마들,승강기)에스컬레이터-마들 3번 출입구 외부 4호기,1F-B1,3번 출입구,사용가능,ES,2026-08-07 15:39
2714,마들,승강기)에스컬레이터-마들 6번 출입구 외부 5호기,1F-B1,6번 출입구,사용가능,ES,2026-08-07 15:39
2714,마들,승강기)에스컬레이터-마들 6번 출입구 외부 6호기,1F-B1,6번 출입구,사용가능,ES,2026-08-07 15:39
2714,마들,승강기)에스컬레이터-마들 내부 1호기,B1-B2,"대합실(B2, 화장실 측)",사용가능,ES,2026-08-07 15:39
2714,마들,승강기)에스컬레이터-마들 내부 2호기,B1-B2,"대합실(B2, 화장실 측)",사용가능,ES,2026-08-07 15:39
2714,마들,승강기)에스컬레이터-마들 내부 7호기,B1-B2,개집표기 앞(B2),사용가능,ES,2026-08-07 15:39
2714,마들,승강기)에스컬레이터-마들 내부 8호기,B1-B2,개집표기 앞(B2),사용가능,ES,2026-08-07 15:39
2714,마들,승강기)엘리베이터-마들 내부1,B1-B3,"수락산 방면8-4, 노원 방면1-1",사용가능,EV,2026-08-07 15:39
2714,마들,승강기)엘리베이터-마들 외부2,B1-1F,5번 출입구,사용가능,EV,2026-08-07 15:39
2714,마들,승강기)엘리베이터-마들 외부3,B1-1F,4번 출입구,사용가능,EV,2026-08-07 15:39
2714,마들,승강기)엘리베이터-마들 외부4,B1-1F,2번 출입구,사용가능,EV,2026-08-07 15:39
2714,마들,승강기)휠체어리프트-마들 내부 1,B1-B2,화장실 측(B2),사용가능,WL,2026-08-07 15:39
2715,노원(7),승강기)에스컬레이터-노원(7) 내부 1호기,B3-B1,"마들 방면1-1, 중계 방면8-4",사용가능,ES,2026-08-07 15:39
2715,노원(7),승강기)에스컬레이터-노원(7) 내부 2호기,B1-B3,"마들 방면1-1, 중계 방면8-4",사용가능,ES,2026-08-07 15:39
2715,노원(7),승강기)에스컬레이터-노원(7) 내부 3호기,B3-B1,"마들 방면1-1, 중계 방면8-4",사용가능,ES,2026-08-07 15:39
2715,노원(7),승강기)에스컬레이터-노원(7) 내부 4호기,B1-BM1,환승통로(4호선 방면),사용가능,ES,2026-08-07 15:39
2715,노원(7),승강기)에스컬레이터-노원(7) 내부 5호기,BM1-B1,환승통로(4호선 방면),사용가능,ES,2026-08-07 15:39
2715,노원(7),승강기)에스컬레이터-노원(7) 내부 6호기,BM1-2F,환승통로(4호선 방면),사용가능,ES,2026-08-07 15:39
2715,노원(7),승강기)에스컬레이터-노원(7) 내부 7호기,2F-BM1,환승통로(4호선 방면),사용가능,ES,2026-08-07 15:39
2715,노원(7),승강기)에스컬레이터-노원(7) 내부 8호기,BM1-2F,환승통로(4호선 방면),사용가능,ES,2026-08-07 15:39
2715,노원(7),승강기)에스컬레이터-노원(7) 내부 9호기,2F-BM1,환승통로(4호선 방면),사용가능,ES,2026-08-07 15:39
2715,노원(7),승강기)에스컬레이터-노원(7) 외부 10호기,B1-1F,3번 출입구,사용가능,ES,2026-08-07 15:39
2715,노원(7),승강기)에스컬레이터-노원(7) 외부 11호기,1F-B1,3번 출입구,사용가능,ES,2026-08-07 15:39
2715,노원(7),승강기)에스컬레이터-노원(7) 외부 12호기,1F-B1,6번 출입구,사용가능,ES,2026-08-07 15:39
2715,노원(7),승강기)에스컬레이터-노원(7) 외부 13호기,B1-1F,6번 출입구,사용가능,ES,2026-08-07 15:39
2715,노원(7),승강기)에스컬레이터-노원(7) 외부 14호기,BM1-1F,8번 출입구,사용가능,ES,2026-08-07 15:39
2715,노원(7),승강기)에스컬레이터-노원(7) 외부 15호기,1F-BM1,8번 출입구,사용가능,ES,2026-08-07 15:39
2715,노원(7),승강기)엘리베이터-노원(7) 3번 출구측 외부2,B1-1F,3번 출입구,사용가능,EV,2026-08-07 15:39
2715,노원(7),승강기)엘리베이터-노원(7) 5번 출구측 외부4,B1-1F,5번 출입구,사용가능,EV,2026-08-07 15:39
2715,노원(7),승강기)엘리베이터-노원(7) 6번 출구측 외부3,B1-1F,6번 출입구,사용가능,EV,2026-08-07 15:39
2715,노원(7),승강기)엘리베이터-노원(7) 내부1,B3-B2-B1,"마들 방면4-4, 중계 방면4-3",사용가능,EV,2026-08-07 15:39
2716,중계,승강기)에스컬레이터-중계 내부 5호기,B2-B3,"노원 방면3-4, 하계 방면6-1",사용가능,ES,2026-08-07 15:39
2716,중계,승강기)에스컬레이터-중계 내부 6호기,B3-B2,"노원 방면3-4, 하계 방면6-1",사용가능,ES,2026-08-07 15:39
2716,중계,승강기)에스컬레이터-중계 외부 1호기,BM1-1F,1번 출입구,사용가능,ES,2026-08-07 15:39
2716,중계,승강기)에스컬레이터-중계 외부 2호기,1F-BM1,1번 출입구,사용가능,ES,2026-08-07 15:39
2716,중계,승강기)에스컬레이터-중계 외부 3호기,BM1-1F,3번 출입구,사용가능,ES,2026-08-07 15:39
2716,중계,승강기)에스컬레이터-중계 외부 4호기,1F-BM1,3번 출입구,사용가능,ES,2026-08-07 15:39
2716,중계,승강기)에스컬레이터-중계 외부 7호기,1F-B1,4번 출입구,사용가능,ES,2026-08-07 15:39
2716,중계,승강기)에스컬레이터-중계 외부 8호기,B1-1F,4번 출입구,사용가능,ES,2026-08-07 15:39
2716,중계,승강기)에스컬레이터-중계역 6번출입구 E/S 1200형 10호기,1F-B1,6번 출입구,사용가능,ES,2026-08-07 15:39
2716,중계,승강기)에스컬레이터-중계역 6번출입구 E/S 1200형 9호기,B1-1F,6번 출입구,사용가능,ES,2026-08-07 15:39
2716,중계,승강기)엘리베이터-중계 내부1,B2-B3,"노원 방면5-1, 하계 방면4-4",사용가능,EV,2026-08-07 15:39
2716,중계,승강기)엘리베이터-중계 외부2,B2-1F,5번 출입구,사용가능,EV,2026-08-07 15:39
2716,중계,승강기)엘리베이터-중계 외부3,B2-B1-1F,3번 출입구,사용가능,EV,2026-08-07 15:39
2717,하계,승강기)에스컬레이터-하계 2번 출입구 외부 1호기,BM1-1F,2번 출입구,보수중,ES,2026-08-07 15:39
2717,하계,승강기)에스컬레이터-하계 2번 출입구 외부 2호기,1F-BM1,2번 출입구,보수중,ES,2026-08-07 15:39
2717,하계,승강기)에스컬레이터-하계 3번 출입구 외부 5호기,B1-1F,3번 출입구,사용가능,ES,2026-08-07 15:39
2717,하계,승강기)에스컬레이터-하계 3번 출입구 외부 6호기,1F-B1,3번 출입구,사용가능,ES,2026-08-07 15:39
2717,하계,승강기)에스컬레이터-하계 4번 출입구 외부 3호기,1F-BM1,4번 출입구,보수중,ES,2026-08-07 15:39
2717,하계,승강기)에스컬레이터-하계 4번 출입구 외부 4호기,BM1-1F,4번 출입구,보수중,ES,2026-08-07 15:39
2717,하계,승강기)엘리베이터-하계 내부2,B3-B2-B1,"중계 방면4-4, 공릉 방면5-1",사용가능,EV,2026-08-07 15:39
2717,하계,승강기)엘리베이터-하계 외부3,B1-1F,1번 출입구,사용가능,EV,2026-08-07 15:39
2717,하계,승강기)엘리베이터-하계 외부4,B1-1F,6번 출입구,사용가능,EV,2026-08-07 15:39
2718,공릉,승강기)에스컬레이터-공릉 1번 출입구 7호기,B1-1F,1번 출입구,사용가능,ES,2026-08-07 15:39
2718,공릉,승강기)에스컬레이터-공릉 1번 출입구 8호기,1F-B1,1번 출입구,사용가능,ES,2026-08-07 15:39
2718,공릉,승강기)에스컬레이터-공릉 내부 1호기,B4-B2,하계 방면7-3,사용가능,ES,2026-08-07 15:39
2718,공릉,승강기)에스컬레이터-공릉 내부 2호기,B4-B2,태릉입구 방면2-2,사용가능,ES,2026-08-07 15:39
2718,공릉,승강기)에스컬레이터-공릉 내부 3호기,B3-B1,대합실(고객안전실 앞),사용가능,ES,2026-08-07 15:39
2718,공릉,승강기)에스컬레이터-공릉 내부 4호기,B1-B3,대합실(고객안전실 앞),사용가능,ES,2026-08-07 15:39
2718,공릉,승강기)에스컬레이터-공릉 외부 5호기,1F-B1,4번 출입구,사용가능,ES,2026-08-07 15:39
2718,공릉,승강기)에스컬레이터-공릉 외부 6호기,B1-1F,4번 출입구,사용가능,ES,2026-08-07 15:39
2718,공릉,승강기)엘리베이터-공릉 내부1,B2-B4,하계 방면 8-4,사용가능,EV,2026-08-07 15:39
2718,공릉,승강기)엘리베이터-공릉 내부2,B1-B4,태릉입구 방면 1-1,사용가능,EV,2026-08-07 15:39
2718,공릉,승강기)엘리베이터-공릉 외부3,B1-1F,2번 출입구,사용가능,EV,2026-08-07 15:39
2719,태릉입구(7),승강기)에스컬레이터-태릉입구(7) 4번 출입구 외부 7호기,1F-B1,4번 출입구,사용가능,ES,2026-08-07 15:39
2719,태릉입구(7),승강기)에스컬레이터-태릉입구(7) 4번 출입구 외부 8호기,B1-1F,4번 출입구,보수중,ES,2026-08-07 15:39
2719,태릉입구(7),승강기)에스컬레이터-태릉입구(7) 내부 1호기,B1-B3,대합실(B3)),사용가능,ES,2026-08-07 15:39
2719,태릉입구(7),승강기)에스컬레이터-태릉입구(7) 내부 2호기,B3-B1,대합실(B3),사용가능,ES,2026-08-07 15:39
2719,태릉입구(7),승강기)에스컬레이터-태릉입구(7) 내부 3호기,B1-B3,대합실(B3),사용가능,ES,2026-08-07 15:39
2719,태릉입구(7),승강기)에스컬레이터-태릉입구(7) 내부 4호기,B3-B1,대합실(B3),사용가능,ES,2026-08-07 15:39
2719,태릉입구(7),승강기)에스컬레이터-태릉입구(7) 내부(대합실) 5호기,B1-B3,대합실,사용가능,ES,2026-08-07 15:39
2719,태릉입구(7),승강기)에스컬레이터-태릉입구(7) 내부(대합실) 6호기,B3-B1,대합실,사용가능,ES,2026-08-07 15:39
2719,태릉입구(7),승강기)엘리베이터-태릉입구(7) 내부1,B4-B1,공릉 방면6-4,사용가능,EV,2026-08-07 15:39
2719,태릉입구(7),승강기)엘리베이터-태릉입구(7) 외부2,B4-1F,2번 출입구,사용가능,EV,2026-08-07 15:39
2720,먹골,승강기)에스컬레이터-먹골 2번 출입구 외부 1호기,1F-B1,2번 출입구,사용가능,ES,2026-08-07 15:39
2720,먹골,승강기)에스컬레이터-먹골 2번 출입구 외부 2호기,B1-1F,2번 출입구,사용가능,ES,2026-08-07 15:39
2720,먹골,승강기)에스컬레이터-먹골 5번 출입구 외부 5호기,B1-1F,5번 출입구,사용가능,ES,2026-08-07 15:39
2720,먹골,승강기)에스컬레이터-먹골 5번 출입구 외부 6호기,1F-B1,5번 출입구,사용가능,ES,2026-08-07 15:39
2720,먹골,승강기)에스컬레이터-먹골 7번 출입구 외부 3호기,B1-1F,7번 출입구,보수중,ES,2026-08-07 15:39
2720,먹골,승강기)에스컬레이터-먹골 7번 출입구 외부 4호기,1F-B1,7번 출입구,사용가능,ES,2026-08-07 15:39
2720,먹골,승강기)엘리베이터-먹골 내부1,B2-B3,태릉입구 방면4-4,사용가능,EV,2026-08-07 15:39
2720,먹골,승강기)엘리베이터-먹골 내부2,B2-B3,중화 방면5-1,사용가능,EV,2026-08-07 15:39
2720,먹골,승강기)엘리베이터-먹골 외부3,B2-B1-1F,2번 출입구,사용가능,EV,2026-08-07 15:39
2721,중화,승강기)에스컬레이터-중화 3번 출입구 외부 5호기,1F-B1,3번 출입구,사용가능,ES,2026-08-07 15:39
2721,중화,승강기)에스컬레이터-중화 3번 출입구 외부 6호기,B1-1F,3번 출입구,사용가능,ES,2026-08-07 15:39
2721,중화,승강기)에스컬레이터-중화 내부 1호기,B3-B2,먹골 방면3-3,사용가능,ES,2026-08-07 15:39
2721,중화,승강기)에스컬레이터-중화 내부 2호기,B2-B3,먹골 방면3-3,사용가능,ES,2026-08-07 15:39
2721,중화,승강기)에스컬레이터-중화 내부 3호기,B3-B2,상봉 방면6-1,사용가능,ES,2026-08-07 15:39
2721,중화,승강기)에스컬레이터-중화 내부 4호기,B2-B3,상봉 방면6-1,사용가능,ES,2026-08-07 15:39
2721,중화,승강기)엘리베이터-중화 내부1,B1-B2-B3,먹골 방면4-4,사용가능,EV,2026-08-07 15:39
2721,중화,승강기)엘리베이터-중화 내부2,B2-B3,상봉 방면5-1,사용가능,EV,2026-08-07 15:39
2721,중화,승강기)엘리베이터-중화 외부3,B1-1F,3번 출입구,사용가능,EV,2026-08-07 15:39
2722,상봉(7),승강기)에스컬레이터-상봉(7) 1번 출입구 외부 1호기,1F-B1,1번 출입구,사용가능,ES,2026-08-07 15:39
2722,상봉(7),승강기)에스컬레이터-상봉(7) 1번 출입구 외부 2호기,B1-1F,1번 출입구,사용가능,ES,2026-08-07 15:39
2722,상봉(7),승강기)에스컬레이터-상봉(7) 2번 출입구 외부 3호기,1F-B1,2번 출입구,사용가능,ES,2026-08-07 15:39
2722,상봉(7),승강기)에스컬레이터-상봉(7) 2번 출입구 외부 4호기,B1-1F,2번 출입구,사용가능,ES,2026-08-07 15:39
2722,상봉(7),승강기)에스컬레이터-상봉(7) 3번 출입구 외부 5호기,1F-B1,3번 출입구,사용가능,ES,2026-08-07 15:39
2722,상봉(7),승강기)에스컬레이터-상봉(7) 3번 출입구 외부 6호기,B1-1F,3번 출입구,사용가능,ES,2026-08-07 15:39
2722,상봉(7),승강기)엘리베이터-상봉(7) 내부1,B3-B2-B1,중화 방면3-2,사용가능,EV,2026-08-07 15:39
2722,상봉(7),승강기)엘리베이터-상봉(7) 내부2,B3-B2-B1,면목 방면6-2,사용가능,EV,2026-08-07 15:39
2722,상봉(7),승강기)엘리베이터-상봉(7) 내부3,B2-B3,중화 방면4-2,사용가능,EV,2026-08-07 15:39
2722,상봉(7),승강기)엘리베이터-상봉(7) 내부4,B2-B3,면목 방면5-1,사용가능,EV,2026-08-07 15:39
2722,상봉(7),승강기)엘리베이터-상봉(7) 외부5,B1-1F,3번 출입구,사용가능,EV,2026-08-07 15:39
2723,면목,승강기)에스컬레이터-면목 2번 출입구 외부 5호기,1F-B1,2번 출입구,사용가능,ES,2026-08-07 15:39
2723,면목,승강기)에스컬레이터-면목 2번 출입구 외부 6호기,B1-1F,2번 출입구,사용가능,ES,2026-08-07 15:39
2723,면목,승강기)에스컬레이터-면목 3번 출입구 외부 3호기,B1-1F,3번 출입구,사용가능,ES,2026-08-07 15:39
2723,면목,승강기)에스컬레이터-면목 3번 출입구 외부 4호기,1F-B1,3번 출입구,사용가능,ES,2026-08-07 15:39
2723,면목,승강기)에스컬레이터-면목 내부 1호기,B1-B3,대합실,사용가능,ES,2026-08-07 15:39
2723,면목,승강기)에스컬레이터-면목 내부 2호기,B3-B1,대합실,사용가능,ES,2026-08-07 15:39
2723,면목,승강기)엘리베이터-면목 내부1,B1-B3-B4,상봉 방면4-4,사용가능,EV,2026-08-07 15:39
2723,면목,승강기)엘리베이터-면목 내부2,B3-B4,사가정 방면5-2,사용가능,EV,2026-08-07 15:39
2723,면목,승강기)엘리베이터-면목 외부3,B1-1F,3번 출입구,사용가능,EV,2026-08-07 15:39
2724,사가정,승강기)에스컬레이터-사가정 1번 출입구 외부 3호기,1F-B1,1번 출입구,사용가능,ES,2026-08-07 15:39
2724,사가정,승강기)에스컬레이터-사가정 1번 출입구 외부 4호기,B1-1F,1번 출입구,사용가능,ES,2026-08-07 15:39
2724,사가정,승강기)에스컬레이터-사가정 2번 출입구 외부 10호기,1F-B1,2번 출입구,사용가능,ES,2026-08-07 15:39
2724,사가정,승강기)에스컬레이터-사가정 2번 출입구 외부 9호기,B1-1F,2번 출입구,사용가능,ES,2026-08-07 15:39
2724,사가정,승강기)에스컬레이터-사가정 3번 출입구 외부 5호기,1F-B1,3번 출입구,보수중,ES,2026-08-07 15:39
2724,사가정,승강기)에스컬레이터-사가정 3번 출입구 외부 6호기,B1-1F,3번 출입구,사용가능,ES,2026-08-07 15:39
2724,사가정,승강기)에스컬레이터-사가정 4번 출입구 외부 7호기,1F-B1,4번 출입구,사용가능,ES,2026-08-07 15:39
2724,사가정,승강기)에스컬레이터-사가정 4번 출입구 외부 8호기,B1-1F,4번 출입구,사용가능,ES,2026-08-07 15:39
2724,사가정,승강기)에스컬레이터-사가정 내부 1호기,B1-B3,대합실,사용가능,ES,2026-08-07 15:39
2724,사가정,승강기)에스컬레이터-사가정 내부 2호기,B3-B1,대합실,사용가능,ES,2026-08-07 15:39
2724,사가정,승강기)엘리베이터-사가정 내부1,B3-B4,면목 방면3-3,사용가능,EV,2026-08-07 15:39
2724,사가정,승강기)엘리베이터-사가정 내부2,B1-B3-B4,용마산 방면6-2,사용가능,EV,2026-08-07 15:39
2724,사가정,승강기)엘리베이터-사가정 외부3,B1-1F,3번 출입구,사용가능,EV,2026-08-07 15:39
2725,용마산,승강기)에스컬레이터-용마산 1번 출입구 외부 5호기,BM1-1F,1번 출입구,사용가능,ES,2026-08-07 15:39
2725,용마산,승강기)에스컬레이터-용마산 1번 출입구 외부 6호기,1F-BM1,1번 출입구,사용가능,ES,2026-08-07 15:39
2725,용마산,승강기)에스컬레이터-용마산 3번 출입구 외부 7호기,B1-1F,3번 출입구,사용가능,ES,2026-08-07 15:39
2725,용마산,승강기)에스컬레이터-용마산 3번 출입구 외부 8호기,1F-B1,3번 출입구,사용가능,ES,2026-08-07 15:39
2725,용마산,승강기)에스컬레이터-용마산 내부 1호기,B1-B3,대합실,사용가능,ES,2026-08-07 15:39
2725,용마산,승강기)에스컬레이터-용마산 내부 2호기,B3-B1,대합실,사용가능,ES,2026-08-07 15:39
2725,용마산,승강기)에스컬레이터-용마산 내부 3호기,BM1-B1,대합실,사용가능,ES,2026-08-07 15:39
2725,용마산,승강기)에스컬레이터-용마산 내부 4호기,B1-BM1,대합실,사용가능,ES,2026-08-07 15:39
2725,용마산,승강기)엘리베이터-용마산 내부1,B3-B4,사가정 방면3-3,사용가능,EV,2026-08-07 15:39
2725,용마산,승강기)엘리베이터-용마산 내부2,B1-B4,중곡 방면6-1,사용가능,EV,2026-08-07 15:39
2725,용마산,승강기)엘리베이터-용마산 외부3,B1-1F-2F,1번 출입구,사용가능,EV,2026-08-07 15:39
2726,중곡,승강기)에스컬레이터-중곡 2번 출입구 외부 3호기,B1-1F,2번 출입구,사용가능,ES,2026-08-07 15:39
2726,중곡,승강기)에스컬레이터-중곡 2번 출입구 외부 4호기,1F-B1,2번 출입구,사용가능,ES,2026-08-07 15:39
2726,중곡,승강기)에스컬레이터-중곡 3번 출입구 외부 1호기,B1-1F,4번 출입구,사용가능,ES,2026-08-07 15:39
2726,중곡,승강기)에스컬레이터-중곡 3번 출입구 외부 2호기,1F-B1,4번 출입구,사용가능,ES,2026-08-07 15:39
2726,중곡,승강기)엘리베이터-중곡 내부1,B2-B3,용마산 방면4-4,사용가능,EV,2026-08-07 15:39
2726,중곡,승강기)엘리베이터-중곡 내부2,B2-B3,군자 방면5-1,사용가능,EV,2026-08-07 15:39
2726,중곡,승강기)엘리베이터-중곡 외부3,B2-1F,1번 출입구,사용가능,EV,2026-08-07 15:39
2727,군자(7),승강기)에스컬레이터-군자(7) 내부 1호기,B1-B2,대합실,사용가능,ES,2026-08-07 15:39
2727,군자(7),승강기)에스컬레이터-군자(7) 내부 2호기,B2-B1,대합실,사용가능,ES,2026-08-07 15:39
2727,군자(7),승강기)에스컬레이터-군자(7) 내부 3호기,B2-B3,대합실,사용가능,ES,2026-08-07 15:39
2727,군자(7),승강기)에스컬레이터-군자(7) 내부 4호기,B3-B2,대합실,사용가능,ES,2026-08-07 15:39
2727,군자(7),승강기)에스컬레이터-군자(7) 내부 5호기,B2-B3,대합실,사용가능,ES,2026-08-07 15:39
2727,군자(7),승강기)에스컬레이터-군자(7) 내부 6호기,B3-B2,대합실,사용가능,ES,2026-08-07 15:39
2727,군자(7),승강기)엘리베이터-군자(7) 7번출구측 외부1,B1-1F,7번 출입구,사용가능,EV,2026-08-07 15:39
2728,어린이대공원,승강기)에스컬레이터-어린이대공원 1번 출입구 외부 5호기,B1-1F,1번 출입구,사용가능,ES,2026-08-07 15:39
2728,어린이대공원,승강기)에스컬레이터-어린이대공원 1번 출입구 외부 6호기,1F-B1,1번 출입구,사용가능,ES,2026-08-07 15:39
2728,어린이대공원,승강기)에스컬레이터-어린이대공원 3번 출입구 외부 3호기,B1-1F,3번 출입구,사용가능,ES,2026-08-07 15:39
2728,어린이대공원,승강기)에스컬레이터-어린이대공원 3번 출입구 외부 4호기,1F-B1,3번 출입구,사용가능,ES,2026-08-07 15:39
2728,어린이대공원,승강기)에스컬레이터-어린이대공원 5번 출입구 외부 1호기,B1-1F,5번 출입구,사용가능,ES,2026-08-07 15:39
2728,어린이대공원,승강기)에스컬레이터-어린이대공원 5번 출입구 외부 2호기,1F-B1,5번 출입구,사용가능,ES,2026-08-07 15:39
2728,어린이대공원,승강기)엘리베이터-어린이대공원 내부1,B3-B2-B1,군자 방면3-3,사용가능,EV,2026-08-07 15:39
2728,어린이대공원,승강기)엘리베이터-어린이대공원 내부2,B3-B2-B1,건대입구 방면6-2,사용가능,EV,2026-08-07 15:39
2728,어린이대공원,승강기)엘리베이터-어린이대공원 외부3,B1-1F,1번 출입구,사용가능,EV,2026-08-07 15:39
2728,어린이대공원,승강기)엘리베이터-어린이대공원 외부4,B1-1F,5번 출입구,사용가능,EV,2026-08-07 15:39
2729,건대입구(7),승강기)에스컬레이터-건대입구(7) 3번 출입구 외부 10호기,1F-B1,3번 출입구,사용가능,ES,2026-08-07 15:39
2729,건대입구(7),승강기)에스컬레이터-건대입구(7) 3번 출입구 외부 11호기,B1-1F,3번 출입구,사용가능,ES,2026-08-07 15:39
2729,건대입구(7),승강기)에스컬레이터-건대입구(7) 내부 1호기,B3-M1,환승통로(2호선 방면),사용가능,ES,2026-08-07 15:39
2729,건대입구(7),승강기)에스컬레이터-건대입구(7) 내부 2호기,M1-B3,환승통로(2호선 방면),사용가능,ES,2026-08-07 15:39
2729,건대입구(7),승강기)에스컬레이터-건대입구(7) 내부 3호기,M1-2F,"환승통로(2호선 E/S #1,2 상부)",사용가능,ES,2026-08-07 15:39
2729,건대입구(7),승강기)에스컬레이터-건대입구(7) 내부 4호기,2F-FM1,"환승통로(2호선 E/S #1,2 상부)",사용가능,ES,2026-08-07 15:39
2729,건대입구(7),승강기)에스컬레이터-건대입구(7) 내부 5호기,B2-2F,환승통로(뚝섬유원지 방면1-1),사용가능,ES,2026-08-07 15:39
2729,건대입구(7),승강기)에스컬레이터-건대입구(7) 내부 6호기,2F-B2,환승통로(뚝섬유원지 방면1-1),사용가능,ES,2026-08-07 15:39
2729,건대입구(7),승강기)에스컬레이터-건대입구(7) 내부 7호기,B2-B1,어린이대공원 방면6-4,사용가능,ES,2026-08-07 15:39
2729,건대입구(7),승강기)에스컬레이터-건대입구(7) 내부 8호기,B2-B1,"대합실(B2, 3번 출입구방면)",사용가능,ES,2026-08-07 15:39
2729,건대입구(7),승강기)에스컬레이터-건대입구(7) 내부 9호기,B1-B2,"대합실(B2, 3번 출입구방면)",사용가능,ES,2026-08-07 15:39
2729,건대입구(7),승강기)엘리베이터-건대입구(7) 내부1,B2-B3,어린이대공원 방면5-4,사용가능,EV,2026-08-07 15:39
2729,건대입구(7),승강기)엘리베이터-건대입구(7) 내부2,B2-B3,자양방면 4-1,사용가능,EV,2026-08-07 15:39
2729,건대입구(7),승강기)휠체어리프트-건대입구(7) 외부 3,2F-B1,뚝섬유원지 방면1-1,사용가능,WL,2026-08-07 15:39
2730,자양(뚝섬한강공원),승강기)에스컬레이터-자양역 1번 출입구 외부 1호기,2F-1F,1번 출입구,사용가능,ES,2026-08-07 15:39
2730,자양(뚝섬한강공원),승강기)에스컬레이터-자양역 1번 출입구 외부 2호기,1F-2F,1번 출입구,사용가능,ES,2026-08-07 15:39
2730,자양(뚝섬한강공원),승강기)에스컬레이터-자양역 4번 출입구 외부 3호기,2F-1F,4번 출입구,사용가능,ES,2026-08-07 15:39
2730,자양(뚝섬한강공원),승강기)에스컬레이터-자양역 4번 출입구 외부 4호기,1F-2F,4번 출입구,사용가능,ES,2026-08-07 15:39
2730,자양(뚝섬한강공원),승강기)엘리베이터-자양역 내부2,2F-3F,건대입구 방면1-4,사용가능,EV,2026-08-07 15:39
2730,자양(뚝섬한강공원),승강기)엘리베이터-자양역 내부3,2F-3F,청담 방면7-4,사용가능,EV,2026-08-07 15:39
2730,자양(뚝섬한강공원),승강기)엘리베이터-자양역 외부1,1F-2F,1번 출입구,사용가능,EV,2026-08-07 15:39
2731,청담,승강기)에스컬레이터-청담 10번 출입구 외부 5호기,1F-B1,10번 출입구,사용가능,ES,2026-08-07 15:39
2731,청담,승강기)에스컬레이터-청담 10번 출입구 외부 6호기,B1-1F,10번 출입구,사용가능,ES,2026-08-07 15:39
2731,청담,승강기)에스컬레이터-청담 1번 출입구 외부 7호기,1F-B1,1번 출입구,사용가능,ES,2026-08-07 15:39
2731,청담,승강기)에스컬레이터-청담 1번 출입구 외부 8호기,B1-1F,1번 출입구,사용가능,ES,2026-08-07 15:39
2731,청담,승강기)에스컬레이터-청담 2번 출입구 외부 10호기,B1-1F,2번 출입구,사용가능,ES,2026-08-07 15:39
2731,청담,승강기)에스컬레이터-청담 2번 출입구 외부 9호기,1F-B1,2번 출입구,사용가능,ES,2026-08-07 15:39
2731,청담,승강기)에스컬레이터-청담 4번 출입구 외부 3호기,B1-1F,4번 출입구,사용가능,ES,2026-08-07 15:39
2731,청담,승강기)에스컬레이터-청담 4번 출입구 외부 4호기,1F-B1,4번 출입구,사용가능,ES,2026-08-07 15:39
2731,청담,승강기)에스컬레이터-청담 6번 출입구 외부 11호기,1F-B1,6번 출입구,사용가능,ES,2026-08-07 15:39
2731,청담,승강기)에스컬레이터-청담 6번 출입구 외부 12호기,B1-1F,6번 출입구,사용가능,ES,2026-08-07 15:39
2731,청담,승강기)에스컬레이터-청담 7번 출입구 외부 13호기,1F-B1,7번 출입구,사용가능,ES,2026-08-07 15:39
2731,청담,승강기)에스컬레이터-청담 7번 출입구 외부 14호기,B1-1F,7번 출입구,사용가능,ES,2026-08-07 15:39
2731,청담,승강기)에스컬레이터-청담 9번 출입구 외부 15호기,1F-B1,9번 출입구,사용가능,ES,2026-08-07 15:39
2731,청담,승강기)에스컬레이터-청담 9번 출입구 외부 16호기,B1-1F,9번 출입구,사용가능,ES,2026-08-07 15:39
2731,청담,승강기)에스컬레이터-청담 내부 1호기,B1-B3,"4,5,10,11번 출입구방면 통로",사용가능,ES,2026-08-07 15:39
2731,청담,승강기)에스컬레이터-청담 내부 2호기,B3-B1,"4,5,10,11번 출입구방면 통로",사용가능,ES,2026-08-07 15:39
2731,청담,승강기)엘리베이터-청담 내부 E/L 3호기,B3-B4,장암 방면7-4,사용가능,EV,2026-08-07 15:39
2731,청담,승강기)엘리베이터-청담 내부 E/L 4호기,B3-B4,석남 방면2-1,사용가능,EV,2026-08-07 15:39
2731,청담,승강기)엘리베이터-청담 외부1,B3-1F,5번 출입구,사용가능,EV,2026-08-07 15:39
2731,청담,승강기)엘리베이터-청담 외부2,B3-1F,10번 출입구,사용가능,EV,2026-08-07 15:39
2732,강남구청(7),승강기)에스컬레이터-강남구청(7) 내부 1호기,B1-B2,대합실(1~4번 출입구 방면),사용가능,ES,2026-08-07 15:39
2732,강남구청(7),승강기)에스컬레이터-강남구청(7) 내부 2호기,B2-B1,대합실(1~4번 출입구 방면),사용가능,ES,2026-08-07 15:39
2732,강남구청(7),승강기)에스컬레이터-강남구청(7) 내부 3호기,B2-B1,대합실(1~4번 출입구 방면),사용가능,ES,2026-08-07 15:39
2732,강남구청(7),승강기)에스컬레이터-강남구청(7) 내부 4호기,B1-B2,대합실(1~4번 출입구 방면),사용가능,ES,2026-08-07 15:39
2732,강남구청(7),승강기)에스컬레이터-강남구청(7) 내부 5호기,B1-BM1,1번 출입구,사용가능,ES,2026-08-07 15:39
2732,강남구청(7),승강기)에스컬레이터-강남구청(7) 내부 6호기,BM1-B1,1번 출입구,사용가능,ES,2026-08-07 15:39
2732,강남구청(7),승강기)에스컬레이터-강남구청(7) 내부 7호기,B1-BM1,4번 출입구,사용가능,ES,2026-08-07 15:39
2732,강남구청(7),승강기)엘리베이터-강남구청(7) 내부1,B2-B3,청담 방면1-1,사용가능,EV,2026-08-07 15:39
2732,강남구청(7),승강기)엘리베이터-강남구청(7) 내부2,B2-B3,학동 방면8-4,사용가능,EV,2026-08-07 15:39
2733,학동,승강기)에스컬레이터-학동 10번 출입구 외부 7호기,B1-1F,10번 출입구,사용가능,ES,2026-08-07 15:39
2733,학동,승강기)에스컬레이터-학동 10번 출입구 외부 8호기,1F-B1,10번 출입구,사용가능,ES,2026-08-07 15:39
2733,학동,승강기)에스컬레이터-학동 1번 출입구 외부 5호기,B1-1F,1번 출입구,사용가능,ES,2026-08-07 15:39
2733,학동,승강기)에스컬레이터-학동 1번 출입구 외부 6호기,1F-B1,1번 출입구,사용가능,ES,2026-08-07 15:39
2733,학동,승강기)에스컬레이터-학동 내부 10호기,B1-B2,"1,2,9,10번 출입구 방면 통로",사용가능,ES,2026-08-07 15:39
2733,학동,승강기)에스컬레이터-학동 내부 1호기,B1-B2,3~5번 출입구 방면 통로,사용가능,ES,2026-08-07 15:39
2733,학동,승강기)에스컬레이터-학동 내부 2호기,B2-B1,3~5번 출입구 방면 통로,사용가능,ES,2026-08-07 15:39
2733,학동,승강기)에스컬레이터-학동 내부 3호기,B1-B2,6~8번 출입구 방면 통로,사용가능,ES,2026-08-07 15:39
2733,학동,승강기)에스컬레이터-학동 내부 4호기,B2-B1,6~8번 출입구 방면 통로,사용가능,ES,2026-08-07 15:39
2733,학동,승강기)에스컬레이터-학동 내부 9호기,B2-B1,"1,2,9,10번 출입구 방면 통로",사용가능,ES,2026-08-07 15:39
2733,학동,승강기)엘리베이터-학동 내부1,B2-B3,강남구청 방면4-4,사용가능,EV,2026-08-07 15:39
2733,학동,승강기)엘리베이터-학동 내부2,B2-B3,논현 방면5-1,사용가능,EV,2026-08-07 15:39
2733,학동,승강기)엘리베이터-학동 외부3,B2-1F,3번 출입구,사용가능,EV,2026-08-07 15:39
2734,논현,승강기)에스컬레이터-논현 내부 10호기,B1-BM1,"대합실(7,8번 출입구)",사용가능,ES,2026-08-07 15:39
2734,논현,승강기)에스컬레이터-논현 내부 11호기,BM1-B1,"대합실(7,8번 출입구)",사용가능,ES,2026-08-07 15:39
2734,논현,승강기)에스컬레이터-논현 내부 1호기,B1-B2,대합실(1~10번 출입구 방면),사용가능,ES,2026-08-07 15:39
2734,논현,승강기)에스컬레이터-논현 내부 2호기,B2-B1,대합실(1~10번 출입구 방면),사용가능,ES,2026-08-07 15:39
2734,논현,승강기)에스컬레이터-논현 내부 3호기,B1-B2,대합실(1~10번 출입구 방면),사용가능,ES,2026-08-07 15:39
2734,논현,승강기)에스컬레이터-논현 내부 4호기,B2-B1,대합실(1~10번 출입구 방면),사용가능,ES,2026-08-07 15:39
2734,논현,승강기)에스컬레이터-논현 내부 5호기,BM1-B1,"대합실(1,2번 출입구)",사용가능,ES,2026-08-07 15:39
2734,논현,승강기)에스컬레이터-논현 내부 6호기,B1-BM1,"대합실(1,2번 출입구)",사용가능,ES,2026-08-07 15:39
2734,논현,승강기)에스컬레이터-논현 내부 7호기,B1-BM1,"대합실(9,10번 출입구)",사용가능,ES,2026-08-07 15:39
2734,논현,승강기)에스컬레이터-논현 내부 8호기,BM1-B1,"대합실(9,10번 출입구)",사용가능,ES,2026-08-07 15:39
2734,논현,승강기)에스컬레이터-논현 내부 9호기,B1-BM1,"대합실(5,6번 출입구)",사용가능,ES,2026-08-07 15:39
2734,논현,승강기)에스컬레이터-논현 외부 2번 출입구 12호기,1F-BM1,2번 출입구,사용가능,ES,2026-08-07 15:39
2734,논현,승강기)에스컬레이터-논현 외부 2번 출입구 13호기,BM1-1F,2번 출입구,사용가능,ES,2026-08-07 15:39
2734,논현,승강기)에스컬레이터-논현 외부 3번 출입구 16호기,1F-BM1,5번 출입구,사용가능,ES,2026-08-07 15:39
2734,논현,승강기)에스컬레이터-논현 외부 3번 출입구 17호기,BM1-1F,5번 출입구,사용가능,ES,2026-08-07 15:39
2734,논현,승강기)에스컬레이터-논현 외부 6번 출입구 18호기,BM1-1F,8번 출입구,사용가능,ES,2026-08-07 15:39
2734,논현,승강기)에스컬레이터-논현 외부 6번 출입구 19호기,1F-BM1,8번 출입구,사용가능,ES,2026-08-07 15:39
2734,논현,승강기)에스컬레이터-논현 외부 7번 출입구 14호기,BM1-1F,9번 출입구,사용가능,ES,2026-08-07 15:39
2734,논현,승강기)에스컬레이터-논현 외부 7번 출입구 15호기,1F-BM1,9번 출입구,사용가능,ES,2026-08-07 15:39
2734,논현,승강기)엘리베이터-논현 내부1,B2-B3,학동 방면7-4,사용가능,EV,2026-08-07 15:39
2734,논현,승강기)엘리베이터-논현 내부2,B2-B3,반포 방면2-1,사용가능,EV,2026-08-07 15:39
2734,논현,승강기)엘리베이터-논현 외부3,B2-1F,10번 출입구,사용가능,EV,2026-08-07 15:39
2735,반포,승강기)에스컬레이터-반포 1번 출입구 외부 1호기,B1-1F,1번 출입구,사용가능,ES,2026-08-07 15:39
2735,반포,승강기)에스컬레이터-반포 1번 출입구 외부 2호기,1F-B1,1번 출입구,사용가능,ES,2026-08-07 15:39
2735,반포,승강기)에스컬레이터-반포 6번 출입구 외부 3호기,B1-1F,6번 출입구,사용가능,ES,2026-08-07 15:39
2735,반포,승강기)에스컬레이터-반포 6번 출입구 외부 4호기,1F-B1,6번 출입구,사용가능,ES,2026-08-07 15:39
2735,반포,승강기)에스컬레이터-반포 내부 5호기,B2-B1,대합실(1~6번 출입구 방면),사용가능,ES,2026-08-07 15:39
2735,반포,승강기)에스컬레이터-반포 내부 6호기,B1-B2,대합실(1~6번 출입구 방면),사용가능,ES,2026-08-07 15:39
2735,반포,승강기)엘리베이터-반포 내부1,B2-B3,논현 방면5-1,사용가능,EV,2026-08-07 15:39
2735,반포,승강기)엘리베이터-반포 내부2,B2-B3,고속터미널(7) 방면4-4,사용가능,EV,2026-08-07 15:39
2735,반포,승강기)엘리베이터-반포 외부3,B2-1F,6번 출입구,사용가능,EV,2026-08-07 15:39
2735,반포,승강기)엘리베이터-반포 외부4,B2-1F,1번 출입구,사용가능,EV,2026-08-07 15:39
2735,반포,승강기)휠체어리프트-반포 내부 1,B1-B2,대합실(1~6번 출입구 방면),사용가능,WL,2026-08-07 15:39
2736,고속터미널(7),승강기)에스컬레이터-고속터미널(7) 내부 10호기,B3-B2,"환승통로(3,9호선 방면)",사용가능,ES,2026-08-07 15:39
2736,고속터미널(7),승강기)에스컬레이터-고속터미널(7) 내부 11호기,B2-B3,"환승통로(3,9호선 방면)",사용가능,ES,2026-08-07 15:39
2736,고속터미널(7),승강기)에스컬레이터-고속터미널(7) 내부 12호기,B2-B1,대합실(3번 출입구),사용가능,ES,2026-08-07 15:39
2736,고속터미널(7),승강기)에스컬레이터-고속터미널(7) 내부 13호기,B1-B2,대합실(3번 출입구),사용가능,ES,2026-08-07 15:39
2736,고속터미널(7),승강기)에스컬레이터-고속터미널(7) 내부 14호기,B1-B2,대합실(4~6번 출입구 방면),사용가능,ES,2026-08-07 15:39
2736,고속터미널(7),승강기)에스컬레이터-고속터미널(7) 내부 15호기,B2-B1,대합실(4~6번 출입구 방면),사용가능,ES,2026-08-07 15:39
2736,고속터미널(7),승강기)에스컬레이터-고속터미널(7) 내부 16호기,BM1-B1,3번 출입구 방면 통로,사용가능,ES,2026-08-07 15:39
2736,고속터미널(7),승강기)에스컬레이터-고속터미널(7) 내부 17호기,B1-BM1,3번 출입구 방면 통로,사용가능,ES,2026-08-07 15:39
2736,고속터미널(7),승강기)에스컬레이터-고속터미널(7) 내부 18호기,BM1-BM2,3번 출입구,사용가능,ES,2026-08-07 15:39
2736,고속터미널(7),승강기)에스컬레이터-고속터미널(7) 내부 19호기,BM2-BM1,3번 출입구,사용가능,ES,2026-08-07 15:39
2736,고속터미널(7),승강기)에스컬레이터-고속터미널(7) 내부 1호기,B3-B2,반포 방면2-4,사용가능,ES,2026-08-07 15:39
2736,고속터미널(7),승강기)에스컬레이터-고속터미널(7) 내부 20호기,BM1-B1,"4,5,6번 출입구 방면 통로",사용가능,ES,2026-08-07 15:39
2736,고속터미널(7),승강기)에스컬레이터-고속터미널(7) 내부 21호기,B1-BM1,"4,5,6번 출입구 방면 통로",사용가능,ES,2026-08-07 15:39
2736,고속터미널(7),승강기)에스컬레이터-고속터미널(7) 내부 2호기,B2-B3,반포 방면2-4,사용가능,ES,2026-08-07 15:39
2736,고속터미널(7),승강기)에스컬레이터-고속터미널(7) 내부 3호기,B3-B2,내방 방면7-1,사용가능,ES,2026-08-07 15:39
2736,고속터미널(7),승강기)에스컬레이터-고속터미널(7) 내부 4호기,B2-B3,내방 방면7-1,사용가능,ES,2026-08-07 15:39
2736,고속터미널(7),승강기)에스컬레이터-고속터미널(7) 내부 5호기,B3-B2,반포 방면4-4,사용가능,ES,2026-08-07 15:39
2736,고속터미널(7),승강기)에스컬레이터-고속터미널(7) 내부 6호기,B3-B2,내방 방면5-1,사용가능,ES,2026-08-07 15:39
2736,고속터미널(7),승강기)에스컬레이터-고속터미널(7) 내부 7호기,B3-B2,반포 방면7-1,사용가능,ES,2026-08-07 15:39
2736,고속터미널(7),승강기)에스컬레이터-고속터미널(7) 내부 8호기,B3-B2,내방 방면2-4,사용가능,ES,2026-08-07 15:39
2736,고속터미널(7),승강기)에스컬레이터-고속터미널(7) 내부 9호기,B3-B2,"환승통로(3,9호선 방면)",사용가능,ES,2026-08-07 15:39
2736,고속터미널(7),승강기)엘리베이터-고속터미널(7) 내부1,B3-B2,반포 방면3-3,사용가능,EV,2026-08-07 15:39
2736,고속터미널(7),승강기)엘리베이터-고속터미널(7) 내부2,B3-B2,내방 방면6-2,사용가능,EV,2026-08-07 15:39
2736,고속터미널(7),승강기)엘리베이터_고속터미널(7)역 4번출구 E/L 3호기 15인승(P2,B2-1F,4번 출입구,사용가능,EV,2026-08-07 15:39
2736,고속터미널(7),승강기)휠체어리프트-고속터미널(7) 내부 1,B1-B3,"환승통로(3,9호선 방면)",사용가능,WL,2026-08-07 15:39
2736,고속터미널(7),승강기)휠체어리프트-고속터미널(7) 내부 2,B2-B3,대합실(3번 출입구 방면),사용가능,WL,2026-08-07 15:39
2736,고속터미널(7),승강기)휠체어리프트-고속터미널(7) 내부 3,M1-B1,3번 출입구,사용가능,WL,2026-08-07 15:39
2736,고속터미널(7),승강기)휠체어리프트-고속터미널(7) 내부 4,M1-B1,"4,5,6번 출입구 방면 통로",사용가능,WL,2026-08-07 15:39
2737,내방,승강기)에스컬레이터-내방 2번 출입구 외부 1호기,B1-1F,2번 출입구,사용가능,ES,2026-08-07 15:39
2737,내방,승강기)에스컬레이터-내방 2번 출입구 외부 2호기,1F-B1,2번 출입구,사용가능,ES,2026-08-07 15:39
2737,내방,승강기)에스컬레이터-내방 4번 출입구 외부 3호기,B1-1F,4번 출입구,사용가능,ES,2026-08-07 15:39
2737,내방,승강기)에스컬레이터-내방 4번 출입구 외부 4호기,1F-B1,4번 출입구,사용가능,ES,2026-08-07 15:39
2737,내방,승강기)에스컬레이터-내방 6번 출입구 외부 5호기,BM1-1F,6번 출입구,사용가능,ES,2026-08-07 15:39
2737,내방,승강기)에스컬레이터-내방 6번 출입구 외부 6호기,1F-BM1,6번 출입구,사용가능,ES,2026-08-07 15:39
2737,내방,승강기)에스컬레이터-내방 7번 출입구 외부 7호기,BM1-1F,7번 출입구,사용가능,ES,2026-08-07 15:39
2737,내방,승강기)에스컬레이터-내방 7번 출입구 외부 8호기,1F-BM1,7번 출입구,사용가능,ES,2026-08-07 15:39
2737,내방,승강기)에스컬레이터-내방 내부 10호기,B1-B2,대합실(1~8번 출입구 방면),사용가능,ES,2026-08-07 15:39
2737,내방,승강기)에스컬레이터-내방 내부 9호기,B2-B1,대합실(1~8번 출입구 방면),사용가능,ES,2026-08-07 15:39
2737,내방,승강기)엘리베이터-내방 내부1,B2-B3,고속터미널(7) 방면 5-2,사용가능,EV,2026-08-07 15:39
2737,내방,승강기)엘리베이터-내방 내부2,B2-B3,이수(7) 방면 4-2,사용가능,EV,2026-08-07 15:39
2737,내방,승강기)엘리베이터-내방 내부3,B1-B2,고객안전실 측,사용가능,EV,2026-08-07 15:39
2737,내방,승강기)엘리베이터-내방 외부4,B1-1F,3번 출입구,사용가능,EV,2026-08-07 15:39
2737,내방,승강기)엘리베이터-내방 외부5,B1-1F,5번 출입구,사용가능,EV,2026-08-07 15:39
2738,이수(7),승강기)무빙워크-이수(7) 1,B4-B4,환승통로(4호선 방면),사용가능,MW,2026-08-07 15:39
2738,이수(7),승강기)무빙워크-이수(7) 2,B4-B4,환승통로(4호선 방면),사용가능,MW,2026-08-07 15:39
2738,이수(7),승강기)에스컬레이터-이수(7) 10번 출입구 22호기,1F-B1,10번 출입구,사용가능,ES,2026-08-07 15:39
2738,이수(7),승강기)에스컬레이터-이수(7) 10번 출입구 23호기,B1-1F,10번 출입구,사용가능,ES,2026-08-07 15:39
2738,이수(7),승강기)에스컬레이터-이수(7) 12번 출입구 20호기,1F-B1,12번 출입구,사용가능,ES,2026-08-07 15:39
2738,이수(7),승강기)에스컬레이터-이수(7) 12번 출입구 21호기,B1-1F,12번 출입구,사용가능,ES,2026-08-07 15:39
2738,이수(7),승강기)에스컬레이터-이수(7) 3번 출입구 18호기,1F-B1,3번 출입구,사용가능,ES,2026-08-07 15:39
2738,이수(7),승강기)에스컬레이터-이수(7) 3번 출입구 19호기,B1-1F,3번 출입구,사용가능,ES,2026-08-07 15:39
2738,이수(7),승강기)에스컬레이터-이수(7) 6번 출입구 14호기,1F-B1,6번 출입구,사용가능,ES,2026-08-07 15:39
2738,이수(7),승강기)에스컬레이터-이수(7) 6번 출입구 15호기,B1-1F,6번 출입구,사용가능,ES,2026-08-07 15:39
2738,이수(7),승강기)에스컬레이터-이수(7) 7번 출입구 16호기,1F-B1,7번 출입구,사용가능,ES,2026-08-07 15:39
2738,이수(7),승강기)에스컬레이터-이수(7) 7번 출입구 17호기,B1-1F,7번 출입구,사용가능,ES,2026-08-07 15:39
2738,이수(7),승강기)에스컬레이터-이수(7) 내부 10호기,B1-B3,"대합실(9,10번 출입구방면)",사용가능,ES,2026-08-07 15:39
2738,이수(7),승강기)에스컬레이터-이수(7) 내부 11호기,B3-B1,"대합실(3~8,11,12번출입구방면)",사용가능,ES,2026-08-07 15:39
2738,이수(7),승강기)에스컬레이터-이수(7) 내부 12호기,B1-B3,"대합실(3~8,11,12번출입구방면)",사용가능,ES,2026-08-07 15:39
2738,이수(7),승강기)에스컬레이터-이수(7) 내부 13호기,B3-B1,"대합실(9,10번 출입구방면)",사용가능,ES,2026-08-07 15:39
2738,이수(7),승강기)에스컬레이터-이수(7) 내부 1호기,B4-B3,내방 방면3-4,사용가능,ES,2026-08-07 15:39
2738,이수(7),승강기)에스컬레이터-이수(7) 내부 2호기,B4-B3,남성 방면6-1,사용가능,ES,2026-08-07 15:39
2738,이수(7),승강기)에스컬레이터-이수(7) 내부 3호기,B3-B4,대합실(환승구간 방면),사용가능,ES,2026-08-07 15:39
2738,이수(7),승강기)에스컬레이터-이수(7) 내부 4호기,B4-B3,대합실(환승구간 방면),사용가능,ES,2026-08-07 15:39
2738,이수(7),승강기)에스컬레이터-이수(7) 내부 5호기,B3-B2,환승통로 (4호선 동작 방면),사용가능,ES,2026-08-07 15:39
2738,이수(7),승강기)에스컬레이터-이수(7) 내부 6호기,B2-B3,환승통로 (4호선 동작 방면),사용가능,ES,2026-08-07 15:39
2738,이수(7),승강기)에스컬레이터-이수(7) 내부 7호기,B3-B2,환승통로(4호선 사당 방면),사용가능,ES,2026-08-07 15:39
2738,이수(7),승강기)에스컬레이터-이수(7) 내부 8호기,B2-B3,환승통로(4호선 사당 방면),사용가능,ES,2026-08-07 15:39
2738,이수(7),승강기)에스컬레이터-이수(7) 내부 9호기,"B3-B1, B1-B3","대합실(3~8,11,12번 출입구방면)",사용가능,ES,2026-08-07 15:39
2738,이수(7),승강기)엘리베이터-이수(7) 내부1,B3-B4,내방 방면4-2,사용가능,EV,2026-08-07 15:39
2738,이수(7),승강기)엘리베이터-이수(7) 내부2,B3-B4,남성 방면5-3,사용가능,EV,2026-08-07 15:39
2738,이수(7),승강기)엘리베이터-이수(7) 외부3,B3-1F,11번 출입구,사용가능,EV,2026-08-07 15:39
2738,이수(7),승강기)휠체어리프트-이수(7) 내부 1,B2-B3,환승통로 (4호선 동작 방면),사용가능,WL,2026-08-07 15:39
2738,이수(7),승강기)휠체어리프트-이수(7) 내부 2,B2-B3,환승통로(4호선 사당 방면),사용가능,WL,2026-08-07 15:39
2739,남성,승강기)에스컬레이터-남성 1번 출입구 외부 2호기,B1-1F,1번 출입구,사용가능,ES,2026-08-07 15:39
2739,남성,승강기)에스컬레이터-남성 1번 출입구 외부 3호기,1F-B1,1번 출입구,사용가능,ES,2026-08-07 15:39
2739,남성,승강기)에스컬레이터-남성 2번 출입구 내부 11호기,B1-BM1,2번 출입구 방면 통로,사용가능,ES,2026-08-07 15:39
2739,남성,승강기)에스컬레이터-남성 2번 출입구 내부 12호기,BM1-B1,2번 출입구 방면 통로,사용가능,ES,2026-08-07 15:39
2739,남성,승강기)에스컬레이터-남성 2번 출입구 외부 13호기,BM1-1F,2번 출입구,사용가능,ES,2026-08-07 15:39
2739,남성,승강기)에스컬레이터-남성 2번 출입구 외부 14호기,1F-BM1,2번 출입구,사용가능,ES,2026-08-07 15:39
2739,남성,승강기)에스컬레이터-남성 3번 출입구 외부 10호기,1F-BM2,3번 출입구,사용가능,ES,2026-08-07 15:39
2739,남성,승강기)에스컬레이터-남성 3번 출입구 외부 9호기,BM2-1F,3번 출입구,사용가능,ES,2026-08-07 15:39
2739,남성,승강기)에스컬레이터-남성 4번 출입구 외부 4호기,B1-1F,4번 출입구,사용가능,ES,2026-08-07 15:39
2739,남성,승강기)에스컬레이터-남성 4번 출입구 외부 5호기,1F-B1,4번 출입구,사용가능,ES,2026-08-07 15:39
2739,남성,승강기)에스컬레이터-남성 내부 1호기,B2-B1,대합실(1~4번 출입구 방면),사용가능,ES,2026-08-07 15:39
2739,남성,승강기)에스컬레이터-남성 내부 6호기,B1-B2,대합실(1~4번 출입구 방면),사용가능,ES,2026-08-07 15:39
2739,남성,승강기)에스컬레이터-남성 내부 7호기,B1-BM2,3번 출입구 방면 통로,사용가능,ES,2026-08-07 15:39
2739,남성,승강기)에스컬레이터-남성 내부 8호기,BM2-B1,3번 출입구 방면 통로,사용가능,ES,2026-08-07 15:39
2739,남성,승강기)엘리베이터-남성 2번 출입구 외부4,B2-1F,2번 출입구,사용가능,EV,2026-08-07 15:39
2739,남성,승강기)엘리베이터-남성 내부1,B2-B3,이수(7) 방면6-2,사용가능,EV,2026-08-07 15:39
2739,남성,승강기)엘리베이터-남성 내부2,B2-B3,숭실대입구 방면3-3,사용가능,EV,2026-08-07 15:39
2739,남성,승강기)엘리베이터-남성 외부3,B2-B1-1F,3번 출입구,사용가능,EV,2026-08-07 15:39
2740,숭실대입구,승강기)에스컬레이터-숭실대입구 1번 출입구 외부 7호기,B1-1F,1번 출입구,사용가능,ES,2026-08-07 15:39
2740,숭실대입구,승강기)에스컬레이터-숭실대입구 1번 출입구 외부 8호기,1F-B1,1번 출입구,사용가능,ES,2026-08-07 15:39
2740,숭실대입구,승강기)에스컬레이터-숭실대입구 3번 출입구 외부 11호기,B1-1F,3번 출입구,사용가능,ES,2026-08-07 15:39
2740,숭실대입구,승강기)에스컬레이터-숭실대입구 3번 출입구 외부 12호기,1F-B1,3번 출입구,사용가능,ES,2026-08-07 15:39
2740,숭실대입구,승강기)에스컬레이터-숭실대입구 4번 출입구 외부 10호기,1F-B1,4번 출입구,사용가능,ES,2026-08-07 15:39
2740,숭실대입구,승강기)에스컬레이터-숭실대입구 4번 출입구 외부 9호기,B1-1F,4번 출입구,사용가능,ES,2026-08-07 15:39
2740,숭실대입구,승강기)에스컬레이터-숭실대입구 내부 1호기,B5-B2,eogkqtlf,사용가능,ES,2026-08-07 15:39
2740,숭실대입구,승강기)에스컬레이터-숭실대입구 내부 2호기,B5-B2,대합실,사용가능,ES,2026-08-07 15:39
2740,숭실대입구,승강기)에스컬레이터-숭실대입구 내부 3호기,B2-B5,대합실,사용가능,ES,2026-08-07 15:39
2740,숭실대입구,승강기)에스컬레이터-숭실대입구 내부 4호기,B2-B1,대합실(1~4번 출입구방면),사용가능,ES,2026-08-07 15:39
2740,숭실대입구,승강기)에스컬레이터-숭실대입구 내부 5호기,B2-B1,대합실(1~4번 출입구방면),사용가능,ES,2026-08-07 15:39
2740,숭실대입구,승강기)에스컬레이터-숭실대입구 내부 6호기,B1-B2,대합실(1~4번 출입구방면),사용가능,ES,2026-08-07 15:39
2740,숭실대입구,승강기)엘리베이터-숭실대입구 내부1,B2-B6,남성 방면6-1,사용가능,EV,2026-08-07 15:39
2740,숭실대입구,승강기)엘리베이터-숭실대입구 내부2,B2-B6,상도 방면3-3,사용가능,EV,2026-08-07 15:39
2740,숭실대입구,승강기)엘리베이터-숭실대입구 외부3,B2-1F,2번 출입구,사용가능,EV,2026-08-07 15:39
2740,숭실대입구,승강기)엘리베이터-숭실대입구 외부4,B2-1F,3번 출입구,사용가능,EV,2026-08-07 15:39
2741,상도,승강기)에스컬레이터-상도 2번 출입구 6호기,1F-BM1,2번 출입구,사용가능,ES,2026-08-07 15:39
2741,상도,승강기)에스컬레이터-상도 2번 출입구 7호기,BM1-1F,2번 출입구,사용가능,ES,2026-08-07 15:39
2741,상도,승강기)에스컬레이터-상도 4번 출입구 10호기,BM1-1F,4번 출입구,사용가능,ES,2026-08-07 15:39
2741,상도,승강기)에스컬레이터-상도 4번 출입구 11호기,1F-BM1,4번 출입구,사용가능,ES,2026-08-07 15:39
2741,상도,승강기)에스컬레이터-상도 5번 출입구 8호기,BM1-1F,5번 출입구,사용가능,ES,2026-08-07 15:39
2741,상도,승강기)에스컬레이터-상도 5번 출입구 9호기,1F-BM1,5번 출입구,사용가능,ES,2026-08-07 15:39
2741,상도,승강기)에스컬레이터-상도 내부 1호기,B2-B1,대합실(1~5번 출입구 방면),사용가능,ES,2026-08-07 15:39
2741,상도,승강기)에스컬레이터-상도 내부 2호기,BM1-B1,"1,2번 출입구 방면 통로",사용가능,ES,2026-08-07 15:39
2741,상도,승강기)에스컬레이터-상도 내부 3호기,B1-BM1,"1,2번 출입구 방면 통로",사용가능,ES,2026-08-07 15:39
2741,상도,승강기)에스컬레이터-상도 내부 4호기,B1-BM1,3~5번 출입구 방면 통로,사용가능,ES,2026-08-07 15:39
2741,상도,승강기)에스컬레이터-상도 내부 5호기,BM1-B1,3~5번 출입구 방면 통로,사용가능,ES,2026-08-07 15:39
2741,상도,승강기)엘리베이터-상도 내부1,B2-B3,숭실대입구 방면4-4,사용가능,EV,2026-08-07 15:39
2741,상도,승강기)엘리베이터-상도 내부2,B2-B3,장승배기 방면4-4,사용가능,EV,2026-08-07 15:39
2741,상도,승강기)엘리베이터-상도 외부3,B2-1F,5번 출입구,사용가능,EV,2026-08-07 15:39
2742,장승배기,승강기)에스컬레이터-장승배기 1번 출입구 외부 5호기,B1-1F,1번 출입구,사용가능,ES,2026-08-07 15:39
2742,장승배기,승강기)에스컬레이터-장승배기 1번 출입구 외부 6호기,1F-B1,1번 출입구,사용가능,ES,2026-08-07 15:39
2742,장승배기,승강기)에스컬레이터-장승배기 2번 출입구 외부 8호기,BM1-1F,2번 출입구,사용가능,ES,2026-08-07 15:39
2742,장승배기,승강기)에스컬레이터-장승배기 6번 출입구 외부 10호기,1F-BM1,6번 출입구,사용가능,ES,2026-08-07 15:39
2742,장승배기,승강기)에스컬레이터-장승배기 6번 출입구 외부 9호기,BM1-1F,6번 출입구,사용가능,ES,2026-08-07 15:39
2742,장승배기,승강기)에스컬레이터-장승배기 내부 11호기,B3-B2,상도 방면3-3,사용가능,ES,2026-08-07 15:39
2742,장승배기,승강기)에스컬레이터-장승배기 내부 12호기,B3-B2,상도 방면3-3,사용가능,ES,2026-08-07 15:39
2742,장승배기,승강기)에스컬레이터-장승배기 내부 13호기,B3-B2,신대방삼거리 방면4-4,사용가능,ES,2026-08-07 15:39
2742,장승배기,승강기)에스컬레이터-장승배기 내부 14호기,B2-B3,신대방삼거리 방면4-4,사용가능,ES,2026-08-07 15:39
2742,장승배기,승강기)에스컬레이터-장승배기 내부 1호기,B2-B1,"대합실(5,6번 출입구 방면)",사용가능,ES,2026-08-07 15:39
2742,장승배기,승강기)에스컬레이터-장승배기 내부 2호기,B2-B1,"대합실(3,4번 출입구 방면)",사용가능,ES,2026-08-07 15:39
2742,장승배기,승강기)에스컬레이터-장승배기 내부 3호기,B1-BM1,5번 출입구 방면 통로,사용가능,ES,2026-08-07 15:39
2742,장승배기,승강기)에스컬레이터-장승배기 내부 4호기,BM1-B1,5번 출입구 방면 통로,사용가능,ES,2026-08-07 15:39
2742,장승배기,승강기)에스컬레이터-장승배기 내부 7호기,B1-BM1,2번 출입구,사용가능,ES,2026-08-07 15:39
2742,장승배기,승강기)엘리베이터-장승배기 내부1,B2-B3,상도 방면4-4,사용가능,EV,2026-08-07 15:39
2742,장승배기,승강기)엘리베이터-장승배기 내부2,B2-B3,신대방삼거리 방면4-4,사용가능,EV,2026-08-07 15:39
2742,장승배기,승강기)엘리베이터-장승배기 외부3,B2-1F,2번 출입구,사용가능,EV,2026-08-07 15:39
2743,신대방삼거리,승강기)에스컬레이터-신대방삼거리 1번 출입구 5호기,BM1-1F,1번 출입구,사용가능,ES,2026-08-07 15:39
2743,신대방삼거리,승강기)에스컬레이터-신대방삼거리 1번 출입구 6호기,1F-BM1,1번 출입구,사용가능,ES,2026-08-07 15:39
2743,신대방삼거리,승강기)에스컬레이터-신대방삼거리 3번 출입구 7호기,1F-BM1,3번 출입구,사용가능,ES,2026-08-07 15:39
2743,신대방삼거리,승강기)에스컬레이터-신대방삼거리 3번 출입구 8호기,BM1-1F,3번 출입구,사용가능,ES,2026-08-07 15:39
2743,신대방삼거리,승강기)에스컬레이터-신대방삼거리 내부 10호기,B3-B2,장승배기 방면3-4,사용가능,ES,2026-08-07 15:39
2743,신대방삼거리,승강기)에스컬레이터-신대방삼거리 내부 11호기,B3-B2,보라매 방면3-4,사용가능,ES,2026-08-07 15:39
2743,신대방삼거리,승강기)에스컬레이터-신대방삼거리 내부 12호기,B2-B3,보라매 방면3-4,사용가능,ES,2026-08-07 15:39
2743,신대방삼거리,승강기)에스컬레이터-신대방삼거리 내부 1호기,B2-B1,"대합실(1,2,5,6번 출입구 방면)",사용가능,ES,2026-08-07 15:39
2743,신대방삼거리,승강기)에스컬레이터-신대방삼거리 내부 2호기,B2-B1,"대합실(3,4번 출입구 방면)",사용가능,ES,2026-08-07 15:39
2743,신대방삼거리,승강기)에스컬레이터-신대방삼거리 내부 3호기,B1-BM1,1번 출입구,사용가능,ES,2026-08-07 15:39
2743,신대방삼거리,승강기)에스컬레이터-신대방삼거리 내부 4호기,BM1-B1,1번 출입구,사용가능,ES,2026-08-07 15:39
2743,신대방삼거리,승강기)에스컬레이터-신대방삼거리 내부 9호기,B2-B3,장승배기 방면3-4,사용가능,ES,2026-08-07 15:39
2743,신대방삼거리,승강기)엘리베이터-신대방삼거리 내부1,B2-B3,장승배기 방면4-4,사용가능,EV,2026-08-07 15:39
2743,신대방삼거리,승강기)엘리베이터-신대방삼거리 내부2,B2-B3,보라매 방면4-4,사용가능,EV,2026-08-07 15:39
2743,신대방삼거리,승강기)엘리베이터-신대방삼거리 내부3,B1-B2,고객안전실 측,사용가능,EV,2026-08-07 15:39
2743,신대방삼거리,승강기)엘리베이터-신대방삼거리 외부4,B1-1F,3번 출입구,사용가능,EV,2026-08-07 15:39
2744,보라매,승강기)에스컬레이터-보라매 8번 출입구 2호기,B1-1F,8번 출입구,사용가능,ES,2026-08-07 15:39
2744,보라매,승강기)에스컬레이터-보라매 8번 출입구 3호기,1F-B1,8번 출입구,사용가능,ES,2026-08-07 15:39
2744,보라매,승강기)에스컬레이터-보라매 내부 1호기,BM1-B1,"1,2번 출입구 방면 통로",사용가능,ES,2026-08-07 15:39
2744,보라매,승강기)에스컬레이터-보라매 내부 4호기,BM1-B1,6번 출입구,사용가능,ES,2026-08-07 15:39
2744,보라매,승강기)엘리베이터-보라매 내부1,B1-B2,"신풍 방면5-1, 신대방삼거리 방면4-4",사용가능,EV,2026-08-07 15:39
2744,보라매,승강기)엘리베이터-보라매 외부2,B1-1F,6번 출입구,사용가능,EV,2026-08-07 15:39
2745,신풍,승강기)에스컬레이터-신풍 1번 출입구 외부 1호기,B1-1F,1번 출입구,사용가능,ES,2026-08-07 15:39
2745,신풍,승강기)에스컬레이터-신풍 1번 출입구 외부 2호기,1F-B1,1번 출입구,사용가능,ES,2026-08-07 15:39
2745,신풍,승강기)에스컬레이터-신풍 3번 출입구 외부 3호기[P2410043],1F-B1,3번출구 측,사용가능,ES,2026-08-07 15:39
2745,신풍,승강기)에스컬레이터-신풍 3번 출입구 외부 4호기[P2410043],B1-1F,3번출구 측,사용가능,ES,2026-08-07 15:39
2745,신풍,승강기)엘리베이터-신풍 내부1,B1-B2,보라매 방면5-4,사용가능,EV,2026-08-07 15:39
2745,신풍,승강기)엘리베이터-신풍 내부2,B1-B2,대림(7) 방면4-1,사용가능,EV,2026-08-07 15:39
2745,신풍,승강기)엘리베이터-신풍 외부3,B1-1F,4번 출입구,사용가능,EV,2026-08-07 15:39
2745,신풍,승강기)엘리베이터-신풍 외부4,B1-1F,5번 출입구,사용가능,EV,2026-08-07 15:39
2746,대림(7),승강기)에스컬레이터-대림(7) 10번 출입구 외부 5호기,B1-1F,10번 출입구,사용가능,ES,2026-08-07 15:39
2746,대림(7),승강기)에스컬레이터-대림(7) 10번 출입구 외부 6호기,B1-1F,10번 출입구,사용가능,ES,2026-08-07 15:39
2746,대림(7),승강기)에스컬레이터-대림(7) 11번 출입구 외부 12호기,B2-1F,11번 출입구,사용가능,ES,2026-08-07 15:39
2746,대림(7),승강기)에스컬레이터-대림(7) 11번 출입구 외부 13호기,1F-B2,11번 출입구,사용가능,ES,2026-08-07 15:39
2746,대림(7),승강기)에스컬레이터-대림(7) 내부 10호기,B1-1F,환승통로(2호선 방면),사용가능,ES,2026-08-07 15:39
2746,대림(7),승강기)에스컬레이터-대림(7) 내부 11호기,B1-1F,환승통로(2호선 방면),사용가능,ES,2026-08-07 15:39
2746,대림(7),승강기)에스컬레이터-대림(7) 내부 1호기,B1-B2,신풍 방면8-4,사용가능,ES,2026-08-07 15:39
2746,대림(7),승강기)에스컬레이터-대림(7) 내부 2호기,B2-B1,신풍 방면8-4,사용가능,ES,2026-08-07 15:39
2746,대림(7),승강기)에스컬레이터-대림(7) 내부 3호기,B1-B2,남구로 방면1-1,사용가능,ES,2026-08-07 15:39
2746,대림(7),승강기)에스컬레이터-대림(7) 내부 4호기,B2-B1,남구로 방면1-1,사용가능,ES,2026-08-07 15:39
2746,대림(7),승강기)에스컬레이터-대림(7) 내부 7호기,1F-B1,환승통로(2호선 방면),사용가능,ES,2026-08-07 15:39
2746,대림(7),승강기)에스컬레이터-대림(7) 내부 8호기,1F-B1,환승통로(2호선 방면),사용가능,ES,2026-08-07 15:39
2746,대림(7),승강기)에스컬레이터-대림(7) 내부 9호기,1F-B1,환승통로(2호선 방면),사용가능,ES,2026-08-07 15:39
2746,대림(7),승강기)엘리베이터-대림(7) 내부1,B1-B2,신풍 방면5-1,사용가능,EV,2026-08-07 15:39
2746,대림(7),승강기)엘리베이터-대림(7) 내부2,B1-B2,남구로 방면4-4,사용가능,EV,2026-08-07 15:39
2746,대림(7),승강기)엘리베이터-대림(7) 외부3,B1-1F,10번 출입구,사용가능,EV,2026-08-07 15:39
2746,대림(7),승강기)휠체어리프트-대림(7) 내부 1,2F-B2,환승통로(2호선 방면),사용가능,WL,2026-08-07 15:39
2747,남구로,승강기)에스컬레이터-남구로 2번 출입구 10호기,BM1-1F,2번 출입구,사용가능,ES,2026-08-07 15:39
2747,남구로,승강기)에스컬레이터-남구로 2번 출입구 9호기,1F-BM1,2번 출입구,사용가능,ES,2026-08-07 15:39
2747,남구로,승강기)에스컬레이터-남구로 5번 출입구 11호기,BM1-1F,5번 출입구,사용가능,ES,2026-08-07 15:39
2747,남구로,승강기)에스컬레이터-남구로 5번 출입구 12호기,1F-BM1,5번 출입구,사용가능,ES,2026-08-07 15:39
2747,남구로,승강기)에스컬레이터-남구로 내부 1호기,B2-B4,"대합실(1,6번 출입구 방면)",사용가능,ES,2026-08-07 15:39
2747,남구로,승강기)에스컬레이터-남구로 내부 2호기,B4-B2,"대합실(1,6번 출입구 방면)",사용가능,ES,2026-08-07 15:39
2747,남구로,승강기)에스컬레이터-남구로 내부 3호기,B4-B2,대합실(2~5번 출입구 방면),사용가능,ES,2026-08-07 15:39
2747,남구로,승강기)에스컬레이터-남구로 내부 4호기,B2-B4,대합실(2~5번 출입구 방면),사용가능,ES,2026-08-07 15:39
2747,남구로,승강기)에스컬레이터-남구로 내부 5호기,B2-BM2,"1,6번 출입구 방면 통로",사용가능,ES,2026-08-07 15:39
2747,남구로,승강기)에스컬레이터-남구로 내부 6호기,BM2-B2,"1,6번 출입구 방면 통로",보수중,ES,2026-08-07 15:39
2747,남구로,승강기)에스컬레이터-남구로 내부 7호기,BM1-B2,2~5번 출입구 방면 통로,사용가능,ES,2026-08-07 15:39
2747,남구로,승강기)에스컬레이터-남구로 내부 8호기,B2-BM1,2~5번 출입구 방면 통로,사용가능,ES,2026-08-07 15:39
2747,남구로,승강기)엘리베이터-남구로 내부 1호기,B2-B5,가산디지털단지방면 8-2,사용가능,EV,2026-08-07 15:39
2747,남구로,승강기)엘리베이터-남구로 내부 2호기,B2-B5,대림방면 1-4,사용가능,EV,2026-08-07 15:39
2747,남구로,승강기)엘리베이터-남구로 외부 3호기,B1-1F,1번 출입구,사용가능,EV,2026-08-07 15:39
2747,남구로,승강기)휠체어리프트-남구로 내부 10,BM1-B1,대합실(2~5번 출입구 방면),사용가능,WL,2026-08-07 15:39
2747,남구로,승강기)휠체어리프트-남구로 내부 2,B5-B4,대림(7) 방면8-4,사용가능,WL,2026-08-07 15:39
2747,남구로,승강기)휠체어리프트-남구로 내부 4,B5-B4,가산디지털단지 방면1-1,사용가능,WL,2026-08-07 15:39
2747,남구로,승강기)휠체어리프트-남구로 내부 6,B4-B2,대합실(2~5번 출입구 방면),사용가능,WL,2026-08-07 15:39
2747,남구로,승강기)휠체어리프트-남구로 내부 9,B1-B2,대합실(2~5번 출입구 방면),사용가능,WL,2026-08-07 15:39
2747,남구로,승강기)휠체어리프트-남구로 외부 11,1F-B1,4번 출입구,사용가능,WL,2026-08-07 15:39
2748,가산디지털단지(7),승강기)에스컬레이터-가산디지털단지(7) 7번 출입구 7호기,1F-B1,7번 출입구,사용가능,ES,2026-08-07 15:39
2748,가산디지털단지(7),승강기)에스컬레이터-가산디지털단지(7) 7번 출입구 8호기,B1-1F,7번 출입구,사용가능,ES,2026-08-07 15:39
2748,가산디지털단지(7),승강기)에스컬레이터-가산디지털단지(7) 8번 출입구 17호기,B1-BM1,8번 출입구,사용가능,ES,2026-08-07 15:39
2748,가산디지털단지(7),승강기)에스컬레이터-가산디지털단지(7) 8번 출입구 18호기,BM1-1F,8번 출입구,사용가능,ES,2026-08-07 15:39
2748,가산디지털단지(7),승강기)에스컬레이터-가산디지털단지(7) 내부 10호기,1F-B1,환승통로(1호선 독산 방면),사용가능,ES,2026-08-07 15:39
2748,가산디지털단지(7),승강기)에스컬레이터-가산디지털단지(7) 내부 11호기,B1-1F,환승통로(1호선 구로 방면),사용가능,ES,2026-08-07 15:39
2748,가산디지털단지(7),승강기)에스컬레이터-가산디지털단지(7) 내부 12호기,1F-B1,환승통로(1호선 구로 방면),사용가능,ES,2026-08-07 15:39
2748,가산디지털단지(7),승강기)에스컬레이터-가산디지털단지(7) 내부 1호기,B3-B1,"대합실(4,5,6번 출입구 및 1호선 환승구간 방면)",사용가능,ES,2026-08-07 15:39
2748,가산디지털단지(7),승강기)에스컬레이터-가산디지털단지(7) 내부 2호기,B3-B1,"대합실(4,5,6번 출입구 및 1호선 환승구간 방면)",사용가능,ES,2026-08-07 15:39
2748,가산디지털단지(7),승강기)에스컬레이터-가산디지털단지(7) 내부 3호기,B1-B3,"대합실(4,5,6번 출입구 및 1호선 환승구간 방면)",사용가능,ES,2026-08-07 15:39
2748,가산디지털단지(7),승강기)에스컬레이터-가산디지털단지(7) 내부 4호기,B1-B3,"대합실(7,8,9번 출입구 방면)",사용가능,ES,2026-08-07 15:39
2748,가산디지털단지(7),승강기)에스컬레이터-가산디지털단지(7) 내부 5호기,B3-B1,"대합실(7,8,9번 출입구 방면)",사용가능,ES,2026-08-07 15:39
2748,가산디지털단지(7),승강기)에스컬레이터-가산디지털단지(7) 내부 6호기,B3-B1,"대합실(7,8,9번 출입구 방면)",사용가능,ES,2026-08-07 15:39
2748,가산디지털단지(7),승강기)에스컬레이터-가산디지털단지(7) 내부 9호기,B1-1F,환승통로(1호선 독산 방면),사용가능,ES,2026-08-07 15:39
2748,가산디지털단지(7),승강기)에스컬레이터-가산디지털단지역 6번출입구 E/S 1200형 19호기,B3-B1,6번 출입구,사용가능,ES,2026-08-07 15:39
2748,가산디지털단지(7),승강기)에스컬레이터-가산디지털단지역 6번출입구 E/S 1200형 20호기,B1-B3,6번 출입구,사용가능,ES,2026-08-07 15:39
2748,가산디지털단지(7),승강기)에스컬레이터-가산디지털단지역 9번출입구 E/S 1000형 21호기,1F-B1,9번 출입구,사용가능,ES,2026-08-07 15:39
2748,가산디지털단지(7),승강기)에스컬레이터-가산디지털단지역 9번출입구 E/S 1000형 22호기,B1-1F,9번 출입구,사용가능,ES,2026-08-07 15:39
2748,가산디지털단지(7),승강기)엘리베이터-가산디지털단지(7) 내부1,B2-B3-B4,남구로 방면5-4,사용가능,EV,2026-08-07 15:39
2748,가산디지털단지(7),승강기)엘리베이터-가산디지털단지(7) 내부2,B2-B3-B4,철산 방면4-1,사용가능,EV,2026-08-07 15:39
2748,가산디지털단지(7),승강기)엘리베이터-가산디지털단지(7) 내부3,B1-B2,대합실,사용가능,EV,2026-08-07 15:39
2748,가산디지털단지(7),승강기)엘리베이터-가산디지털단지(7) 외부4,B1-1F,9번 출입구,사용가능,EV,2026-08-07 15:39
2748,가산디지털단지(7),승강기)휠체어리프트-가산디지털단지(7) 내부 1,B1-BM1,4번 출입구,사용가능,WL,2026-08-07 15:39
2748,가산디지털단지(7),승강기)휠체어리프트-가산디지털단지(7) 내부 3,2F-B1,환승통로(1호선 독산 방면),사용가능,WL,2026-08-07 15:39
2748,가산디지털단지(7),승강기)휠체어리프트-가산디지털단지(7) 내부 4,2F-B1,환승통로(1호선 구로 방면),사용가능,WL,2026-08-07 15:39
2749,철산,승강기)에스컬레이터-철산 1번 출입구 외부 3호기,B1-1F,1번 출입구,사용가능,ES,2026-08-07 15:39
2749,철산,승강기)에스컬레이터-철산 1번 출입구 외부 4호기,1F-B1,1번 출입구,사용가능,ES,2026-08-07 15:39
2749,철산,승강기)에스컬레이터-철산 2번 출구 외부 1호기[P2410042],B1-1F,2번 출입구,사용가능,ES,2026-08-07 15:39
2749,철산,승강기)에스컬레이터-철산 2번 출구 외부 2호기[P2410042],1F-B1,2번 출입구,사용가능,ES,2026-08-07 15:39
2749,철산,승강기)에스컬레이터-철산 4번 출입구 외부 5호기,B1-1F,4번 출입구,사용가능,ES,2026-08-07 15:39
2749,철산,승강기)에스컬레이터-철산 4번 출입구 외부 6호기,1F-B1,4번 출입구,사용가능,ES,2026-08-07 15:39
2749,철산,승강기)엘리베이터-철산 내부1,B1-B2,가산디지털단지 방면5-1,사용가능,EV,2026-08-07 15:39
2749,철산,승강기)엘리베이터-철산 내부2,B1-B2,광명사거리 방면4-4,사용가능,EV,2026-08-07 15:39
2749,철산,승강기)엘리베이터-철산 외부3,B1-1F,1번 출입구,사용가능,EV,2026-08-07 15:39
2749,철산,승강기)엘리베이터-철산 외부4,B1-1F,4번 출입구,사용가능,EV,2026-08-07 15:39
2750,광명사거리,승강기)에스컬레이터-광명사거리역 9번출구 1호기,B1-1F,9번 출입구,사용가능,ES,2026-08-07 15:39
2750,광명사거리,승강기)에스컬레이터-광명사거리역 9번출구 2호기,1F-B1,9번 출입구,사용가능,ES,2026-08-07 15:39
2750,광명사거리,승강기)엘리베이터-광명사거리 내부 E/L 3호기,B3-B2,철산 방면1-1,사용가능,EV,2026-08-07 15:39
2750,광명사거리,승강기)엘리베이터-광명사거리 내부1,B2-B3,천왕 방면2-1,사용가능,EV,2026-08-07 15:39
2750,광명사거리,승강기)엘리베이터-광명사거리 외부2,B2-1F,2번 출입구,사용가능,EV,2026-08-07 15:39
2751,천왕,승강기)에스컬레이터-천왕 외부 1호기,B1-1F,3번 출입구,사용가능,ES,2026-08-07 15:39
2751,천왕,승강기)에스컬레이터-천왕 외부 2호기,1F-B1,3번 출입구,사용가능,ES,2026-08-07 15:39
2751,천왕,승강기)에스컬레이터-천왕 외부 3호기,B1-1F,1번 출입구,사용가능,ES,2026-08-07 15:39
2751,천왕,승강기)에스컬레이터-천왕 외부 4호기,1F-B1,1번 출입구,사용가능,ES,2026-08-07 15:39
2751,천왕,승강기)에스컬레이터-천왕 외부 5호기,B1-1F,2번 출입구,사용가능,ES,2026-08-07 15:39
2751,천왕,승강기)에스컬레이터-천왕 외부 6호기,1F-B1,2번 출입구,사용가능,ES,2026-08-07 15:39
2751,천왕,승강기)엘리베이터-천왕 내부1,B1-B2,광명사거리 방면5-1,사용가능,EV,2026-08-07 15:39
2751,천왕,승강기)엘리베이터-천왕 내부2,B1-B2,온수 방면4-4,사용가능,EV,2026-08-07 15:39
2751,천왕,승강기)엘리베이터-천왕 외부3,B1-1F,3번 출입구,사용가능,EV,2026-08-07 15:39
2751,천왕,승강기)엘리베이터-천왕 외부4,B1-1F,2번 출입구,사용가능,EV,2026-08-07 15:39
2752,온수(7),승강기)무빙워크-온수(7) 1,B4-B4,환승통로(1호선 방면),사용가능,MW,2026-08-07 15:39
2752,온수(7),승강기)무빙워크-온수(7) 2,B4-B4,환승통로(1호선 방면),사용가능,MW,2026-08-07 15:39
2752,온수(7),승강기)에스컬레이터-온수(7) 2번 출입구 10호기,1F-B1,2번 출입구,사용가능,ES,2026-08-07 15:39
2752,온수(7),승강기)에스컬레이터-온수(7) 2번 출입구 9호기,B1-1F,2번 출입구,사용가능,ES,2026-08-07 15:39
2752,온수(7),승강기)에스컬레이터-온수(7) 5번 출입구 11호기,1F-B1,5번 출입구,사용가능,ES,2026-08-07 15:39
2752,온수(7),승강기)에스컬레이터-온수(7) 5번 출입구 12호기,B1-1F,5번 출입구,사용가능,ES,2026-08-07 15:39
2752,온수(7),승강기)에스컬레이터-온수(7) 내부 13호기,1F-B1,환승통로(1호선 오류동 방면),사용가능,ES,2026-08-07 15:39
2752,온수(7),승강기)에스컬레이터-온수(7) 내부 14호기,B1-1F,환승통로(1호선 오류동 방면),사용가능,ES,2026-08-07 15:39
2752,온수(7),승강기)에스컬레이터-온수(7) 내부 15호기,1F-B1,환승통로(1호선 역곡 방면),사용가능,ES,2026-08-07 15:39
2752,온수(7),승강기)에스컬레이터-온수(7) 내부 16호기,B1-1F,환승통로(1호선 역곡 방면),사용가능,ES,2026-08-07 15:39
2752,온수(7),승강기)에스컬레이터-온수(7) 내부 1호기,B2-B1,천왕 방면1-1,사용가능,ES,2026-08-07 15:39
2752,온수(7),승강기)에스컬레이터-온수(7) 내부 2호기,B1-B2,천왕 방면8-4,사용가능,ES,2026-08-07 15:39
2752,온수(7),승강기)에스컬레이터-온수(7) 내부 3호기,B2-B1,까치울 방면8-4,사용가능,ES,2026-08-07 15:39
2752,온수(7),승강기)에스컬레이터-온수(7) 내부 4호기,B1-B2,까치울 방면1-1,사용가능,ES,2026-08-07 15:39
2752,온수(7),승강기)에스컬레이터-온수(7) 내부 5호기,BM1-B1,5번 출입구,사용가능,ES,2026-08-07 15:39
2752,온수(7),승강기)에스컬레이터-온수(7) 내부 6호기,B1-BM1,5번 출입구,사용가능,ES,2026-08-07 15:39
2752,온수(7),승강기)에스컬레이터-온수(7) 내부 7호기,B1-1F,환승통로(1호선 역곡 방면),사용가능,ES,2026-08-07 15:39
2752,온수(7),승강기)에스컬레이터-온수(7) 내부 8호기,1F-B1,환승통로(1호선 오류동 방면),사용가능,ES,2026-08-07 15:39
2752,온수(7),승강기)엘리베이터-온수(7) 내부1,B1-B2,천왕 방면4-4,사용가능,EV,2026-08-07 15:39
2752,온수(7),승강기)엘리베이터-온수(7) 내부2,B1-B2,까치울 방면5-1,사용가능,EV,2026-08-07 15:39
2752,온수(7),승강기)엘리베이터-온수(7) 외부3,B1-1F,2번 출입구,사용가능,EV,2026-08-07 15:39
2752,온수(7),승강기)휠체어리프트-온수(7) 외부 5,1F-B1,6번 출입구,사용가능,WL,2026-08-07 15:39
2810,암사역사공원,승강기)에스컬레이터-암사역사공원 1번출입구 5호기,B1-1F,1번 출입구,보수중,ES,2026-08-07 15:39
2810,암사역사공원,승강기)에스컬레이터-암사역사공원 1번출입구 6호기,1F-B1,1번 출입구,사용가능,ES,2026-08-07 15:39
2810,암사역사공원,승강기)에스컬레이터-암사역사공원 2번출입구 10호기,1F-BM1,2번 출입구,사용가능,ES,2026-08-07 15:39
2810,암사역사공원,승강기)에스컬레이터-암사역사공원 2번출입구 7호기,B1-BM1,2번 출입구(중간층),사용가능,ES,2026-08-07 15:39
2810,암사역사공원,승강기)에스컬레이터-암사역사공원 2번출입구 8호기,BM1-B1,2번 출입구(중간층),사용가능,ES,2026-08-07 15:39
2810,암사역사공원,승강기)에스컬레이터-암사역사공원 2번출입구 9호기,BM1-1F,2번 출입구,사용가능,ES,2026-08-07 15:39
2810,암사역사공원,승강기)에스컬레이터-암사역사공원 3번출입구 11호기,B1-1F,3번 출입구,사용가능,ES,2026-08-07 15:39
2810,암사역사공원,승강기)에스컬레이터-암사역사공원 3번출입구 12호기,1F-B1,3번 출입구,사용가능,ES,2026-08-07 15:39
2810,암사역사공원,승강기)에스컬레이터-암사역사공원 내부 1호기,B2-B1,장자호수공원 방면2-4,사용가능,ES,2026-08-07 15:39
2810,암사역사공원,승강기)에스컬레이터-암사역사공원 내부 2호기,B1-B2,장자호수공원 방면2-4,사용가능,ES,2026-08-07 15:39
2810,암사역사공원,승강기)에스컬레이터-암사역사공원 내부 3호기,B2-B1,암사 방면5-1,사용가능,ES,2026-08-07 15:39
2810,암사역사공원,승강기)에스컬레이터-암사역사공원 내부 4호기,B1-B2,암사 방면5-1,사용가능,ES,2026-08-07 15:39
2810,암사역사공원,승강기)엘리베이터-암사역사공원 1번출입구 3호기,B1-1F,1번 출입구,사용가능,EV,2026-08-07 15:39
2810,암사역사공원,승강기)엘리베이터-암사역사공원 3번출입구 4호기,B1-1F,3번 출입구,사용가능,EV,2026-08-07 15:39
2810,암사역사공원,승강기)엘리베이터-암사역사공원 내부 1호기,B1-B2,암사 방면3-4,사용가능,EV,2026-08-07 15:39
2810,암사역사공원,승강기)엘리베이터-암사역사공원 내부 2호기,B1-B2,장자호수공원 방면6-1,사용가능,EV,2026-08-07 15:39
2811,암사,승강기)에스컬레이터-암사 1번 출입구 외부 1호기[P2310024],B1-1F,1번 출입구,사용가능,ES,2026-08-07 15:39
2811,암사,승강기)에스컬레이터-암사 1번 출입구 외부 2호기[P2310024],1F-B1,1번 출입구,사용가능,ES,2026-08-07 15:39
2811,암사,승강기)에스컬레이터-암사 4번출구 외부 800형 3호기[P2510001],B1-1F,4번 출입구,사용가능,ES,2026-08-07 15:39
2811,암사,승강기)에스컬레이터-암사 4번출구 외부 800형 4호기[P2510001],1F-B1,4번 출입구,사용가능,ES,2026-08-07 15:39
2811,암사,승강기)엘리베이터-암사 내부 1호기,B2-B1,암사역사공원 방면3-4,사용가능,EV,2026-08-07 15:39
2811,암사,승강기)엘리베이터-암사 내부 2호기,B2-B1,천호 방면4-1,사용가능,EV,2026-08-07 15:39
2811,암사,승강기)엘리베이터-암사 외부 3호기,B1-1F,"3,4번 출입구 사이",사용가능,EV,2026-08-07 15:39
2812,천호(8),승강기)엘리베이터-천호(8) 내부 2호기,B2-B1,강동구청 방면5-4,사용가능,EV,2026-08-07 15:39
2812,천호(8),승강기)엘리베이터-천호(8) 외부 1호기,B2-B1,암사 방면2-2,사용가능,EV,2026-08-07 15:39
2813,강동구청,승강기)에스컬레이터-강동구청 내부 1호기,B2-B1,대합실(B2-B1),사용가능,ES,2026-08-07 15:39
2813,강동구청,승강기)에스컬레이터-강동구청 내부 2호기,B1-B2,대합실(B2-B1),사용가능,ES,2026-08-07 15:39
2813,강동구청,승강기)에스컬레이터-강동구청 내부 3호기,B1-BM1,1번 출입구,사용가능,ES,2026-08-07 15:39
2813,강동구청,승강기)에스컬레이터-강동구청 내부 4호기,B1-BM1,2번 출입구,사용가능,ES,2026-08-07 15:39
2813,강동구청,승강기)에스컬레이터-강동구청 내부 5호기,B1-BM1,4번 출입구,사용가능,ES,2026-08-07 15:39
2813,강동구청,승강기)엘리베이터-강동구청 내부 1호기,B3-B2,천호 방면4-2,사용가능,EV,2026-08-07 15:39
2813,강동구청,승강기)엘리베이터-강동구청 내부 2호기,B3-B2,"몽촌토성 방면 3-2,3-3 사이",사용가능,EV,2026-08-07 15:39
2813,강동구청,승강기)엘리베이터-강동구청 외부 3호기,B2-1F,4번 출입구,사용가능,EV,2026-08-07 15:39
2814,몽촌토성,승강기)에스컬레이터-몽촌토성 5번 출입구 7호기,BM1-1F,5번 출입구,사용가능,ES,2026-08-07 15:39
2814,몽촌토성,승강기)에스컬레이터-몽촌토성 5번 출입구 8호기,1F-BM1,5번 출입구,사용가능,ES,2026-08-07 15:39
2814,몽촌토성,승강기)에스컬레이터-몽촌토성 내부 1호기,B2-B1,"대합실(B2, E/L 앞)",사용가능,ES,2026-08-07 15:39
2814,몽촌토성,승강기)에스컬레이터-몽촌토성 내부 2호기,B1-B2,대합실(개찰구 측),사용가능,ES,2026-08-07 15:39
2814,몽촌토성,승강기)에스컬레이터-몽촌토성 내부 3호기,B1-BM1,1번 출입구,사용가능,ES,2026-08-07 15:39
2814,몽촌토성,승강기)에스컬레이터-몽촌토성 내부 4호기,BM1-B1,1번 출입구,사용가능,ES,2026-08-07 15:39
2814,몽촌토성,승강기)에스컬레이터-몽촌토성 내부 5호기,BM1-B1,"2,3번 출입구 사이",사용가능,ES,2026-08-07 15:39
2814,몽촌토성,승강기)에스컬레이터-몽촌토성 내부 6호기,B1-BM1,"2,3번 출입구 사이",사용가능,ES,2026-08-07 15:39
2814,몽촌토성,승강기)엘리베이터-몽촌토성 내부 1호기,B3-B2,강동구청 방면3-4,사용가능,EV,2026-08-07 15:39
2814,몽촌토성,승강기)엘리베이터-몽촌토성 내부 2호기,B3-B2,잠실 방면3-4,사용가능,EV,2026-08-07 15:39
2814,몽촌토성,승강기)엘리베이터-몽촌토성 내부 3호기,B2-B1,대합실,사용가능,EV,2026-08-07 15:39
2814,몽촌토성,승강기)엘리베이터-몽촌토성 외부 4호기,B1-1F,"대합실(B1, 4번 출입구 화장실 앞)",사용가능,EV,2026-08-07 15:39
2815,잠실(8),승강기)에스컬레이터-잠실(8) 건물측관리 14호기,1F-B1,건물측 관리(잠실광역환승센터 방면 통로),사용가능,ES,2026-08-07 15:39
2815,잠실(8),승강기)에스컬레이터-잠실(8) 내부 1호기,B1-BM1,9번 출입구,사용가능,ES,2026-08-07 15:39
2815,잠실(8),승강기)에스컬레이터-잠실(8) 내부 2호기,B2-B1,"대합실(9,10번 출입구 사이)",사용가능,ES,2026-08-07 15:39
2815,잠실(8),승강기)에스컬레이터-잠실(8) 내부 3호기,B1-B2,"대합실(9,10번 출입구 사이)",사용가능,ES,2026-08-07 15:39
2815,잠실(8),승강기)에스컬레이터-잠실(8) 내부 4호기,B2-B1,고객 안전실,사용가능,ES,2026-08-07 15:39
2815,잠실(8),승강기)에스컬레이터-잠실(8) 내부 5호기,B1-B2,고객 안전실,사용가능,ES,2026-08-07 15:39
2815,잠실(8),승강기)엘리베이터-잠실(8) 내부 1호기,B3-B2-B1,몽촌토성 방면2-3,사용가능,EV,2026-08-07 15:39
2815,잠실(8),승강기)엘리베이터-잠실(8) 내부 2호기,B3-B2-B1,석촌 방면5-2,사용가능,EV,2026-08-07 15:39
2815,잠실(8),승강기)엘리베이터-잠실(8) 외부 3호기,B1-1F,9번 출입구,사용가능,EV,2026-08-07 15:39
2816,석촌(8),승강기)엘리베이터-석촌 내부 1호기,B2-B1,암사 방면3-4,사용가능,EV,2026-08-07 15:39
2816,석촌(8),승강기)엘리베이터-석촌 내부 2호기,B2-B1,모란 방면 3-4,보수중,EV,2026-08-07 15:39
2816,석촌(8),승강기)엘리베이터-석촌 외부 3호기,B1-1F,1번 출입구,사용가능,EV,2026-08-07 15:39
2817,송파,승강기)에스컬레이터-송파 3번출구측 외부 1호기,B1-1F,3번 출입구,사용가능,ES,2026-08-07 15:39
2817,송파,승강기)에스컬레이터-송파 3번출구측 외부 2호기,1F-B1,3번 출입구,사용가능,ES,2026-08-07 15:39
2817,송파,승강기)에스컬레이터-송파 4번출구측 외부 3호기,B1-1F,4번 출입구,사용가능,ES,2026-08-07 15:39
2817,송파,승강기)에스컬레이터-송파 4번출구측 외부 4호기,1F-B1,4번 출입구,사용가능,ES,2026-08-07 15:39
2817,송파,승강기)엘리베이터-송파 내부 1호기,B2-B1,"가락시장 방면 3-4,4-1 사이",사용가능,EV,2026-08-07 15:39
2817,송파,승강기)엘리베이터-송파 내부 2호기,B2-B1,석촌 방면3-4,사용가능,EV,2026-08-07 15:39
2817,송파,승강기)엘리베이터-송파 연결통로 외부 4호기,B1-1F,4번 출입구,사용가능,EV,2026-08-07 15:39
2817,송파,승강기)엘리베이터-송파 외부 3호기,B1-1F,"1,2번 출입구 사이",보수중,EV,2026-08-07 15:39
2818,가락시장(8),승강기)에스컬레이터-가락시장(8) 1번 출구 5호기,B1-1F,1번 출입구,사용가능,ES,2026-08-07 15:39
2818,가락시장(8),승강기)에스컬레이터-가락시장(8) 1번 출구 6호기,1F-B1,1번 출입구,사용가능,ES,2026-08-07 15:39
2818,가락시장(8),승강기)에스컬레이터-가락시장(8) 2번 출구 7호기,B1-1F,2번 출입구,사용가능,ES,2026-08-07 15:39
2818,가락시장(8),승강기)에스컬레이터-가락시장(8) 2번 출구 8호기,1F-B1,2번 출입구,사용가능,ES,2026-08-07 15:39
2818,가락시장(8),승강기)에스컬레이터-가락시장(8) 5번 출구 10호기,1F-B1,5번 출입구,사용가능,ES,2026-08-07 15:39
2818,가락시장(8),승강기)에스컬레이터-가락시장(8) 5번 출구 9호기,B1-1F,5번 출입구,사용가능,ES,2026-08-07 15:39
2818,가락시장(8),승강기)에스컬레이터-가락시장(8) 6번 출구 11호기,B1-1F,6번 출입구,사용가능,ES,2026-08-07 15:39
2818,가락시장(8),승강기)에스컬레이터-가락시장(8) 6번 출구 12호기,1F-B1,6번 출입구,보수중,ES,2026-08-07 15:39
2818,가락시장(8),승강기)에스컬레이터-가락시장(8) 내부 1호기,B3-B2,환승통로(송파 방면6-4),사용가능,ES,2026-08-07 15:39
2818,가락시장(8),승강기)에스컬레이터-가락시장(8) 내부 2호기,B2-B3,환승통로(송파 방면6-4),사용가능,ES,2026-08-07 15:39
2818,가락시장(8),승강기)에스컬레이터-가락시장(8) 내부 3호기,B3-B2,환승통로(송파 방면6-4),보수중,ES,2026-08-07 15:39
2818,가락시장(8),승강기)에스컬레이터-가락시장(8) 내부 4호기,B2-B3,환승통로(문정 방면1-1),사용가능,ES,2026-08-07 15:39
2818,가락시장(8),승강기)엘리베이터-가락시장(8) 내부 1호기,B2-B1,송파 방면5-4,사용가능,EV,2026-08-07 15:39
2818,가락시장(8),승강기)엘리베이터-가락시장(8) 내부 2호기,B2-B1,문정 방면2-3,사용가능,EV,2026-08-07 15:39
2818,가락시장(8),승강기)엘리베이터-가락시장(8) 내부 3호기,B3-B2,암사 방면6-4,사용가능,EV,2026-08-07 15:39
2818,가락시장(8),승강기)엘리베이터-가락시장(8) 내부 4호기,B3-B2,환승통로(문정 방면1-1),사용가능,EV,2026-08-07 15:39
2818,가락시장(8),승강기)엘리베이터-가락시장(8) 외부 5호기,B2-B1-1F,"1,2번 출입구 사이",사용가능,EV,2026-08-07 15:39
2818,가락시장(8),승강기)엘리베이터-가락시장(8) 외부 6호기,B1-1F,"3,4번 출입구 사이",사용가능,EV,2026-08-07 15:39
2819,문정,승강기)에스컬레이터-문정 2번 출입구 외부 1호기,B1-1F,2번 출입구,사용가능,ES,2026-08-07 15:39
2819,문정,승강기)에스컬레이터-문정 2번 출입구 외부 2호기,1F-B1,2번 출입구,사용가능,ES,2026-08-07 15:39
2819,문정,승강기)에스컬레이터-문정 3번 출입구 외부 3호기,B1-1F,3번 출입구,사용가능,ES,2026-08-07 15:39
2819,문정,승강기)에스컬레이터-문정 3번 출입구 외부 4호기,1F-B1,3번 출입구,사용가능,ES,2026-08-07 15:39
2819,문정,승강기)에스컬레이터-문정 내부 5호기,B1-M1,연결통로(4번 출입구 방면 중층),사용가능,ES,2026-08-07 15:39
2819,문정,승강기)에스컬레이터-문정 내부 6호기,M1-B1,연결통로(4번 출입구 방면 중층),사용가능,ES,2026-08-07 15:39
2819,문정,승강기)에스컬레이터-문정 외부 4번 출입구 7호기,M1-1F,4번 출입구,사용가능,ES,2026-08-07 15:39
2819,문정,승강기)에스컬레이터-문정 외부 4번 출입구 8호기,1F-M1,4번 출입구,사용가능,ES,2026-08-07 15:39
2819,문정,승강기)엘리베이터-문정 4번 출입구 외부 4호기,B1-BM1-1F,4번 출입구,사용가능,EV,2026-08-07 15:39
2819,문정,승강기)엘리베이터-문정 내부 1호기,B2-B1,가락시장 방면3-4,사용가능,EV,2026-08-07 15:39
2819,문정,승강기)엘리베이터-문정 내부 2호기,B2-B1,장지 방면4-1,사용가능,EV,2026-08-07 15:39
2819,문정,승강기)엘리베이터-문정 외부 3호기,B1-1F,2번 출입구,사용가능,EV,2026-08-07 15:39
2820,장지,승강기)에스컬레이터-장지 3번 출입구 5호기,BM1-1F,3번 출입구,사용가능,ES,2026-08-07 15:39
2820,장지,승강기)에스컬레이터-장지 3번 출입구 6호기,BM1-1F,3번 출입구,사용가능,ES,2026-08-07 15:39
2820,장지,승강기)에스컬레이터-장지 내부 1호기,BM1-B1,대합실,사용가능,ES,2026-08-07 15:39
2820,장지,승강기)에스컬레이터-장지 내부 2호기,BM1-B1,대합실,보수중,ES,2026-08-07 15:39
2820,장지,승강기)에스컬레이터-장지 내부 3호기,B1-BM1,대합실,사용가능,ES,2026-08-07 15:39
2820,장지,승강기)에스컬레이터-장지 내부 4호기,B1-BM1,대합실,사용가능,ES,2026-08-07 15:39
2820,장지,승강기)에스컬레이터-장지역 1번 출입구 7호기,BM1-1F,1번 출입구,사용가능,ES,2026-08-07 15:39
2820,장지,승강기)에스컬레이터-장지역 1번 출입구 8호기,1F-BM1,1번 출입구,사용가능,ES,2026-08-07 15:39
2820,장지,승강기)엘리베이터-장지 내부 1호기,B2-B1,문정 방면4-1,사용가능,EV,2026-08-07 15:39
2820,장지,승강기)엘리베이터-장지 내부 2호기,B2-B1,복정 방면3-4,사용가능,EV,2026-08-07 15:39
2820,장지,승강기)엘리베이터-장지 외부 3호기,B1-1F,1번 출입구,사용가능,EV,2026-08-07 15:39
2820,장지,승강기)엘리베이터-장지 외부 4호기,B1-1F,3번 출입구,사용가능,EV,2026-08-07 15:39
2821,복정(8),승강기)에스컬레이터-복정(8) 1-1번 출입구 4호기,BM1-1F,1-1번 출입구,사용가능,ES,2026-08-07 15:39
2821,복정(8),승강기)에스컬레이터-복정(8) 1-1번 출입구 5호기,1F-BM1,1-1번 출입구,사용가능,ES,2026-08-07 15:39
2821,복정(8),승강기)에스컬레이터-복정(8) 2번 출입구 2호기,1F-BM1,2번 출입구,사용가능,ES,2026-08-07 15:39
2821,복정(8),승강기)에스컬레이터-복정(8) 2번 출입구 3호기,BM1-1F,2번 출입구,사용가능,ES,2026-08-07 15:39
2821,복정(8),승강기)에스컬레이터-복정(8) 내부 1호기,B2-B1,"장지 방면5-2, 남위례 방면2-2",사용가능,ES,2026-08-07 15:39
2821,복정(8),승강기)엘리베이터-복정(8) 내부 1호기,B3-B2-B1,"장지 방면3-4, 남위례 방면3-4",사용가능,EV,2026-08-07 15:39
2821,복정(8),승강기)엘리베이터_복정(8)역 1번출구 E/L 2호기,B1-F1,1번 출입구,사용가능,EV,2026-08-07 15:39
2822,산성,승강기)에스컬레이터-산성 2번 출입구 12호기,BM1-1F,2번 출입구,사용가능,ES,2026-08-07 15:39
2822,산성,승강기)에스컬레이터-산성 2번 출입구 13호기,1F-BM1,2번 출입구,사용가능,ES,2026-08-07 15:39
2822,산성,승강기)에스컬레이터-산성 내부 1200형 10호기,B2-B1,대합실,사용가능,ES,2026-08-07 15:39
2822,산성,승강기)에스컬레이터-산성 내부 1200형 11호기,B2-B1,대합실,사용가능,ES,2026-08-07 15:39
2822,산성,승강기)에스컬레이터-산성 내부 1200형 1호기,B2-B3,남위례 방면1-3,사용가능,ES,2026-08-07 15:39
2822,산성,승강기)에스컬레이터-산성 내부 1200형 2호기,B3-B2,남위례 방면1-3,사용가능,ES,2026-08-07 15:39
2822,산성,승강기)에스컬레이터-산성 내부 1200형 3호기,B2-B3,남한산성입구 방면6-2,사용가능,ES,2026-08-07 15:39
2822,산성,승강기)에스컬레이터-산성 내부 1200형 4호기,B3-B2,남한산성입구 방면6-2,사용가능,ES,2026-08-07 15:39
2822,산성,승강기)에스컬레이터-산성 내부 1200형 5호기,B3-B2,남위례 방면6-2,사용가능,ES,2026-08-07 15:39
2822,산성,승강기)에스컬레이터-산성 내부 1200형 6호기,B2-B3,남위례 방면6-2,사용가능,ES,2026-08-07 15:39
2822,산성,승강기)에스컬레이터-산성 내부 1200형 7호기,B3-B2,남한산성입구 방면1-3,사용가능,ES,2026-08-07 15:39
2822,산성,승강기)에스컬레이터-산성 내부 1200형 8호기,B2-B3,남한산성입구 방면1-3,사용가능,ES,2026-08-07 15:39
2822,산성,승강기)에스컬레이터-산성 내부 1200형 9호기,B1-B2,대합실,사용가능,ES,2026-08-07 15:39
2822,산성,승강기)엘리베이터-산성 내부 1호기,B3-B2,남위례 방면6-2,사용가능,EV,2026-08-07 15:39
2822,산성,승강기)엘리베이터-산성 내부 2호기,B3-B2,남한산성입구 방면1-3,사용가능,EV,2026-08-07 15:39
2822,산성,승강기)엘리베이터-산성 외부 4호기,B1-1F,3번 출입구,보수중,EV,2026-08-07 15:39
2822,산성,승강기)엘리베이터-산성(8) 경사형 내부 3호기,B2-B1,E/S 11호기 옆,사용가능,EV,2026-08-07 15:39
2823,남한산성입구,승강기)에스컬레이터-남한산성입구 1번 출입구 외부 1호기,B1-1F,1번 출입구,사용가능,ES,2026-08-07 15:39
2823,남한산성입구,승강기)에스컬레이터-남한산성입구 1번 출입구 외부 2호기,1F-B1,1번 출입구,사용가능,ES,2026-08-07 15:39
2823,남한산성입구,승강기)에스컬레이터-남한산성입구 내부 3호기,B1-B2,대합실,사용가능,ES,2026-08-07 15:39
2823,남한산성입구,승강기)에스컬레이터-남한산성입구 내부 4호기,B2-B1,대합실,사용가능,ES,2026-08-07 15:39
2823,남한산성입구,승강기)엘리베이터-남한산성입구 내부 1호기,B2-B3,산성 방면3-4,보수중,EV,2026-08-07 15:39
2823,남한산성입구,승강기)엘리베이터-남한산성입구 외부 2호기,B3-1F,단대오거리 방면4-1,사용가능,EV,2026-08-07 15:39
2824,단대오거리,승강기)에스컬레이터-단대오거리 1번 출입구 외부 1호기,B1-1F,1번 출입구,사용가능,ES,2026-08-07 15:39
2824,단대오거리,승강기)에스컬레이터-단대오거리 1번 출입구 외부 2호기,B1-1F,1번 출입구,사용가능,ES,2026-08-07 15:39
2824,단대오거리,승강기)에스컬레이터-단대오거리 3번 출입구 외부 5호기,B1-1F,3번 출입구,사용가능,ES,2026-08-07 15:39
2824,단대오거리,승강기)에스컬레이터-단대오거리 3번 출입구 외부 6호기,B1-1F,3번 출입구,사용가능,ES,2026-08-07 15:39
2824,단대오거리,승강기)에스컬레이터-단대오거리 내부 3호기,B2-B1,대합실,사용가능,ES,2026-08-07 15:39
2824,단대오거리,승강기)에스컬레이터-단대오거리 내부 4호기,B2-B1,대합실,사용가능,ES,2026-08-07 15:39
2824,단대오거리,승강기)엘리베이터-단대오거리 내부 1호기,B3-B2-B1,남한산성입구 방면2-4,사용가능,EV,2026-08-07 15:39
2824,단대오거리,승강기)엘리베이터-단대오거리 내부 2호기,B3-B2-B1,신흥 방면5-1,사용가능,EV,2026-08-07 15:39
2824,단대오거리,승강기)엘리베이터-단대오거리 외부 3호기,B1-1F,4번 출입구,사용가능,EV,2026-08-07 15:39
2825,신흥,승강기)엘리베이터-신흥 내부 1호기,B2-B1,단대오거리 방면4-1,사용가능,EV,2026-08-07 15:39
2825,신흥,승강기)엘리베이터-신흥 내부 2호기,B2-B1,수진 방면3-4,사용가능,EV,2026-08-07 15:39
2826,수진,승강기)엘리베이터-수진 내부 1호기,B2-B1,신흥 방면3-4,사용가능,EV,2026-08-07 15:39
2826,수진,승강기)엘리베이터-수진 내부 2호기,B2-B1,모란 방면4-1,사용가능,EV,2026-08-07 15:39
2826,수진,승강기)엘리베이터-수진 외부 3호기,B1-1F,3번 출입구,사용가능,EV,2026-08-07 15:39
2827,모란(8),승강기)에스컬레이터-모란(8) 내부 1호기,B1-B2,대합실,사용가능,ES,2026-08-07 15:39
2827,모란(8),승강기)에스컬레이터-모란(8) 내부 2호기,B2-B1,대합실,사용가능,ES,2026-08-07 15:39
2827,모란(8),승강기)엘리베이터-모란(8) 내부 1호기,B3-B2-B1,수진 방면5-2,사용가능,EV,2026-08-07 15:39
2827,모란(8),승강기)엘리베이터-모란(8) 내부 2호기,B3-B2,모란 방면2-3,사용가능,EV,2026-08-07 15:39
2827,모란(8),승강기)엘리베이터-모란(8) 외부 3호기,B1-1F,11번 출입구,사용가능,EV,2026-08-07 15:39
2828,남위례,승강기)에스컬레이터-남위례 1번 출입구 외부 1호기,1F-2F,1번 출입구,사용가능,ES,2026-08-07 15:39
2828,남위례,승강기)에스컬레이터-남위례 1번 출입구 외부 2호기,2F-1F,1번 출입구,사용가능,ES,2026-08-07 15:39
2828,남위례,승강기)에스컬레이터-남위례 5번 출입구 외부 7호기,1F-2F,5번 출입구,사용가능,ES,2026-08-07 15:39
2828,남위례,승강기)에스컬레이터-남위례 내부 3호기,2F-3F,대합실,사용가능,ES,2026-08-07 15:39
2828,남위례,승강기)에스컬레이터-남위례 내부 4호기,3F-2F,대합실,사용가능,ES,2026-08-07 15:39
2828,남위례,승강기)에스컬레이터-남위례 내부 5호기,3F-2F,산성 방면5-1,사용가능,ES,2026-08-07 15:39
2828,남위례,승강기)에스컬레이터-남위례 내부 6호기,2F-3F,산성 방면5-1,사용가능,ES,2026-08-07 15:39
2828,남위례,승강기)엘리베이터-남위례 내부 1호기,1F-2F,대합실(1번 출입구),사용가능,EV,2026-08-07 15:39
2828,남위례,승강기)엘리베이터-남위례 내부 2호기,1F-4F,5번 출입구,사용가능,EV,2026-08-07 15:39
2828,남위례,승강기)엘리베이터-남위례 내부 3호기,2F-3F,산성 방면3-4,사용가능,EV,2026-08-07 15:39
0150,서울역(1),승강기)에스컬레이터-서울(1)역 4번출구 5호기,1F-B1,4번 출입구,보수중,ES,2026-08-08 10:10
2544,장한평,승강기)에스컬레이터-장한평 내부1,B1-B2,대합실,보수중,ES,2026-08-08 10:10
0157,제기동,승강기)에스컬레이터-제기동 2번출구 하행1,1F-B1,2번 출입구,보수중,ES,2026-08-08 10:10
0158,청량리(1),승강기)에스컬레이터-청량리 2번출구 하행3,1F-B1,2번 출입구,보수중,ES,2026-08-08 10:10
0159,동묘앞(1),승강기)엘리베이터-동묘앞 1-10번 출구사이 외부#1,B1-BM1-1F,"1,10번 출입구 사이",보수중,EV,2026-08-08 10:10
0159,동묘앞(1),승강기)엘리베이터-동묘앞 상행 4-8 내부#3,B2-B1,신설동 방면4-3,사용가능,EV,2026-08-08 10:10
0201,시청(2),승강기)에스컬레이터-시청(2) 내부화장실 근접 5호기,B1-B2,환승통로(1호선 방면 내부화장실 근접),보수중,ES,2026-08-08 10:10
0204,을지로4가(2),승강기)에스컬레이터-을지로4가(2) 5번 출입구 2,B1-1F,5번 출입구,보수중,ES,2026-08-08 10:10
0205,동대문역사문화공원(2),승강기)에스컬레이터-동역사(2) 3번출구 1호기,1F-B1,3번 출입구,보수중,ES,2026-08-08 10:10
0208,왕십리(2),승강기)에스컬레이터-왕십리 3번출구 하행1,1F-B1,3번 출입구,보수중,ES,2026-08-08 10:10
0210,뚝섬,승강기)엘리베이터-뚝섬 6번 출구측 외부#2,1F-2F,6번 출입구,보수중,EV,2026-08-08 10:10
0211,성수,승강기)에스컬레이터-성수 3번출구 5호기,2F-1F,3번 출입구,사용가능,ES,2026-08-08 10:10
0213,구의,승강기)에스컬레이터-구의 3번 출입구 상행7,B1-1F,3번 출입구,보수중,ES,2026-08-08 10:10
0218,종합운동장(2),승강기)에스컬레이터-종합운동장 4번출구 2호기,B1-1F,4번 출입구,보수중,ES,2026-08-08 10:10
0230,신림,승강기)에스컬레이터-신림 5번 출구측 6호기,B1-1F,5번 출입구,사용가능,ES,2026-08-08 10:10
0238,합정(2),승강기)에스컬레이터-합정(2) 2번출구 3호기,1F-B2,2번 출입구,보수중,ES,2026-08-08 10:10
0242,아현,승강기)에스컬레이터-아현 1번출구 1호기,1F-B1,1번 출입구,보수중,ES,2026-08-08 10:10
0311,연신내(3),승강기)에스컬레이터-연신내(3) 4번출구 하행3,1F-B1,4번 출입구,보수중,ES,2026-08-08 10:10
0320,을지로3가(3),승강기)에스컬레이터-을지로3가(3) 내부 2호기,B3-B2,"충무로 방면4-3, 종로3가 방면7-2",보수중,ES,2026-08-08 10:10
0333,매봉,승강기)에스컬레이터-매봉 4번출구 하행1,1F-B1,4번 출입구,사용가능,ES,2026-08-08 10:10
0334,도곡(3),승강기)에스컬레이터-도곡 내부 5호기,B2-B4,대치 방면4-1,보수중,ES,2026-08-08 10:10
0334,도곡(3),승강기)에스컬레이터-도곡 내부 7호기,B2-B4,대치 방면7-4,보수중,ES,2026-08-08 10:10
0340,가락시장(3),승강기)에스컬레이터-가락시장(3) 8번 출구 22호기,B2-1F,8번 출입구,사용가능,ES,2026-08-08 10:10
0422,동대문역사문화공원(4),승강기)에스컬레이터-동역사(4) 하행(2-4) 5호기,B2-B3,"충무로 방면2-4,동대문 방면9-1",보수중,ES,2026-08-08 10:10
0425,회현,승강기)엘리베이터-회현 섬식(상)10-1 내부#1,B4-B2-B1,"서울역 방면1-4,명동 방면10-1",보수중,EV,2026-08-08 10:10
0428,삼각지(전쟁기념관)(4),승강기)에스컬레이터-삼각지 5번출구 상행4,B1-1F,5번 출입구,사용가능,ES,2026-08-08 10:10
0433,사당(4),승강기)에스컬레이터-사당(4) 4번출구 3호기,B1-1F,4번 출입구,보수중,ES,2026-08-08 10:10
2511,방화,승강기)에스컬레이터-방화 1번출입구 E/S 1200형 3호기,BM1-1F,1번 출입구,보수중,ES,2026-08-08 10:10
2515,마곡,승강기)에스컬레이터-마곡 4번 출입구 외부 9호기,B1-1F,4번 출입구,사용가능,ES,2026-08-08 10:10
2519,까치산(5),승강기)에스컬레이터-까치산 외부12,B1-1F,3번 출입구,보수중,ES,2026-08-08 10:10
2520,신정,승강기)에스컬레이터-신정 내부7,B2-B1,1번 출입구,보수중,ES,2026-08-08 10:10
2526,신길(5),승강기)에스컬레이터-신길 내부 3호기,B1-B3,환승통로(1호선 방면),사용가능,ES,2026-08-08 10:10
2530,공덕(5),승강기)에스컬레이터-공덕 내부11,B1-BM1,대합실,보수중,ES,2026-08-08 10:10
2532,충정로(5),승강기)엘리베이터-충정로 내부1,B5-B2-B1,"애오개 방면3-3, 서대문 방면6-2",보수중,EV,2026-08-08 10:10
2537,동대문역사문화공원(5),승강기)에스컬레이터-동대문역사문화공원(5) 내부2,B2-B4,"대합실(6,7번 출입구 사이)",사용가능,ES,2026-08-08 10:10
2546,아차산,승강기)엘리베이터-아차산 내부2,B3-B2-B1,광나루 방면3-4,보수중,EV,2026-08-08 10:10
2547,광나루,승강기)에스컬레이터-광나루 외부2,BM1-1F,4번 출입구,보수중,ES,2026-08-08 10:10
2548,천호(5),승강기)에스컬레이터-천호(5) 내부1,B1-B2,대합실,사용가능,ES,2026-08-08 10:10
2549,강동,승강기)엘리베이터-강동 내부 1호기,B3-B4,둔촌동 방면8-3,보수중,EV,2026-08-08 10:10
2564,하남풍산,승강기)엘리베이터-하남풍산역 내부 1호기,B2-B1,미사 방면4-4,보수중,EV,2026-08-08 10:10
2613,불광(6),승강기)에스컬레이터-불광(6) 내부 3호기,B4-B2,독바위 방면2-2,보수중,ES,2026-08-08 10:10
2615,연신내(6),승강기)에스컬레이터-연신내(6) 내부 3호기,B3-B5,구산 방면6-1,보수중,ES,2026-08-08 10:10
2619,디지털미디어시티(6),승강기)에스컬레이터-디지털미디어시티(6) 외부8,B1-1F,2번 출입구,보수중,ES,2026-08-08 10:10
2623,합정(6),승강기)에스컬레이터-합정(6) 내부 6호기,B2-B3,환승통로(2호선 방면),보수중,ES,2026-08-08 10:10
2623,합정(6),승강기)엘리베이터-합정(6) 내부2,B3-B4,상수 방면5-1,보수중,EV,2026-08-08 10:10
2624,상수,승강기)엘리베이터-상수 내부2,B1-1F,3번 출입구,보수중,EV,2026-08-08 10:10
2625,광흥창,승강기)에스컬레이터-광흥창 내부1,B3-B2,"상수 방면1-1, 대흥 방면8-4",사용가능,ES,2026-08-08 10:10
2625,광흥창,승강기)에스컬레이터-광흥창 내부3,B2-B1,대합실,보수중,ES,2026-08-08 10:10
2628,효창공원앞(6),승강기)에스컬레이터-효창공원앞(6) 내부6,B2-B3,"공덕 방면6-4, 삼각지 방면3-1",사용가능,ES,2026-08-08 10:10
2628,효창공원앞(6),승강기)에스컬레이터-효창공원앞(6) 외부3,B1-1F,6번 출입구,사용가능,ES,2026-08-08 10:10
2631,이태원,승강기)에스컬레이터-이태원 내부3,B1-BM1,대합실,보수중,ES,2026-08-08 10:10
2634,약수(6),승강기)에스컬레이터-약수(6) 내부7,B2-B1,환승통로(3호선 방면),보수중,ES,2026-08-08 10:10
2634,약수(6),승강기)에스컬레이터-약수(6) 내부8,B1-B2,환승통로(3호선 방면),사용가능,ES,2026-08-08 10:10
2637,동묘앞(6),승강기)에스컬레이터-동묘앞(6) 내부11,B3-B2,"신당 방면2-3, 창신 방면7-2",보수중,ES,2026-08-08 10:10
2641,고려대,승강기)에스컬레이터-고려대 외부6,1F-B1,6번 출입구,사용가능,ES,2026-08-08 10:10
2642,월곡,승강기)에스컬레이터-월곡 내부10,B2-B3,상월곡 방면3-3,보수중,ES,2026-08-08 10:10
2642,월곡,승강기)에스컬레이터-월곡 외부11,BM1-1F,1번 출입구,사용가능,ES,2026-08-08 10:10
2647,화랑대,승강기)에스컬레이터-화랑대 외부2,B1-1F,3번 출입구,보수중,ES,2026-08-08 10:10
2718,공릉,승강기)에스컬레이터-공릉 내부 1호기,B4-B2,하계 방면7-3,보수중,ES,2026-08-08 10:10
2721,중화,승강기)에스컬레이터-중화 3번 출입구 외부 5호기,1F-B1,3번 출입구,보수중,ES,2026-08-08 10:10
2722,상봉(7),승강기)에스컬레이터-상봉(7) 2번 출입구 외부 3호기,1F-B1,2번 출입구,보수중,ES,2026-08-08 10:10
2728,어린이대공원,승강기)엘리베이터-어린이대공원 외부4,B1-1F,5번 출입구,보수중,EV,2026-08-08 10:10
2729,건대입구(7),승강기)에스컬레이터-건대입구(7) 내부 1호기,B3-M1,환승통로(2호선 방면),보수중,ES,2026-08-08 10:10
2733,학동,승강기)에스컬레이터-학동 내부 4호기,B2-B1,6~8번 출입구 방면 통로,보수중,ES,2026-08-08 10:10
2737,내방,승강기)에스컬레이터-내방 2번 출입구 외부 2호기,1F-B1,2번 출입구,보수중,ES,2026-08-08 10:10
2737,내방,승강기)에스컬레이터-내방 4번 출입구 외부 4호기,1F-B1,4번 출입구,보수중,ES,2026-08-08 10:10
2738,이수(7),승강기)에스컬레이터-이수(7) 3번 출입구 18호기,1F-B1,3번 출입구,보수중,ES,2026-08-08 10:10
2738,이수(7),승강기)에스컬레이터-이수(7) 내부 4호기,B4-B3,대합실(환승구간 방면),보수중,ES,2026-08-08 10:10
2740,숭실대입구,승강기)에스컬레이터-숭실대입구 3번 출입구 외부 12호기,1F-B1,3번 출입구,보수중,ES,2026-08-08 10:10
2750,광명사거리,승강기)에스컬레이터-광명사거리역 9번출구 1호기,B1-1F,9번 출입구,보수중,ES,2026-08-08 10:10
2810,암사역사공원,승강기)에스컬레이터-암사역사공원 1번출입구 5호기,B1-1F,1번 출입구,사용가능,ES,2026-08-08 10:10
2815,잠실(8),승강기)엘리베이터-잠실(8) 외부 3호기,B1-1F,9번 출입구,보수중,EV,2026-08-08 10:10
2817,송파,승강기)엘리베이터-송파 연결통로 외부 4호기,B1-1F,4번 출입구,보수중,EV,2026-08-08 10:10
2817,송파,승강기)엘리베이터-송파 외부 3호기,B1-1F,"1,2번 출입구 사이",사용가능,EV,2026-08-08 10:10
2818,가락시장(8),승강기)에스컬레이터-가락시장(8) 6번 출구 12호기,1F-B1,6번 출입구,사용가능,ES,2026-08-08 10:10
2818,가락시장(8),승강기)에스컬레이터-가락시장(8) 내부 3호기,B3-B2,환승통로(송파 방면6-4),사용가능,ES,2026-08-08 10:10
0151,시청(1),승강기)에스컬레이터-시청(1) 5번출구 1호기,1F-B1,5번 출입구,보수중,ES,2026-08-09 10:15
0151,시청(1),승강기)에스컬레이터-시청(1) 5번출구 2호기,B1-1F,5번 출입구,보수중,ES,2026-08-09 10:15
0159,동묘앞(1),승강기)에스컬레이터-동묘앞(1) 시청방향(2-4) 6호기,B2-B1,동대문 방면2-4,사용가능,ES,2026-08-09 10:15
0209,한양대,승강기)에스컬레이터-한양대 2번출구 상행 2,2F-1F,1번 출입구,보수중,ES,2026-08-09 10:15
0209,한양대,승강기)엘리베이터-한양대 4번 출구(육교) 외부#1,1F-2F,4번 출입구(육교) 측,보수중,EV,2026-08-09 10:15
0212,건대입구(2),승강기)에스컬레이터-건대입구 6번출구 상행2,1F-2F,6번 출입구,사용가능,ES,2026-08-09 10:15
0212,건대입구(2),승강기)에스컬레이터-건대입구 6번출구 하행1,2F-1F,6번 출입구,사용가능,ES,2026-08-09 10:15
0224,서초,승강기)에스컬레이터-서초 3번출구 하행 3,1F-B1,3번 출입구,보수중,ES,2026-08-09 10:15
0226,사당(2),승강기)에스컬레이터-사당(2) 외선(3-3) 2호기,B2-B1,방배 방면3-3,보수중,ES,2026-08-09 10:15
0233,대림(2),승강기)에스컬레이터-대림 8번출구 상행4,1F-2F,8번 출입구,사용가능,ES,2026-08-09 10:15
0238,합정(2),승강기)엘리베이터-합정 내선 7-3 내부#2,B2-B1,홍대입구 방면7-3,보수중,EV,2026-08-09 10:15
0240,신촌,승강기)에스컬레이터-신촌 7번출구 하행1,1F-B1,7번 출입구,보수중,ES,2026-08-09 10:15
0241,이대,승강기)엘리베이터-이대 섬식(외)2-2 내부#1,B2-B1,"신촌 방면2-2, 아현 방면9-3",보수중,EV,2026-08-09 10:15
0310,구파발,승강기)에스컬레이터-구파발 3번출구 2호기,B1-1F,3번 출입구,보수중,ES,2026-08-09 10:15
0313,녹번,승강기)에스컬레이터-녹번 1번출구 1호기,1F-B1,1번 출입구,보수중,ES,2026-08-09 10:15
0313,녹번,승강기)에스컬레이터-녹번 1번출구 2호기,B1-1F,1번 출입구,보수중,ES,2026-08-09 10:15
0317,경복궁,승강기)에스컬레이터-경복궁 3-1번출구 10호기,B1-1F,3-1번 출입구,보수중,ES,2026-08-09 10:15
0319,종로3가(3),승강기)에스컬레이터-종로3가(3) 3호선연결통로 1호기,B2-B4,환승통로(을지로3가 방면1-1 안국 방면10-4),보수중,ES,2026-08-09 10:15
0322,동대입구,승강기)엘리베이터-동대입구 섬식(상) 3-3 내부#1,B3-B2,"충무로 방면3-1, 약수 방면8-4",보수중,EV,2026-08-09 10:15
0323,약수(3),승강기)엘리베이터-약수 섬식(상) 8-4 내부#1,B2-B1,"동대입구 방면8-4, 금호 방면3-1",사용가능,EV,2026-08-09 10:15
0326,압구정,승강기)에스컬레이터-압구정 6번출구 하행9,1F-B1,6번 출입구,보수중,ES,2026-08-09 10:15
0329,고속터미널(3),승강기)에스컬레이터-고속터미널 내부 10호기,B2-B3,교대 방면2-3,보수중,ES,2026-08-09 10:15
0329,고속터미널(3),승강기)에스컬레이터-고속터미널 내부 15호기,B2-B3,교대 방면9-2,보수중,ES,2026-08-09 10:15
0329,고속터미널(3),승강기)에스컬레이터-고속터미널 내부 4호기,B2-B3,잠원 방면4-3,보수중,ES,2026-08-09 10:15
0330,교대(3),승강기)에스컬레이터-교대(3) 상행(3-2) 2호기,B3-B2,"고속터미널 방면3-2, 남부터미널 방면8-3",보수중,ES,2026-08-09 10:15
0330,교대(3),승강기)에스컬레이터-교대(3) 하행(8-3) 1호기,B2-B3,"고속터미널 방면3-2, 남부터미널 방면8-3",보수중,ES,2026-08-09 10:15
0333,매봉,승강기)에스컬레이터-매봉 4번출구 상행2,B1-1F,4번 출입구,보수중,ES,2026-08-09 10:15
0335,대치,승강기)에스컬레이터-대치 4번출구 5호기,B1-1F,4번 출입구,보수중,ES,2026-08-09 10:15
0338,일원,승강기)에스컬레이터-일원 1번출구 1호기,1F-B1,1번 출입구,보수중,ES,2026-08-09 10:15
0338,일원,승강기)에스컬레이터-일원 1번출구 2호기,B1-1F,1번 출입구,보수중,ES,2026-08-09 10:15
0339,수서(3),승강기)에스컬레이터-수서 내부 8호기,B2-B1,일원 방면9-3,보수중,ES,2026-08-09 10:15
0339,수서(3),승강기)에스컬레이터-수서 내부 9호기,B1-B2,가락시장 방면2-2,보수중,ES,2026-08-09 10:15
0340,가락시장(3),승강기)에스컬레이터-가락시장(3) 내부 13호기,B2-B4,경찰병원 방면7-1,보수중,ES,2026-08-09 10:15
0340,가락시장(3),승강기)에스컬레이터-가락시장(3) 내부 14호기,B4-B2,경찰병원 방면7-1,보수중,ES,2026-08-09 10:15
0340,가락시장(3),승강기)에스컬레이터-가락시장(3) 내부 17호기,B1-B2,대합실(2번출입구 방면),사용가능,ES,2026-08-09 10:15
0340,가락시장(3),승강기)에스컬레이터-가락시장(3) 내부 3호기,B2-B4,수서 방면6-3,사용가능,ES,2026-08-09 10:15
0342,오금(3),승강기)에스컬레이터-오금(3) 내부 1호기,B2-B3,경찰병원 방면2-2,보수중,ES,2026-08-09 10:15
0413,쌍문,승강기)에스컬레이터-쌍문 2번출구 상행4,B1-1F,2번 출입구,보수중,ES,2026-08-09 10:15
0417,길음,승강기)에스컬레이터-길음 2번출구 상행1,B1-1F,2번 출입구,사용가능,ES,2026-08-09 10:15
0418,성신여대입구(4),승강기)에스컬레이터-성신여대입구 1번출구 하행1,1F-B1,1번 출입구,사용가능,ES,2026-08-09 10:15
0420,혜화,승강기)에스컬레이터-혜화 1번출구 상행2,B1-1F,1번 출입구,사용가능,ES,2026-08-09 10:15
0420,혜화,승강기)엘리베이터-혜화 3번출입구 외부#2,B1-1F,3번 출입구,사용가능,EV,2026-08-09 10:15
0422,동대문역사문화공원(4),승강기)에스컬레이터-동역사(4) 상행(3-1) 2호기,B3-B1,"동대문 방면3-1,충무로 방면8-3",보수중,ES,2026-08-09 10:15
0422,동대문역사문화공원(4),승강기)에스컬레이터-동역사(4) 하행(5-2) 3호기,B2-B3,"동대문 방면6-3,충무로 방면5-2",사용가능,ES,2026-08-09 10:15
0423,충무로(4),승강기)에스컬레이터-충무로(4) 1번출구 22호기,B1-1F,1번 출입구,보수중,ES,2026-08-09 10:15
0423,충무로(4),승강기)에스컬레이터-충무로(4) 3호선환승 17호기,B4-B2,환승통로(동대입구 방면5-2),보수중,ES,2026-08-09 10:15
0423,충무로(4),승강기)에스컬레이터-충무로(4) 5번 출입구 24호기,B1-1F,(1F) 5번 출입구 근처,사용가능,ES,2026-08-09 10:15
0423,충무로(4),승강기)에스컬레이터-충무로(4) 내부 11호기,B1-B2,대합실(동대문역사문화공원 방면6-3),보수중,ES,2026-08-09 10:15
0423,충무로(4),승강기)에스컬레이터-충무로(4) 내부 14호기,B2-B1,대합실(명동 방면5-2),보수중,ES,2026-08-09 10:15
0423,충무로(4),승강기)에스컬레이터-충무로(4) 내부 1호기,B3-B2,동대문역사문화공원 방면4-2,보수중,ES,2026-08-09 10:15
0429,신용산,승강기)에스컬레이터-신용산 4번출구 5호기,1F-B1,4번 출입구,보수중,ES,2026-08-09 10:15
0430,이촌(4),승강기)엘리베이터-이촌 1번 출구측 외부#1,B1-1F,1번 출입구,사용가능,EV,2026-08-09 10:15
0432,총신대입구(4),승강기)에스컬레이터-총신대입구 14번출구 1호기,1F-B1,14번 출입구,보수중,ES,2026-08-09 10:15
2514,송정,승강기)에스컬레이터-송정 외부3,1F-B1,4번 출입구,보수중,ES,2026-08-09 10:15
2528,여의나루,승강기)엘리베이터-여의나루 내부2,BM1-B1,대합실(경사형),보수중,EV,2026-08-09 10:15
2539,신금호,승강기)엘리베이터-신금호 내부1,B2-B8,"청구 방면1-2, 행당 방면8-3",사용가능,EV,2026-08-09 10:15
2540,행당,승강기)엘리베이터-행당 외부3,B3-1F,3번 출입구,보수중,EV,2026-08-09 10:15
2545,군자(5),승강기)에스컬레이터-군자 외부2,1F-B1,5번 출입구,사용가능,ES,2026-08-09 10:15
2545,군자(5),승강기)엘리베이터-군자 내부1,B3-B2-B1,"장한평 방면5-3, 아차산 방면4-1",사용가능,EV,2026-08-09 10:15
2546,아차산,승강기)엘리베이터-아차산 내부1,B3-B2-B1,군자 방면6-1,보수중,EV,2026-08-09 10:15
2548,천호(5),승강기)에스컬레이터-천호(5) 외부9,1F-B1,9번 출입구,사용가능,ES,2026-08-09 10:15
2551,굽은다리,승강기)엘리베이터-굽은다리 외부3,B1-1F,2번 출입구,사용가능,EV,2026-08-09 10:15
2553,고덕,승강기)에스컬레이터-고덕 외부5,B1-1F,1번 출입구,사용가능,ES,2026-08-09 10:15
2554,상일동,승강기)에스컬레이터-상일동 1번 출입구 외부 3호기,B1-1F,1번 출입구,보수중,ES,2026-08-09 10:15
2562,강일,승강기)에스컬레이터-강일역 1번 출입구 10호기,1F-B2,1번 출입구,사용가능,ES,2026-08-09 10:15
2618,증산,승강기)에스컬레이터-증산 내부4,B1-B2,새절 방면3-4,보수중,ES,2026-08-09 10:15
2622,망원,승강기)엘리베이터-망원 외부2,B2-B1-1F,합정 방면5-2,사용가능,EV,2026-08-09 10:15
2628,효창공원앞(6),승강기)엘리베이터-효창공원앞(6) 내부1,B2-B3,"공덕 방면5-3, 삼각지 방면4-2",사용가능,EV,2026-08-09 10:15
2630,녹사평,승강기)에스컬레이터-녹사평 내부4,B4-B5,"삼각지 방면5-4, 이태원 방면4-1",보수중,ES,2026-08-09 10:15
2631,이태원,승강기)에스컬레이터-이태원 내부4,BM1-B1,대합실,보수중,ES,2026-08-09 10:15
2634,약수(6),"승강기)에스컬레이터-약수(6) 내부(7,8번출입구) 6호기",BM1-B1,"7,8번 출입구",보수중,ES,2026-08-09 10:15
2636,신당(6),승강기)에스컬레이터-신당(6) 내부 11,B1-B2,환승통로(2호선 방면),보수중,ES,2026-08-09 10:15
2640,안암,승강기)엘리베이터-안암 외부3,B2-1F,1번 출입구,사용가능,EV,2026-08-09 10:15
2645,석계(6),승강기)무빙워크-석계(6) 2,B4-B4,환승통로(1호선 방면),보수중,MW,2026-08-09 10:15
2715,노원(7),승강기)에스컬레이터-노원(7) 외부 11호기,1F-B1,3번 출입구,보수중,ES,2026-08-09 10:15
2719,태릉입구(7),승강기)에스컬레이터-태릉입구(7) 4번 출입구 외부 8호기,B1-1F,4번 출입구,사용가능,ES,2026-08-09 10:15
2720,먹골,승강기)에스컬레이터-먹골 7번 출입구 외부 3호기,B1-1F,7번 출입구,사용가능,ES,2026-08-09 10:15
2723,면목,승강기)에스컬레이터-면목 3번 출입구 외부 3호기,B1-1F,3번 출입구,보수중,ES,2026-08-09 10:15
2724,사가정,승강기)에스컬레이터-사가정 3번 출입구 외부 6호기,B1-1F,3번 출입구,보수중,ES,2026-08-09 10:15
2731,청담,승강기)에스컬레이터-청담 내부 1호기,B1-B3,"4,5,10,11번 출입구방면 통로",보수중,ES,2026-08-09 10:15
2734,논현,승강기)에스컬레이터-논현 내부 7호기,B1-BM1,"대합실(9,10번 출입구)",보수중,ES,2026-08-09 10:15
2736,고속터미널(7),승강기)에스컬레이터-고속터미널(7) 내부 16호기,BM1-B1,3번 출입구 방면 통로,보수중,ES,2026-08-09 10:15
2737,내방,승강기)에스컬레이터-내방 7번 출입구 외부 7호기,BM1-1F,7번 출입구,보수중,ES,2026-08-09 10:15
2739,남성,승강기)에스컬레이터-남성 4번 출입구 외부 5호기,1F-B1,4번 출입구,보수중,ES,2026-08-09 10:15
2742,장승배기,승강기)에스컬레이터-장승배기 내부 2호기,B2-B1,"대합실(3,4번 출입구 방면)",보수중,ES,2026-08-09 10:15
2746,대림(7),승강기)에스컬레이터-대림(7) 내부 11호기,B1-1F,환승통로(2호선 방면),보수중,ES,2026-08-09 10:15
2746,대림(7),승강기)에스컬레이터-대림(7) 내부 7호기,1F-B1,환승통로(2호선 방면),보수중,ES,2026-08-09 10:15
2747,남구로,승강기)에스컬레이터-남구로 내부 6호기,BM2-B2,"1,6번 출입구 방면 통로",사용가능,ES,2026-08-09 10:15
2811,암사,승강기)엘리베이터-암사 내부 2호기,B2-B1,천호 방면4-1,보수중,EV,2026-08-09 10:15
2816,석촌(8),승강기)엘리베이터-석촌 내부 2호기,B2-B1,모란 방면 3-4,사용가능,EV,2026-08-09 10:15
2819,문정,승강기)에스컬레이터-문정 내부 5호기,B1-M1,연결통로(4번 출입구 방면 중층),보수중,ES,2026-08-09 10:15
2820,장지,승강기)에스컬레이터-장지 내부 2호기,BM1-B1,대합실,사용가능,ES,2026-08-09 10:15
0157,제기동,승강기)에스컬레이터-제기동 2번출구 상행2,B1-1F,2번 출입구,보수중,ES,2026-08-10 10:17
0212,건대입구(2),승강기)엘리베이터-건대입구 섬식(외)5-4 내부#1,2F-3F,성수 방면5-4,사용가능,EV,2026-08-10 10:17
0213,구의,승강기)에스컬레이터-구의 3번 출입구 상행7,B1-1F,3번 출입구,사용가능,ES,2026-08-10 10:17
0311,연신내(3),승강기)에스컬레이터-연신내(3) 4번출구 상행4,B1-1F,4번 출입구,사용가능,ES,2026-08-10 10:17
0317,경복궁,승강기)에스컬레이터-경복궁 내부 1호기,B2-B3,"안국 방면9-1, 독립문 방면2-4",사용가능,ES,2026-08-10 10:17
0317,경복궁,승강기)에스컬레이터-경복궁 내부 3호기,B3-B2,"안국 방면3-2, 독립문 방면8-3",사용가능,ES,2026-08-10 10:17
0319,종로3가(3),승강기)에스컬레이터-종로3가(3) 2-1출구 6호기,B3-B1,환승통로(3호선 방면),사용가능,ES,2026-08-10 10:17
0327,신사,승강기)에스컬레이터-신사 5번출구 상행6,B1-1F,5번 출입구,사용가능,ES,2026-08-10 10:17
0340,가락시장(3),승강기)에스컬레이터-가락시장(3) 7번 출구 19호기,1F-B1,7번 출입구,보수중,ES,2026-08-10 10:17
0341,경찰병원,승강기)에스컬레이터-경찰병원 승강장(4-1) 8호기,B2-B1,오금 방면4-1,보수중,ES,2026-08-10 10:17
0341,경찰병원,승강기)에스컬레이터-경찰병원 승강장(9-4) 11호기,B1-B2,오금 방면9-4,보수중,ES,2026-08-10 10:17
0342,오금(3),승강기)에스컬레이터-오금(3) 환승 12호기,B2-B1,환승통로(5호선 방면),사용가능,ES,2026-08-10 10:17
0410,상계,승강기)에스컬레이터-상계역 내부 에스컬레이터 4호기,3F-2F,노원 방면2-1,사용가능,ES,2026-08-10 10:17
0413,쌍문,승강기)에스컬레이터-쌍문 3번출구 하행5,1F-B1,3번 출입구,사용가능,ES,2026-08-10 10:17
0413,쌍문,승강기)에스컬레이터-쌍문 4번출구 하행1,1F-B1,4번 출입구,보수중,ES,2026-08-10 10:17
0416,미아사거리,승강기)에스컬레이터-미아사거리 3번출구 상행 2,B1-1F,3번 출입구,보수중,ES,2026-08-10 10:17
0418,성신여대입구(4),승강기)에스컬레이터-성신여대역 4번출구 에스컬레이터 4호기,1F-B1,4번 출입구,사용가능,ES,2026-08-10 10:17
0424,명동,승강기)에스컬레이터-명동 B계단 옆 3호기,B2-B3,"충무로 방면10-4,회현 방면1-1",보수중,ES,2026-08-10 10:17
0429,신용산,승강기)에스컬레이터-신용산 1번출구 7호기,1F-B1,1번 출입구,사용가능,ES,2026-08-10 10:17
0433,사당(4),승강기)에스컬레이터-사당(4) 내부 1호기,B2-B3,"남태령 방면1-1,총신대입구 방면10-4",사용가능,ES,2026-08-10 10:17
2519,까치산(5),승강기)에스컬레이터-까치산 내부8,B1-B5,신정 방면2-2,보수중,ES,2026-08-10 10:17
2534,광화문,승강기)에스컬레이터-광화문 내부3,B2-B1,대합실(광장 측),보수중,ES,2026-08-10 10:17
2537,동대문역사문화공원(5),승강기)엘리베이터-동역사(5) 내부2,B1-B5,"청구방면 1-1,을지로4가 방면10-4",보수중,EV,2026-08-10 10:17
2539,신금호,승강기)엘리베이터-신금호 외부3,B2-B1-1F,고객안전실 측,보수중,EV,2026-08-10 10:17
2613,불광(6),승강기)에스컬레이터-불광(6) 내부11,BM1-B1,대합실,보수중,ES,2026-08-10 10:17
2614,독바위,승강기)에스컬레이터-독바위 내부2,B6-B5,연신내 방면3-2,사용가능,ES,2026-08-10 10:17
2616,구산,승강기)에스컬레이터-구산 내부1,B4-B1,응암 방면5-4,보수중,ES,2026-08-10 10:17
2619,디지털미디어시티(6),승강기)에스컬레이터-디지털미디어시티(6) 내부1,B2-B1,증산 방면1-1,보수중,ES,2026-08-10 10:17
2619,디지털미디어시티(6),승강기)에스컬레이터-디지털미디어시티(6) 외부7,1F-B1,2번 출입구,보수중,ES,2026-08-10 10:17
2621,마포구청,승강기)에스컬레이터-마포구청 내부11,B1-BM1,"6,7번 출입구 사이",보수중,ES,2026-08-10 10:17
2627,공덕(6),승강기)에스컬레이터-공덕(6) 내부1,1F-B1,7번 출입구,보수중,ES,2026-08-10 10:17
2627,공덕(6),승강기)에스컬레이터-공덕(6) 내부4,B2-B3,환승통로(상/하선 방면1-1),보수중,ES,2026-08-10 10:17
2640,안암,승강기)에스컬레이터-안암 내부4,BM1-B1,4번 출입구,보수중,ES,2026-08-10 10:17
2740,숭실대입구,승강기)에스컬레이터-숭실대입구 1번 출입구 외부 8호기,1F-B1,1번 출입구,보수중,ES,2026-08-10 10:17
2748,가산디지털단지(7),승강기)에스컬레이터-가산디지털단지(7) 내부 11호기,B1-1F,환승통로(1호선 구로 방면),보수중,ES,2026-08-10 10:17
2749,철산,승강기)에스컬레이터-철산 1번 출입구 외부 4호기,1F-B1,1번 출입구,보수중,ES,2026-08-10 10:17
2814,몽촌토성,승강기)에스컬레이터-몽촌토성 내부 3호기,B1-BM1,1번 출입구,보수중,ES,2026-08-10 10:17
2821,복정(8),승강기)엘리베이터_복정(8)역 1번출구 E/L 2호기,B1-F1,1번 출입구,보수중,EV,2026-08-10 10:17
2827,모란(8),승강기)엘리베이터-모란(8) 내부 1호기,B3-B2-B1,수진 방면5-2,보수중,EV,2026-08-10 10:17
0213,구의,승강기)에스컬레이터-구의 2번출구 상행6,1F-2F,2번 출입구,보수중,ES,2026-08-12 10:24
0216,잠실(2),승강기)에스컬레이터-잠실(2) 내부 7호기,B1-B2,잠실새내 방면5-3,보수중,ES,2026-08-12 10:24
0229,봉천,승강기)에스컬레이터-봉천 6번출구 6호기,B1-1F,6번 출입구,보수중,ES,2026-08-12 10:24
0231,신대방,승강기)에스컬레이터-신대방 외선(3-1) 6호기,2F-3F,구로디지털 방면3-1,보수중,ES,2026-08-12 10:24
0246,신설동(2),승강기)엘리베이터-신설동(2) 9번 출구측 외부#1,B1-1F,9번 출입구,사용가능,EV,2026-08-12 10:24
0250,용두,승강기)에스컬레이터-용두 2번출구 5호기,1F-B2,2번 출입구,보수중,ES,2026-08-12 10:24
0328,잠원,승강기)엘리베이터-잠원 1번 출구측 외부#1,B1-1F,1번 출입구,사용가능,EV,2026-08-12 10:24
0333,매봉,승강기)에스컬레이터-매봉 1번출구 상행4,B1-1F,1번 출입구,보수중,ES,2026-08-12 10:24
0335,대치,승강기)에스컬레이터-대치 내부 3호기,B2-B3,"도곡 방면10-4, 학여울 방면1-1",사용가능,ES,2026-08-12 10:24
0338,일원,승강기)에스컬레이터-일원 6번출구 5호기,B1-1F,6번 출입구,보수중,ES,2026-08-12 10:24
0338,일원,승강기)에스컬레이터-일원 6번출구 6호기,1F-B1,6번 출입구,보수중,ES,2026-08-12 10:24
0342,오금(3),승강기)에스컬레이터-오금(3) 내부 6호기,B3-B2,오금 방면4-4,보수중,ES,2026-08-12 10:24
0414,수유,승강기)에스컬레이터-수유(강북구청) 8번출구 상행4,B1-1F,8번 출입구,보수중,ES,2026-08-12 10:24
0421,동대문(4),승강기)에스컬레이터-동대문(4) 하행(7-4) 1호기,B2-B4,"동대문역사문화공원 방면7-4,혜화 방면4-1",보수중,ES,2026-08-12 10:24
0425,회현,승강기)에스컬레이터-회현 2,B3-B2,"명동 방면1-1,서울역 방면10-4",보수중,ES,2026-08-12 10:24
2513,김포공항(5),승강기)엘리베이터-김포공항 내부1,B2-B3,개화산 방면6-3,보수중,EV,2026-08-12 10:24
2515,마곡,승강기)에스컬레이터-마곡 외부2,1F-B1,1번 출입구,사용가능,ES,2026-08-12 10:24
2520,신정,승강기)에스컬레이터-신정 내부8,B1-B2,1번 출입구,보수중,ES,2026-08-12 10:24
2521,목동,승강기)에스컬레이터-목동 외부2,1F-B1,1번 출입구,보수중,ES,2026-08-12 10:24
2525,영등포시장,승강기)엘리베이터-영등포시장역 2번 출입구 외부 3호기,B1-1F,2번 출입구,사용가능,EV,2026-08-12 10:24
2526,신길(5),승강기)에스컬레이터-신길 내부 9호기,B4-B3,여의도 방면2-2,보수중,ES,2026-08-12 10:24
2558,오금(5),승강기)에스컬레이터-오금(5) 내부 7호기,B2-B3,환승통로(개롱 방면1-3),보수중,ES,2026-08-12 10:24
2563,미사,승강기)에스컬레이터-미사 내부 22호기,1F-B1,10번 출입구,보수중,ES,2026-08-12 10:24
2611,응암,승강기)에스컬레이터-응암 내부1,BM1-B1,대합실,보수중,ES,2026-08-12 10:24
2611,응암,승강기)에스컬레이터-응암 내부2,B1-BM1,대합실,사용가능,ES,2026-08-12 10:24
2613,불광(6),승강기)에스컬레이터-불광(6) 내부10,B1-BM1,대합실,사용가능,ES,2026-08-12 10:24
2613,불광(6),승강기)에스컬레이터-불광(6) 내부6,BM2-B2,환승통로(3호선 방면),보수중,ES,2026-08-12 10:24
2614,독바위,승강기)에스컬레이터-독바위 내부1,B5-B6,연신내 방면3-2,사용가능,ES,2026-08-12 10:24
2615,연신내(6),승강기)에스컬레이터-연신내(6) 내부 5호기,B1-B3,대합실,사용가능,ES,2026-08-12 10:24
2618,증산,승강기)에스컬레이터-증산 내부2,B1-BM1,4번 출입구,보수중,ES,2026-08-12 10:24
2618,증산,승강기)에스컬레이터-증산 내부6,B1-B2,디지털미디어시티 방면3-3,보수중,ES,2026-08-12 10:24
2620,월드컵경기장,승강기)에스컬레이터-월드컵경기장 외부11,B1-1F,1번 출입구,보수중,ES,2026-08-12 10:24
2620,월드컵경기장,승강기)에스컬레이터-월드컵경기장 외부12,B1-1F,1번 출입구,보수중,ES,2026-08-12 10:24
2621,마포구청,승강기)에스컬레이터-마포구청 외부4,1F-B1,3번 출입구,사용가능,ES,2026-08-12 10:24
2621,마포구청,승강기)에스컬레이터-마포구청 외부6,1F-B1,4번 출입구,사용가능,ES,2026-08-12 10:24
2622,망원,승강기)에스컬레이터-망원 내부1,B1-BM1,2번 출입구,사용가능,ES,2026-08-12 10:24
2623,합정(6),승강기)에스컬레이터-합정(6) 5번출구 10호기,B1-1F,5번 출입구,보수중,ES,2026-08-12 10:24
2623,합정(6),승강기)에스컬레이터-합정(6) 8번출구 16호기,B1-1F,8번 출입구,보수중,ES,2026-08-12 10:24
2623,합정(6),승강기)에스컬레이터-합정(6) 내부 2호기,B3-B4,상수 방면6-1,보수중,ES,2026-08-12 10:24
2623,합정(6),승강기)에스컬레이터-합정(6) 내부 7호기,B3-B2,환승통로(2호선 방면),보수중,ES,2026-08-12 10:24
2626,대흥,승강기)에스컬레이터-대흥 내부3,B2-B1,2번 출입구,사용가능,ES,2026-08-12 10:24
2626,대흥,승강기)에스컬레이터-대흥 외부5,B1-1F,1번 출입구,사용가능,ES,2026-08-12 10:24
2629,삼각지(전쟁기념관)(6),승강기)무빙워크-삼각지(6) 4,B3-B3,환승통로(4호선 방면),보수중,MW,2026-08-12 10:24
2634,약수(6),승강기)에스컬레이터-약수(6) 외부10,BM1-1F,7번 출입구,보수중,ES,2026-08-12 10:24
2635,청구(6),승강기)에스컬레이터-청구(6) 내부3,B3-B2,환승통로(5호선 방면),사용가능,ES,2026-08-12 10:24
2636,신당(6),승강기)에스컬레이터-신당(6) 내부 2,B2-B3,"환승통로(청구 방면1-1,동묘앞 방면8-4)",사용가능,ES,2026-08-12 10:24
2637,동묘앞(6),승강기)에스컬레이터-동묘앞(6) 내부1,B2-B3,"신당 방면7-3, 창신 방면2-2",사용가능,ES,2026-08-12 10:24
2637,동묘앞(6),승강기)에스컬레이터-동묘앞(6) 내부5,B1-B2,대합실,사용가능,ES,2026-08-12 10:24
2637,동묘앞(6),승강기)에스컬레이터-동묘앞(6) 외부9,1F-BM1,8번 출입구,사용가능,ES,2026-08-12 10:24
2638,창신,승강기)에스컬레이터-창신 내부1,B3-B1,대합실,사용가능,ES,2026-08-12 10:24
2638,창신,승강기)에스컬레이터-창신 내부3,B1-BM1,2번 출입구,사용가능,ES,2026-08-12 10:24
2641,고려대,승강기)에스컬레이터-고려대 내부12,B3-B4,월곡 방면6-1,사용가능,ES,2026-08-12 10:24
2641,고려대,승강기)에스컬레이터-고려대 외부5,B1-1F,6번 출입구,보수중,ES,2026-08-12 10:24
2642,월곡,승강기)에스컬레이터-월곡 외부12,1F-BM1,1번 출입구,보수중,ES,2026-08-12 10:24
2645,석계(6),승강기)에스컬레이터-석계(6) 외부14,B1-1F,2번 출입구,보수중,ES,2026-08-12 10:24
2743,신대방삼거리,승강기)에스컬레이터-신대방삼거리 내부 12호기,B2-B3,보라매 방면3-4,보수중,ES,2026-08-12 10:24
2810,암사역사공원,승강기)에스컬레이터-암사역사공원 1번출입구 6호기,1F-B1,1번 출입구,보수중,ES,2026-08-12 10:24
2822,산성,승강기)에스컬레이터-산성 2번 출입구 13호기,1F-BM1,2번 출입구,보수중,ES,2026-08-12 10:24
2828,남위례,승강기)에스컬레이터-남위례 내부 6호기,2F-3F,산성 방면5-1,보수중,ES,2026-08-12 10:24
0153,종로3가(1),승강기)엘리베이터-종로3가(1) 상행 4-4 내부#1,B2-B1,종로5가 방면5-1,보수중,EV,2026-08-13 10:25
0159,동묘앞(1),승강기)엘리베이터-동묘앞 3번 출구측 외부#2,B1-1F,3번 출입구,보수중,EV,2026-08-13 10:25
0202,을지로입구,승강기)에스컬레이터-을지로입구 8번출구 상행2,B1-1F,8번 출입구,보수중,ES,2026-08-13 10:25
0211,성수,승강기)에스컬레이터-성수 4번출구 7호기,2F-1F,4번 출입구,보수중,ES,2026-08-13 10:25
0215,잠실나루,승강기)에스컬레이터-잠실나루 2번출구 4호기,2F-3F,잠실 방면1-4,보수중,ES,2026-08-13 10:25
0216,잠실(2),승강기)에스컬레이터-잠실 5번출구 하행1,1F-B1,5번 출입구,보수중,ES,2026-08-13 10:25
0221,역삼,승강기)에스컬레이터-역삼 외부 2호기,B1-1F,"대합실(1,2,5,6,7,8번 출입구 방면)",보수중,ES,2026-08-13 10:25
0226,사당(2),승강기)에스컬레이터-사당(2) 내선(3-3) 5호기,B1-B2,낙성대 방면3-3,보수중,ES,2026-08-13 10:25
0226,사당(2),승강기)에스컬레이터-사당(2) 내선(8-1) 8호기,B2-B1,낙성대 방면8-1,보수중,ES,2026-08-13 10:25
0239,홍대입구(2),승강기)에스컬레이터-홍대입구 1번출구 7호기,1F-B2,1번 출입구,보수중,ES,2026-08-13 10:25
0249,신정네거리,승강기)에스컬레이터-신정네거리 1번출구 1호기,1F-B1,1번 출입구,보수중,ES,2026-08-13 10:25
0250,용두,승강기)에스컬레이터-용두 5번출구 11호기,1F-B2,5번 출입구,보수중,ES,2026-08-13 10:25
0310,구파발,승강기)에스컬레이터-구파발역 2번출구 4호기,1F-B1,2번 출입구,보수중,ES,2026-08-13 10:25
0312,불광(3),승강기)에스컬레이터-불광(3) 5번출구 하행1,1F-B1,5번 출입구,보수중,ES,2026-08-13 10:25
0318,안국,승강기)에스컬레이터-안국 내부 8호기,B3-B2,"대합실(2,3,4,5번 출입구)",보수중,ES,2026-08-13 10:25
0322,동대입구,승강기)에스컬레이터-동대입구 5번출구 상행 4,B1-1F,5번 출입구,보수중,ES,2026-08-13 10:25
0323,약수(3),승강기)에스컬레이터-약수 5번출구 상행2,B1-1F,5번 출입구,보수중,ES,2026-08-13 10:25
0329,고속터미널(3),승강기)에스컬레이터-고속터미널 내부 2호기,B3-B2,잠원 방면2-3,보수중,ES,2026-08-13 10:25
0334,도곡(3),승강기)에스컬레이터-도곡 내부 8호기,B4-B2,대치 방면7-4,보수중,ES,2026-08-13 10:25
0340,가락시장(3),승강기)에스컬레이터-가락시장(3) 내부 10호기,B4-B3,경찰병원 방면3-2,보수중,ES,2026-08-13 10:25
0340,가락시장(3),승강기)에스컬레이터-가락시장(3) 내부 11호기,B2-B4,경찰병원 방면5-2,사용가능,ES,2026-08-13 10:25
0421,동대문(4),승강기)에스컬레이터-동대문(4) 8번 출구 7호기,1F-B1,8번 출입구,보수중,ES,2026-08-13 10:25
0421,동대문(4),승강기)에스컬레이터-동대문(4) 상행(4-1) 2호기,B4-B2,"혜화 방면4-1,동대문역사문화공원 방면7-4",보수중,ES,2026-08-13 10:25
0422,동대문역사문화공원(4),승강기)에스컬레이터-동역사(4) 상행(6-3) 4호기,B3-B2,"충무로 방면5-2,동대문 방면6-3",보수중,ES,2026-08-13 10:25
0422,동대문역사문화공원(4),승강기)에스컬레이터-동역사(4) 상행(9-1) 6호기,B3-B2,"동대문 방면9-1,충무로 방면2-4",보수중,ES,2026-08-13 10:25
0423,충무로(4),승강기)에스컬레이터-충무로(4) 내부 15호기,B1-B2,대합실(명동 방면7-2),보수중,ES,2026-08-13 10:25
0423,충무로(4),승강기)에스컬레이터-충무로(4) 내부 6호기,B2-B3,동대문역사문화공원 방면5-2,보수중,ES,2026-08-13 10:25
2513,김포공항(5),승강기)에스컬레이터-김포공항(5) 내부 1호기,B2-B3,개화산 방면3-4,보수중,ES,2026-08-13 10:25
2515,마곡,승강기)에스컬레이터-마곡 외부1,B1-1F,1번 출입구,보수중,ES,2026-08-13 10:25
2520,신정,승강기)엘리베이터-신정 내부2,B2-B3,목동 방면1-4,보수중,EV,2026-08-13 10:25
2531,애오개,승강기)에스컬레이터-애오개 내부3,B3-B1,대합실,보수중,ES,2026-08-13 10:25
2536,을지로4가(5),승강기)에스컬레이터-을지로4가 외부11,1F-B1,4번 출입구,보수중,ES,2026-08-13 10:25
2543,답십리,승강기)에스컬레이터-답십리 외부1,B1-1F,1번 출입구,보수중,ES,2026-08-13 10:25
2546,아차산,승강기)에스컬레이터-아차산 외부1,B1-1F,1번 출입구,보수중,ES,2026-08-13 10:25
2548,천호(5),승강기)엘리베이터-천호(5) 외부1,BM1-1F,"6,7번 출입구 사이",보수중,EV,2026-08-13 10:25
2561,마천,승강기)에스컬레이터-마천역 내부 7호기,B1-BM2,대합실(2번 출입구 방면),보수중,ES,2026-08-13 10:25
2561,마천,승강기)에스컬레이터-마천역 내부 8호기,BM2-B1,대합실(2번 출입구 방면),보수중,ES,2026-08-13 10:25
2563,미사,승강기)에스컬레이터-미사 내부 12호기,1F-B1,4번 출입구,보수중,ES,2026-08-13 10:25
2563,미사,승강기)에스컬레이터-미사 내부 7호기,B1-1F,1번 출입구,보수중,ES,2026-08-13 10:25
2565,하남시청,승강기)에스컬레이터-하남시청역 내부 1호기,B2-B1,하남풍산 방면3-3,보수중,ES,2026-08-13 10:25
2565,하남시청,승강기)에스컬레이터-하남시청역 내부 6호기,B1-B2,하남풍산 방면6-2,보수중,ES,2026-08-13 10:25
2611,응암,승강기)엘리베이터-응암 내부1,B1-B2,"역촌 방면5-2, 새절 방면4-2",보수중,EV,2026-08-13 10:25
2611,응암,승강기)엘리베이터-응암 외부2,B1-1F,4번 출입구,보수중,EV,2026-08-13 10:25
2612,역촌,승강기)엘리베이터-역촌 외부2,B1-1F,4번 출입구,보수중,EV,2026-08-13 10:25
2614,독바위,승강기)에스컬레이터-독바위 외부8,BM1-1F,1번 출입구,보수중,ES,2026-08-13 10:25
2626,대흥,승강기)엘리베이터-대흥 외부 E/L 3호기,B2-1F,3번 출구,보수중,EV,2026-08-13 10:25
2629,삼각지(전쟁기념관)(6),승강기)엘리베이터-삼각지(6) 외부3,B3-1F,8번 출입구,보수중,EV,2026-08-13 10:25
2630,녹사평,승강기)에스컬레이터-녹사평 내부9,B2-B1,대합실,보수중,ES,2026-08-13 10:25
2643,상월곡,승강기)엘리베이터-상월곡 내부 3호기,B2-B3,월곡 방면1-4,사용가능,EV,2026-08-13 10:25
2645,석계(6),승강기)에스컬레이터-석계(6) 내부1,B3-B2,돌곶이 방면1-1,보수중,ES,2026-08-13 10:25
2645,석계(6),승강기)에스컬레이터-석계(6) 내부6,B1-BM1,3번 출입구 방면,사용가능,ES,2026-08-13 10:25
2646,태릉입구(6),승강기)에스컬레이터-태릉입구(6) 내부8,B2-B3,환승통로(화랑대 방면1-1),보수중,ES,2026-08-13 10:25
2712,도봉산(7),승강기)엘리베이터-도봉산(7) 외부2,1F-2F,수락산 방면1-4,보수중,EV,2026-08-13 10:25
2718,공릉,승강기)에스컬레이터-공릉 1번 출입구 7호기,B1-1F,1번 출입구,보수중,ES,2026-08-13 10:25
2732,강남구청(7),승강기)에스컬레이터-강남구청(7) 내부 2호기,B2-B1,대합실(1~4번 출입구 방면),보수중,ES,2026-08-13 10:25
2734,논현,승강기)에스컬레이터-논현 내부 8호기,BM1-B1,"대합실(9,10번 출입구)",보수중,ES,2026-08-13 10:25
2736,고속터미널(7),승강기)에스컬레이터-고속터미널(7) 내부 12호기,B2-B1,대합실(3번 출입구),보수중,ES,2026-08-13 10:25
2736,고속터미널(7),승강기)에스컬레이터-고속터미널(7) 내부 21호기,B1-BM1,"4,5,6번 출입구 방면 통로",보수중,ES,2026-08-13 10:25
2737,내방,승강기)에스컬레이터-내방 6번 출입구 외부 6호기,1F-BM1,6번 출입구,보수중,ES,2026-08-13 10:25
2746,대림(7),승강기)에스컬레이터-대림(7) 내부 1호기,B1-B2,신풍 방면8-4,보수중,ES,2026-08-13 10:25
2748,가산디지털단지(7),승강기)에스컬레이터-가산디지털단지역 6번출입구 E/S 1200형 19호기,B3-B1,6번 출입구,보수중,ES,2026-08-13 10:25
2750,광명사거리,승강기)에스컬레이터-광명사거리역 9번출구 2호기,1F-B1,9번 출입구,보수중,ES,2026-08-13 10:25
2751,천왕,승강기)에스컬레이터-천왕 외부 4호기,1F-B1,1번 출입구,보수중,ES,2026-08-13 10:25
2752,온수(7),승강기)에스컬레이터-온수(7) 내부 13호기,1F-B1,환승통로(1호선 오류동 방면),보수중,ES,2026-08-13 10:25
2752,온수(7),승강기)에스컬레이터-온수(7) 내부 2호기,B1-B2,천왕 방면8-4,보수중,ES,2026-08-13 10:25
2819,문정,승강기)엘리베이터-문정 내부 1호기,B2-B1,가락시장 방면3-4,보수중,EV,2026-08-13 10:25
2821,복정(8),승강기)엘리베이터-복정(8) 내부 1호기,B3-B2-B1,"장지 방면3-4, 남위례 방면3-4",보수중,EV,2026-08-13 10:25
2823,남한산성입구,승강기)에스컬레이터-남한산성입구 1번 출입구 외부 2호기,1F-B1,1번 출입구,보수중,ES,2026-08-13 10:25
2825,신흥,승강기)엘리베이터-신흥 내부 2호기,B2-B1,수진 방면3-4,보수중,EV,2026-08-13 10:25
0215,잠실나루,승강기)에스컬레이터-잠실나루 내부 1호기,F3-지상,"대합실(2,3번 출입구)",보수중,ES,2026-08-14 10:25
0224,서초,승강기)에스컬레이터-서초 3번출구 상행 4,B1-1F,3번 출입구,보수중,ES,2026-08-14 10:25
0235,문래,승강기)에스컬레이터-문래 2번출구 상행4,B1-1F,2번 출입구,보수중,ES,2026-08-14 10:25
0239,홍대입구(2),승강기)에스컬레이터-홍대입구 외선(4-1) 2호기,B3-B2,"합정 방면4-1, 신촌 방면7-4",보수중,ES,2026-08-14 10:25
0420,혜화,승강기)에스컬레이터-혜화 3번출구 하행3,1F-B1,3번 출입구,사용가능,ES,2026-08-14 10:25
2515,마곡,승강기)에스컬레이터-마곡 4번 출입구 외부 10호기,1F-B1,4번 출입구,보수중,ES,2026-08-14 10:25
2515,마곡,승강기)에스컬레이터-마곡 5번 출입구 외부 12호기,1F-B1,5번 출입구,보수중,ES,2026-08-14 10:25
2519,까치산(5),승강기)에스컬레이터-까치산 외부11,1F-B1,3번 출입구,보수중,ES,2026-08-14 10:25
2520,신정,승강기)에스컬레이터-신정 내부6,B1-B2,"대합실(1,4,5번 출입구 방향)",보수중,ES,2026-08-14 10:25
2522,오목교,승강기)에스컬레이터-오목교 내부5,B2-B1,"대합실(1,3출입구방향 통로)",보수중,ES,2026-08-14 10:25
2525,영등포시장,승강기)에스컬레이터-영등포시장 외부8,1F-B1,2번 출입구,보수중,ES,2026-08-14 10:25
2543,답십리,승강기)엘리베이터-답십리 외부3,B2-1F,2번 출입구,사용가능,EV,2026-08-14 10:25
2566,하남검단산,승강기)에스컬레이터-하남검단산역 내부 3호기,B3-B2,하남검단산 방면7-1,보수중,ES,2026-08-14 10:25
2613,불광(6),승강기)에스컬레이터-불광(6) 내부9,BM1-B1,대합실,사용가능,ES,2026-08-14 10:25
2632,한강진,승강기)에스컬레이터-한강진 내부2,B1-B3,대합실,사용가능,ES,2026-08-14 10:25
2636,신당(6),승강기)에스컬레이터-신당(6) 내부 3,B1-B3,"청구 방면2-2, 동묘앞 방면7-3",보수중,ES,2026-08-14 10:25
2645,석계(6),승강기)에스컬레이터-석계(6) 외부8,B1-1F,4번 출입구,사용가능,ES,2026-08-14 10:25
2724,사가정,승강기)에스컬레이터-사가정 1번 출입구 외부 3호기,1F-B1,1번 출입구,보수중,ES,2026-08-14 10:25
0151,시청(1),승강기)에스컬레이터-시청(1) 1번출구 3호기,B1-1F,1번 출입구,보수중,ES,2026-08-15 09:55
0154,종로5가,"승강기)엘리베이터-종로5가 8,9번 출입구 외부#1",B1-1F,"8,9번 출입구 사이",보수중,EV,2026-08-15 09:55
0159,동묘앞(1),승강기)에스컬레이터-동묘앞(1) 3번출구 12호기,B1-1F,3번 출입구,보수중,ES,2026-08-15 09:55
0201,시청(2),승강기)엘리베이터-시청(2) 섬식(외) 6-2 내부#1,B3-B2-B1,"충정로 방면6-2, 을지로입구 방면5-3",보수중,EV,2026-08-15 09:55
0210,뚝섬,승강기)에스컬레이터-뚝섬 5번 출구 2호기,2F-1F,5번 출입구,보수중,ES,2026-08-15 09:55
0211,성수,승강기)에스컬레이터-성수 1번출구 1호기,1F-2F,1번 출입구,보수중,ES,2026-08-15 09:55
0211,성수,승강기)에스컬레이터-성수 1번출구 2호기,2F-1F,1번 출입구,보수중,ES,2026-08-15 09:55
0221,역삼,승강기)에스컬레이터-역삼 4번출구 12호기,B1-1F,4번 출입구,보수중,ES,2026-08-15 09:55
0224,서초,"승강기)에스컬레이터-서초 3,4번출구 상행8",B1-1F,"3,4번 출입구",보수중,ES,2026-08-15 09:55
0226,사당(2),승강기)에스컬레이터-사당(2) 5번출구 12호기,B1-1F,5번 출입구,보수중,ES,2026-08-15 09:55
0235,문래,승강기)에스컬레이터-문래 1번출구 상행2,B1-1F,1번 출입구,보수중,ES,2026-08-15 09:55
0238,합정(2),승강기)에스컬레이터-합정(2) 2번출구 4호기,B2-1F,2번 출입구,보수중,ES,2026-08-15 09:55
0239,홍대입구(2),승강기)엘리베이터-홍대입구 8번 출구측 외부#1,B1-1F,8번 출입구,보수중,EV,2026-08-15 09:55
0250,용두,승강기)에스컬레이터-용두 5번출구 12호기,B2-1F,5번 출입구,보수중,ES,2026-08-15 09:55
0318,안국,승강기)엘리베이터-안국 6번 출구측 외부#1,B2-1F,6번 출입구,보수중,EV,2026-08-15 09:55
0322,동대입구,승강기)에스컬레이터-동대입구 5번출구 하행 3,1F-B1,5번 출입구,보수중,ES,2026-08-15 09:55
0324,금호,승강기)에스컬레이터-금호 3번출구 하행3,1F-B1,2번 출입구,보수중,ES,2026-08-15 09:55
0326,압구정,승강기)에스컬레이터-압구정 5번출구 상행3,B1-1F,1번 출입구,보수중,ES,2026-08-15 09:55
0334,도곡(3),승강기)에스컬레이터-도곡 내부 1호기,B2-B4,매봉 방면4-1,보수중,ES,2026-08-15 09:55
0413,쌍문,승강기)에스컬레이터-쌍문 2번출구 하행3,1F-B1,2번 출입구,보수중,ES,2026-08-15 09:55
0429,신용산,승강기)에스컬레이터-신용산 5번출구 1호기,1F-B1,5번 출입구,보수중,ES,2026-08-15 09:55
0432,총신대입구(4),승강기)에스컬레이터-총신대입구 1번출구 3호기,1F-B1,1번 출입구,보수중,ES,2026-08-15 09:55
2535,종로3가(5),승강기)에스컬레이터-종로3가(5) 내부 10호기,B1-1F,4번 출입구,보수중,ES,2026-08-15 09:55
2536,을지로4가(5),승강기)에스컬레이터-을지로4가 내부1,B2-B4,대합실(아이센터 측),보수중,ES,2026-08-15 09:55
2539,신금호,승강기)에스컬레이터-신금호역 내부  1호기,B8-B5,"행당 방면3-4, 청구 방면5-3",보수중,ES,2026-08-15 09:55
2562,강일,승강기)에스컬레이터-강일역 2번 출입구 12호기,1F-B1,2번 출입구,보수중,ES,2026-08-15 09:55
2565,하남시청,승강기)에스컬레이터-하남시청역 내부 3호기,B2-B1,하남검단산 방면6-2,보수중,ES,2026-08-15 09:55
2621,마포구청,승강기)에스컬레이터-마포구청 12,BM1-1F,8번 출입구,보수중,ES,2026-08-15 09:55
2623,합정(6),승강기)에스컬레이터-합정(6) 내부 3호기,B4-B3,상수 방면6-1,보수중,ES,2026-08-15 09:55
2623,합정(6),승강기)에스컬레이터-합정(6) 내부 5호기,B3-B2,환승통로(2호선 방면),사용가능,ES,2026-08-15 09:55
2624,상수,승강기)에스컬레이터-상수 내부5,BM1-B1,"1,2번 출입구",보수중,ES,2026-08-15 09:55
2630,녹사평,승강기)에스컬레이터-녹사평 내부6,B4-B2,대합실,보수중,ES,2026-08-15 09:55
2648,봉화산,승강기)에스컬레이터-봉화산 외부3,1F-B1,3번 출입구,보수중,ES,2026-08-15 09:55
2715,노원(7),승강기)에스컬레이터-노원(7) 내부 9호기,2F-BM1,환승통로(4호선 방면),보수중,ES,2026-08-15 09:55
2717,하계,승강기)에스컬레이터-하계 2번 출입구 외부 1호기,BM1-1F,2번 출입구,사용가능,ES,2026-08-15 09:55
2722,상봉(7),승강기)엘리베이터-상봉(7) 외부5,B1-1F,3번 출입구,보수중,EV,2026-08-15 09:55
2724,사가정,승강기)에스컬레이터-사가정 1번 출입구 외부 4호기,B1-1F,1번 출입구,보수중,ES,2026-08-15 09:55
2731,청담,승강기)에스컬레이터-청담 9번 출입구 외부 15호기,1F-B1,9번 출입구,보수중,ES,2026-08-15 09:55
2738,이수(7),승강기)에스컬레이터-이수(7) 내부 3호기,B3-B4,대합실(환승구간 방면),보수중,ES,2026-08-15 09:55
2813,강동구청,승강기)에스컬레이터-강동구청 내부 3호기,B1-BM1,1번 출입구,보수중,ES,2026-08-15 09:55
2814,몽촌토성,승강기)에스컬레이터-몽촌토성 5번 출입구 7호기,BM1-1F,5번 출입구,보수중,ES,2026-08-15 09:55
2814,몽촌토성,승강기)엘리베이터-몽촌토성 내부 1호기,B3-B2,강동구청 방면3-4,보수중,EV,2026-08-15 09:55
2821,복정(8),승강기)에스컬레이터-복정(8) 1-1번 출입구 4호기,BM1-1F,1-1번 출입구,보수중,ES,2026-08-15 09:55
2821,복정(8),승강기)에스컬레이터-복정(8) 2번 출입구 2호기,1F-BM1,2번 출입구,보수중,ES,2026-08-15 09:55
2821,복정(8),승강기)에스컬레이터-복정(8) 내부 1호기,B2-B1,"장지 방면5-2, 남위례 방면2-2",보수중,ES,2026-08-15 09:55
2824,단대오거리,승강기)에스컬레이터-단대오거리 1번 출입구 외부 1호기,B1-1F,1번 출입구,보수중,ES,2026-08-15 09:55
0216,잠실(2),승강기)에스컬레이터-잠실 5번출구 상행2,B1-1F,5번 출입구,보수중,ES,2026-08-16 09:58
0218,종합운동장(2),승강기)엘리베이터-종합운동장 외선 2-4 내부#1,B2-B1,잠실새내 방면2-4,보수중,EV,2026-08-16 09:58
0240,신촌,승강기)에스컬레이터-신촌 6번출구4,B1-1F,6번 출입구,보수중,ES,2026-08-16 09:58
0327,신사,승강기)에스컬레이터-신사 5번출구 하행5,1F-B1,5번 출입구,보수중,ES,2026-08-16 09:58
0411,노원(4),승강기)에스컬레이터-노원(4) 내부 3호기,3F-2F,2번 출입구,보수중,ES,2026-08-16 09:58
0423,충무로(4),승강기)에스컬레이터-충무로(4) 내부 16호기,B2-B1,대합실(명동 방면7-2),보수중,ES,2026-08-16 09:58
2641,고려대,승강기)에스컬레이터-고려대 내부9,B4-B3,안암 방면3-4,사용가능,ES,2026-08-16 09:58
2646,태릉입구(6),승강기)에스컬레이터-태릉입구(6) 내부2,B4-B3,환승통로(7호선 공릉 방면),보수중,ES,2026-08-16 09:58
2715,노원(7),승강기)에스컬레이터-노원(7) 내부 4호기,B1-BM1,환승통로(4호선 방면),보수중,ES,2026-08-16 09:58
2717,하계,승강기)에스컬레이터-하계 2번 출입구 외부 2호기,1F-BM1,2번 출입구,사용가능,ES,2026-08-16 09:58
2719,태릉입구(7),승강기)에스컬레이터-태릉입구(7) 4번 출입구 외부 7호기,1F-B1,4번 출입구,보수중,ES,2026-08-16 09:58
2743,신대방삼거리,승강기)에스컬레이터-신대방삼거리 내부 2호기,B2-B1,"대합실(3,4번 출입구 방면)",보수중,ES,2026-08-16 09:58
2751,천왕,승강기)에스컬레이터-천왕 외부 3호기,B1-1F,1번 출입구,보수중,ES,2026-08-16 09:58
2752,온수(7),승강기)에스컬레이터-온수(7) 내부 7호기,B1-1F,환승통로(1호선 역곡 방면),보수중,ES,2026-08-16 09:58
2822,산성,승강기)엘리베이터-산성 외부 4호기,B1-1F,3번 출입구,사용가능,EV,2026-08-16 09:58
0211,성수,승강기)에스컬레이터-성수 3번출구 6호기,1F-2F,3번 출입구,보수중,ES,2026-08-17 09:56
0219,삼성,승강기)에스컬레이터-삼성 3번 출입구 1호기,1F-B1,3번 출입구,보수중,ES,2026-08-17 09:56
0226,사당(2),승강기)에스컬레이터-사당(2) 14번출구 9호기,1F-B1,14번 출입구,보수중,ES,2026-08-17 09:56
0227,낙성대,승강기)에스컬레이터-낙성대 5번출구5,1F-B1,5번 출입구,보수중,ES,2026-08-17 09:56
0236,영등포구청(2),승강기)에스컬레이터-영등포구청 1번출구 하행1,1F-B1,1번 출입구,보수중,ES,2026-08-17 09:56
0239,홍대입구(2),승강기)에스컬레이터-홍대입구 1번출구 5호기,B2-B3,1번 출입구,보수중,ES,2026-08-17 09:56
0239,홍대입구(2),승강기)에스컬레이터-홍대입구 1번출구 8호기,B2-1F,1번 출입구,보수중,ES,2026-08-17 09:56
0239,홍대입구(2),승강기)에스컬레이터-홍대입구 내선(7-3) 1호기,B2-B3,"신촌 방면7-3, 합정 방면4-2",보수중,ES,2026-08-17 09:56
0250,용두,승강기)에스컬레이터-용두 4번출구 9호기,1F-B2,4번 출입구,보수중,ES,2026-08-17 09:56
0317,경복궁,승강기)에스컬레이터-경복궁 내부 2호기,B3-B2,"독립문 방면2-4, 안국 방면9-1",보수중,ES,2026-08-17 09:56
0319,종로3가(3),승강기)무빙워크-종로3가(3) 5호선연결통로 2,B3-B3,환승통로(5호선 방면),보수중,MW,2026-08-17 09:56
0323,약수(3),승강기)에스컬레이터-약수 5번출구 하행1,1F-B1,5번 출입구,보수중,ES,2026-08-17 09:56
0327,신사,승강기)에스컬레이터-신사 8번출구 하행1,1F-B1,8번 출입구,보수중,ES,2026-08-17 09:56
0329,고속터미널(3),승강기)에스컬레이터-고속터미널 내부 3호기,B3-B2,잠원 방면4-3,보수중,ES,2026-08-17 09:56
0339,수서(3),승강기)에스컬레이터-수서 5번출구 11호기,1F-B1,5번 출입구,보수중,ES,2026-08-17 09:56
0341,경찰병원,승강기)에스컬레이터-경찰병원 1번출구 14호기,B1-1F,1번 출입구,보수중,ES,2026-08-17 09:56
0342,오금(3),승강기)에스컬레이터-오금(3) 내부 2호기,B3-B2,경찰병원 방면2-2,사용가능,ES,2026-08-17 09:56
0415,미아,승강기)에스컬레이터-미아 3번 출입구 2호기,B1-1F,3번 출입구,보수중,ES,2026-08-17 09:56
0423,충무로(4),승강기)에스컬레이터-충무로(4) 3호선환승 19호기,B2-B4,환승통로(을지로3가 방면6-3),보수중,ES,2026-08-17 09:56
2519,까치산(5),승강기)에스컬레이터-까치산 내부4,B5-B1,신정 방면7-2,보수중,ES,2026-08-17 09:56
2542,마장,승강기)에스컬레이터-마장 내부4,B1-BM2,대합실,보수중,ES,2026-08-17 09:56
2565,하남시청,승강)엘리베이터-하남시청역 엘리베이터 4호기,B2-1F,"5,6번 출입구 사이",보수중,EV,2026-08-17 09:56
2624,상수,승강기)엘리베이터-상수 내부1,B2-B3,"합정 방면4-4, 광흥창 방면5-1",보수중,EV,2026-08-17 09:56
2635,청구(6),승강기)엘리베이터-청구(6) 외부4,B1-1F,3번 출입구,보수중,EV,2026-08-17 09:56
2636,신당(6),승강기)에스컬레이터-신당(6) 내부 5,B3-B1,"청구 방면6-1, 동묘앞 방면3-4",보수중,ES,2026-08-17 09:56
2641,고려대,승강기)에스컬레이터-고려대 내부1,B1-B2,"대합실(B1, 아이센터 앞)",보수중,ES,2026-08-17 09:56
2645,석계(6),승강기)에스컬레이터-석계(6) 내부3,B3-B2,돌곶이 방면6-3,보수중,ES,2026-08-17 09:56
2646,태릉입구(6),승강기)에스컬레이터-태릉입구(6) 내부12,B1-BM1,"대합실(B1, 6번 출입구 방면)",보수중,ES,2026-08-17 09:56
2715,노원(7),승강기)에스컬레이터-노원(7) 외부 10호기,B1-1F,3번 출입구,보수중,ES,2026-08-17 09:56
2719,태릉입구(7),승강기)에스컬레이터-태릉입구(7) 내부 3호기,B1-B3,대합실(B3),보수중,ES,2026-08-17 09:56
2736,고속터미널(7),승강기)에스컬레이터-고속터미널(7) 내부 20호기,BM1-B1,"4,5,6번 출입구 방면 통로",보수중,ES,2026-08-17 09:56
2748,가산디지털단지(7),승강기)에스컬레이터-가산디지털단지(7) 내부 12호기,1F-B1,환승통로(1호선 구로 방면),보수중,ES,2026-08-17 09:56
2750,광명사거리,승강기)엘리베이터-광명사거리 내부1,B2-B3,천왕 방면2-1,보수중,EV,2026-08-17 09:56
0150,서울역(1),승강기)에스컬레이터-서울역(1) 4호선연결통로 1호기,B2-B1,연결통로(4호선 방면),보수중,ES,2026-08-18 09:54
0317,경복궁,승강기)에스컬레이터-경복궁 내부 6호기,B2-B1,대합실(E계단),보수중,ES,2026-08-18 09:54
0341,경찰병원,승강기)에스컬레이터-경찰병원 대합실 17호기,1F-B1,"3,4번 출입구 사이",보수중,ES,2026-08-18 09:54
0412,창동(4),승강기)에스컬레이터-창동역 2번 출입구 E/S 1200형 7호기,2F-1F,2번 출입구,사용가능,ES,2026-08-18 09:54
2513,김포공항(5),승강기)에스컬레이터-김포공항 내부5,B3-B2,개화산 방면5-4,보수중,ES,2026-08-18 09:54
2519,까치산(5),승강기)에스컬레이터-까치산 내부1,B1-B5,화곡 방면2-3,보수중,ES,2026-08-18 09:54
2519,까치산(5),승강기)에스컬레이터-까치산 외부10,1F-B1,1번 출입구,보수중,ES,2026-08-18 09:54
2520,신정,승강기)에스컬레이터-신정 내부4,B2-B3,목동 방면8-4,보수중,ES,2026-08-18 09:54
2522,오목교,승강기)에스컬레이터-오목교 내부6,B1-BM1,1번 출입구,보수중,ES,2026-08-18 09:54
2527,여의도(5),승강기)에스컬레이터-여의도 내부2,B3-B1,대합실,보수중,ES,2026-08-18 09:54
2535,종로3가(5),승강기)에스컬레이터-종로3가(5) 내부 2호기,B3-B5,"광화문 방면1-1, 을지로4가 방면8-4",보수중,ES,2026-08-18 09:54
2548,천호(5),승강기)에스컬레이터-천호(5) 외부6,B1-1F,7번 출입구,보수중,ES,2026-08-18 09:54
2562,강일,승강기)에스컬레이터-강일역 4번 출입구 15호기,B2-1F,4번 출입구,보수중,ES,2026-08-18 09:54
2723,면목,승강기)에스컬레이터-면목 3번 출입구 외부 4호기,1F-B1,3번 출입구,보수중,ES,2026-08-18 09:54
2733,학동,승강기)에스컬레이터-학동 내부 9호기,B2-B1,"1,2,9,10번 출입구 방면 통로",보수중,ES,2026-08-18 09:54
0159,동묘앞(1),승강기)에스컬레이터-동묘앞(1) 1번출구 7호기,1F-B1,1번 출입구,보수중,ES,2026-08-19 09:55
0206,신당(2),승강기)엘리베이터-신당 외선 3-4 내부#1,B2-B1,동대문역사문화공원 방면3-4,보수중,EV,2026-08-19 09:55
0208,왕십리(2),승강기)에스컬레이터-왕십리 외선 7-7 하행3,B1-B2,상왕십리 방면7-1,보수중,ES,2026-08-19 09:55
0216,잠실(2),승강기)에스컬레이터-잠실 1번출구 상행4,B1-1F,1번 출입구,보수중,ES,2026-08-19 09:55
0221,역삼,승강기)에스컬레이터-역삼 4번출구 11호기,1F-B1,4번 출입구,보수중,ES,2026-08-19 09:55
0225,방배,승강기)엘리베이터-방배 3번 출구측 외부#1,B1-1F,3번 출입구,보수중,EV,2026-08-19 09:55
0226,사당(2),승강기)에스컬레이터-사당(2) 외선(8-1) 3호기,B1-B2,방배 방면8-1,보수중,ES,2026-08-19 09:55
0226,사당(2),승강기)에스컬레터-사당(2) E/S 1200형 14호기,B1-1F,8번 출입구,보수중,ES,2026-08-19 09:55
0227,낙성대,승강기)에스컬레이터-낙성대 4번출구 상행2,B1-1F,4번 출입구,보수중,ES,2026-08-19 09:55
0230,신림,승강기)에스컬레이터-신림 2번출구 3호기,1F-B1,2번 출입구,보수중,ES,2026-08-19 09:55
0230,신림,승강기)엘리베이터-신림 5번 출구측 외부#2,B1-1F,5번 출입구,보수중,EV,2026-08-19 09:55
0231,신대방,승강기)에스컬레이터-신대방 외선(7-1) 7호기,3F-2F,구로디지털 방면7-1,보수중,ES,2026-08-19 09:55
0234,신도림(2),승강기)에스컬레이터-신도림 내부 2호기,B3-B2,대림 방면7-3,보수중,ES,2026-08-19 09:55
0236,영등포구청(2),승강기)엘리베이터-영등포구청 외선 8-4 내부#1,B2-B1,문래 방면8-4,보수중,EV,2026-08-19 09:55
0240,신촌,승강기)엘리베이터-신촌 4번 출구측 외부#1,B1-1F,4번 출입구,보수중,EV,2026-08-19 09:55
0243,충정로(2),승강기)에스컬레이터-충정로(2) 내부 1호기,B2-B3,"시청 방면7-1, 아현 방면4-4",보수중,ES,2026-08-19 09:55
0248,양천구청,승강기)엘리베이터-양천구청 1번 출구측 외부#1,B1-1F,1번 출입구,보수중,EV,2026-08-19 09:55
0249,신정네거리,"승강기)엘리베이터-신정네거리 2,3번출구측 외부#1",B2-1F,2번 출입구,보수중,EV,2026-08-19 09:55
0249,신정네거리,승강기)엘리베이터-신정네거리 외선 4-1 내부#1,B3-B2,까치산 방면4-1,보수중,EV,2026-08-19 09:55
0316,독립문,승강기)에스컬레이터-독립문 내부 1호기,B2-B3,"무악재 방면4-4, 경복궁 방면7-1",보수중,ES,2026-08-19 09:55
0318,안국,승강기)에스컬레이터-안국 내부 7호기,B2-B3,"대합실(2,3,4,5번 출입구)",보수중,ES,2026-08-19 09:55
0327,신사,승강기)엘리베이터-신사 1번 출구측 외부#1,B1-1F,1번 출입구,보수중,EV,2026-08-19 09:55
0340,가락시장(3),승강기)에스컬레이터-가락시장(3) 내부 12호기,B4-B2,경찰병원 방면5-2,보수중,ES,2026-08-19 09:55
0422,동대문역사문화공원(4),승강기)엘리베이터-동역사(4) 섬식(상)4-4 내부#1,B3-B1,"동대문 방면4-4,혜화 방면6-1",보수중,EV,2026-08-19 09:55
2522,오목교,승강기)에스컬레이터-오목교 내부9,B3-B2,양평 방면3-2,보수중,ES,2026-08-19 09:55
2530,공덕(5),승강기)에스컬레이터-공덕 외부10,B1-1F,4번 출입구,보수중,ES,2026-08-19 09:55
2544,장한평,승강기)에스컬레이터-장한평 내부2,B2-B1,대합실,보수중,ES,2026-08-19 09:55
2552,명일,승강기)에스컬레이터-명일 외부1,B1-1F,4번 출입구,보수중,ES,2026-08-19 09:55
2566,하남검단산,승강기)에스컬레이터-하남검단산역 3번 출입구 17호기,B2-1F,3번 출입구,보수중,ES,2026-08-19 09:55
2628,효창공원앞(6),승강기)에스컬레이터-효창공원앞(6) 내부5,B3-B2,"공덕 방면6-4, 삼각지 방면3-1",보수중,ES,2026-08-19 09:55
2646,태릉입구(6),승강기)에스컬레이터-태릉입구(6) 외부10,1F-B1,7번 출입구,보수중,ES,2026-08-19 09:55
2648,봉화산,승강기)에스컬레이터-봉화산 내부2,B2-B1,신내 방면1-1,보수중,ES,2026-08-19 09:55
2717,하계,승강기)에스컬레이터-하계 3번 출입구 외부 6호기,1F-B1,3번 출입구,보수중,ES,2026-08-19 09:55
2722,상봉(7),승강기)에스컬레이터-상봉(7) 2번 출입구 외부 4호기,B1-1F,2번 출입구,보수중,ES,2026-08-19 09:55
2723,면목,승강기)에스컬레이터-면목 내부 1호기,B1-B3,대합실,보수중,ES,2026-08-19 09:55
2725,용마산,승강기)에스컬레이터-용마산 1번 출입구 외부 6호기,1F-BM1,1번 출입구,보수중,ES,2026-08-19 09:55
2725,용마산,승강기)에스컬레이터-용마산 3번 출입구 외부 8호기,1F-B1,3번 출입구,보수중,ES,2026-08-19 09:55
2728,어린이대공원,승강기)에스컬레이터-어린이대공원 1번 출입구 외부 6호기,1F-B1,1번 출입구,보수중,ES,2026-08-19 09:55
2729,건대입구(7),승강기)에스컬레이터-건대입구(7) 내부 7호기,B2-B1,어린이대공원 방면6-4,보수중,ES,2026-08-19 09:55
2736,고속터미널(7),승강기)에스컬레이터-고속터미널(7) 내부 2호기,B2-B3,반포 방면2-4,보수중,ES,2026-08-19 09:55
2744,보라매,승강기)엘리베이터-보라매 외부2,B1-1F,6번 출입구,보수중,EV,2026-08-19 09:55
2747,남구로,승강기)엘리베이터-남구로 외부 3호기,B1-1F,1번 출입구,보수중,EV,2026-08-19 09:55
2749,철산,승강기)엘리베이터-철산 외부3,B1-1F,1번 출입구,보수중,EV,2026-08-19 09:55
2751,천왕,승강기)엘리베이터-천왕 내부2,B1-B2,온수 방면4-4,보수중,EV,2026-08-19 09:55
2752,온수(7),승강기)에스컬레이터-온수(7) 내부 3호기,B2-B1,까치울 방면8-4,보수중,ES,2026-08-19 09:55
2752,온수(7),승강기)엘리베이터-온수(7) 외부3,B1-1F,2번 출입구,보수중,EV,2026-08-19 09:55
2813,강동구청,승강기)에스컬레이터-강동구청 내부 2호기,B1-B2,대합실(B2-B1),보수중,ES,2026-08-19 09:55
2813,강동구청,승강기)에스컬레이터-강동구청 내부 4호기,B1-BM1,2번 출입구,보수중,ES,2026-08-19 09:55
2822,산성,승강기)에스컬레이터-산성 2번 출입구 12호기,BM1-1F,2번 출입구,보수중,ES,2026-08-19 09:55
2822,산성,승강기)에스컬레이터-산성 내부 1200형 9호기,B1-B2,대합실,보수중,ES,2026-08-19 09:55
2828,남위례,승강기)에스컬레이터-남위례 내부 5호기,3F-2F,산성 방면5-1,보수중,ES,2026-08-19 09:55
0159,동묘앞(1),승강기)엘리베이터-동묘앞 상행 10-3 내부#2,B2-BM2-B1,신설동 방면10-3,보수중,EV,2026-08-20 09:55
0210,뚝섬,승강기)에스컬레이터-뚝섬 2번 출구 4호기,2F-1F,2번 출입구,보수중,ES,2026-08-20 09:55
0221,역삼,승강기)에스컬레이터-역삼 3번출구 9호기,1F-B1,3번 출입구,보수중,ES,2026-08-20 09:55
0228,서울대입구,승강기)에스컬레이터-서울대입구 외선(9-1) 4호기,B1-B2,"봉천 방면2-4, 낙성대 방면8-4",보수중,ES,2026-08-20 09:55
0232,구로디지털단지,승강기)에스컬레이터-구로디지털단지 3번출구 하행2,2F-1F,3번 출입구,보수중,ES,2026-08-20 09:55
0233,대림(2),승강기)에스컬레이터-대림 5번출구 상행6,1F-2F,5번 출입구,보수중,ES,2026-08-20 09:55
0233,대림(2),승강기)엘리베이터-대림 외선 3-2 내부#1,1F-2F,구로디지털단지역 방면 3-2,보수중,EV,2026-08-20 09:55
0317,경복궁,승강기)에스컬레이터-경복궁 3-1번출구 9호기,1F-B1,3-1번 출입구,사용가능,ES,2026-08-20 09:55
0339,수서(3),승강기)엘리베이터-수서 5번출구측 외부#2,B1-1F,5번 출입구,보수중,EV,2026-08-20 09:55
0341,경찰병원,승강기)에스컬레이터-경찰병원 승강장(5-3) 9호기,B1-B2,오금 방면5-3,보수중,ES,2026-08-20 09:55
0415,미아,승강기)에스컬레이터-미아 6번 출입구 5호기,1F-B1,6번 출입구,보수중,ES,2026-08-20 09:55
0423,충무로(4),승강기)에스컬레이터-충무로(4) 내부 2호기,B3-B2,동대문역사문화공원 방면4-2,보수중,ES,2026-08-20 09:55
0434,남태령,승강기)에스컬레이터-남태령 내부(3-2) 1호기,B2-B3,"사당 방면8-3,선바위 방면3-2",보수중,ES,2026-08-20 09:55
2527,여의도(5),승강기)에스컬레이터-여의도 내부1,B1-B3,대합실,보수중,ES,2026-08-20 09:55
2554,상일동,승강기)에스컬레이터-상일동 2번 출입구 외부 5호기,B1-1F,2번 출입구,보수중,ES,2026-08-20 09:55
2554,상일동,승강기)에스컬레이터-상일동 7번 출입구 외부 15호기,B1-1F,7번 출입구,보수중,ES,2026-08-20 09:55
2617,새절,승강기)엘리베이터-새절 외부2,B1-1F,1번 출입구,보수중,EV,2026-08-20 09:55
2633,버티고개,승강기)에스컬레이터-버티고개 내부 1호기,B2-B3,대합실,보수중,ES,2026-08-20 09:55
2639,보문(6),승강기)엘리베이터-보문(6) 내부1,B2-B3,"창신 방면4-4 , 안암 방면5-1",보수중,EV,2026-08-20 09:55
2643,상월곡,승강기)에스컬레이터-상월곡 내부3,B2-B1,2번 출입구 방면(B1),보수중,ES,2026-08-20 09:55
2646,태릉입구(6),승강기)에스컬레이터-태릉입구(6) 내부4,B4-B3,환승통로(7호선 먹골 방면),보수중,ES,2026-08-20 09:55
2719,태릉입구(7),승강기)에스컬레이터-태릉입구(7) 내부 2호기,B3-B1,대합실(B3),보수중,ES,2026-08-20 09:55
2818,가락시장(8),승강기)엘리베이터-가락시장(8) 내부 4호기,B3-B2,환승통로(문정 방면1-1),보수중,EV,2026-08-20 09:55
0159,동묘앞(1),승강기)에스컬레이터-동묘앞(1) 2번출구 9호기,1F-B1,2번 출입구,보수중,ES,2026-08-21 09:58
0201,시청(2),승강기)에스컬레이터-시청(2) 내부화장실 근접 6호기,B2-B1,환승통로(1호선 방면 내부화장실 근접),보수중,ES,2026-08-21 09:58
0203,을지로3가(2),승강기)엘리베이터-을지로3가(2) 내선 3-2 내부#2,B2-B1,을지로4가 방면3-2,보수중,EV,2026-08-21 09:58
0206,신당(2),승강기)에스컬레이터-신당(2) 3번출구 1호기,1F-B1,3번 출입구,보수중,ES,2026-08-21 09:58
0213,구의,승강기)에스컬레이터-구의 3번 출입구 하행8,B1-1F,3번 출입구,사용가능,ES,2026-08-21 09:58
0228,서울대입구,승강기)에스컬레이터-서울대입구 3번출구 6호기,B1-1F,3번 출입구,보수중,ES,2026-08-21 09:58
0239,홍대입구(2),승강기)에스컬레이터-홍대입구 2번출구 3호기,1F-B2,2번 출입구,보수중,ES,2026-08-21 09:58
0250,용두,승강기)엘리베이터-용두 외선 1-1 내부#1,B2-B1,신설동 방면4-3,사용가능,EV,2026-08-21 09:58
0324,금호,승강기)에스컬레이터-금호 2번출구 하행1,1F-B1,3번 출입구,보수중,ES,2026-08-21 09:58
0423,충무로(4),승강기)에스컬레이터-충무로(4) 5번 출입구 23호기,B1-1F,(1F) 5번 출입구 근처,보수중,ES,2026-08-21 09:58
0429,신용산,승강기)에스컬레이터-신용산 4번출구 4호기,B1-1F,4번 출입구,보수중,ES,2026-08-21 09:58
2515,마곡,승강기)에스컬레이터-마곡 외부4,1F-B1,7번 출입구,보수중,ES,2026-08-21 09:58
2519,까치산(5),승강기)에스컬레이터-까치산 내부3,B1-B5,신정 방면7-2,보수중,ES,2026-08-21 09:58
2520,신정,승강기)에스컬레이터-신정 외부9,1F-BM2,1번 출입구,보수중,ES,2026-08-21 09:58
2525,영등포시장,승강기)에스컬레이터-영등포시장 내부4,B1-B2,대합실,보수중,ES,2026-08-21 09:58
2525,영등포시장,승강기)에스컬레이터-영등포시장 내부5,B2-B3,대합실,보수중,ES,2026-08-21 09:58
2530,공덕(5),승강기)에스컬레이터-공덕 내부4,B2-B3,"마포 방면1-1, 애오개 방면8-4",보수중,ES,2026-08-21 09:58
2532,충정로(5),승강기)에스컬레이터-충정로(5) 내부 3호기,B2-B4,대합실,보수중,ES,2026-08-21 09:58
2541,왕십리(5),승강기)에스컬레이터-왕십리 내부2,B2-B4,지하철경찰대 측(지하4층),보수중,ES,2026-08-21 09:58
2545,군자(5),승강기)에스컬레이터-군자역 8번출입구 E/S 1200형 8호기,1F-B1,8번 출입구,보수중,ES,2026-08-21 09:58
2548,천호(5),승강기)에스컬레이터-천호(5) 외부10,B1-1F,9번 출입구,보수중,ES,2026-08-21 09:58
2548,천호(5),승강기)에스컬레이터-천호(5) 외부7,1F-B1,8번 출입구,보수중,ES,2026-08-21 09:58
2548,천호(5),승강기)에스컬레이터-천호(5) 외부8,B1-1F,8번 출입구,보수중,ES,2026-08-21 09:58
2555,둔촌동,승강기)엘리베이터-둔촌동 2번 출구측 4,B1-1F,2번 출입구,사용가능,EV,2026-08-21 09:58
2558,오금(5),승강기)엘리베이터-오금(5) 외부5,B1-1F,5번 출입구,사용가능,EV,2026-08-21 09:58
2565,하남시청,승강기)에스컬레이터-하남시청역 내부 13호기,B1-M1,"대합실(1,2번 출입구)",보수중,ES,2026-08-21 09:58
2616,구산,승강기)에스컬레이터-구산 3번출입구 3호기,B1-1F,3번 출입구,보수중,ES,2026-08-21 09:58
2620,월드컵경기장,승강기)에스컬레이터-월드컵경기장 외부1,B1-1F,3번 출입구,보수중,ES,2026-08-21 09:58
2620,월드컵경기장,승강기)에스컬레이터-월드컵경기장 외부5,1F-B1,2번 출입구,보수중,ES,2026-08-21 09:58
2629,삼각지(전쟁기념관)(6),승강기)엘리베이터-삼각지(6) 외부4,B3-1F,12번 출입구,사용가능,EV,2026-08-21 09:58
2634,약수(6),승강기)에스컬레이터-약수(6) 내부2,B3-B2,환승통로(3호선 방면),사용가능,ES,2026-08-21 09:58
2635,청구(6),승강기)에스컬레이터-청구(6) 내부8,BM1-B1,3번 출입구,보수중,ES,2026-08-21 09:58
2640,안암,승강기)에스컬레이터-안암 내부5,B2-B1,대합실,보수중,ES,2026-08-21 09:58
2647,화랑대,승강기)에스컬레이터-화랑대 외부1,1F-B1,3번 출입구,보수중,ES,2026-08-21 09:58
2648,봉화산,승강기)에스컬레이터-봉화산 내부1,B1-B2,화랑대 방면8-4,보수중,ES,2026-08-21 09:58
2715,노원(7),승강기)에스컬레이터-노원(7) 내부 1호기,B3-B1,"마들 방면1-1, 중계 방면8-4",보수중,ES,2026-08-21 09:58
2717,하계,승강기)에스컬레이터-하계 3번 출입구 외부 5호기,B1-1F,3번 출입구,보수중,ES,2026-08-21 09:58
2724,사가정,승강기)에스컬레이터-사가정 4번 출입구 외부 7호기,1F-B1,4번 출입구,보수중,ES,2026-08-21 09:58
2725,용마산,승강기)에스컬레이터-용마산 내부 4호기,B1-BM1,대합실,보수중,ES,2026-08-21 09:58
2733,학동,승강기)에스컬레이터-학동 1번 출입구 외부 6호기,1F-B1,1번 출입구,보수중,ES,2026-08-21 09:58
2734,논현,승강기)에스컬레이터-논현 내부 6호기,B1-BM1,"대합실(1,2번 출입구)",보수중,ES,2026-08-21 09:58
2734,논현,승강기)에스컬레이터-논현 외부 2번 출입구 13호기,BM1-1F,2번 출입구,보수중,ES,2026-08-21 09:58
2736,고속터미널(7),승강기)에스컬레이터-고속터미널(7) 내부 5호기,B3-B2,반포 방면4-4,보수중,ES,2026-08-21 09:58
2738,이수(7),승강기)에스컬레이터-이수(7) 6번 출입구 14호기,1F-B1,6번 출입구,보수중,ES,2026-08-21 09:58
2814,몽촌토성,승강기)에스컬레이터-몽촌토성 5번 출입구 8호기,1F-BM1,5번 출입구,보수중,ES,2026-08-21 09:58
2818,가락시장(8),승강기)에스컬레이터-가락시장(8) 내부 4호기,B2-B3,환승통로(문정 방면1-1),보수중,ES,2026-08-21 09:58
2819,문정,승강기)에스컬레이터-문정 외부 4번 출입구 7호기,M1-1F,4번 출입구,보수중,ES,2026-08-21 09:58
2823,남한산성입구,승강기)에스컬레이터-남한산성입구 내부 3호기,B1-B2,대합실,보수중,ES,2026-08-21 09:58
0249,신정네거리,승강기)에스컬레이터-신정네거리 1번출구 2호기,B1-1F,1번 출입구,보수중,ES,2026-08-22 09:55
0335,대치,승강기)에스컬레이터-대치 내부 4호기,B3-B2,"도곡 방면10-4, 학여울 방면1-1",보수중,ES,2026-08-22 09:55
2515,마곡,승강기)엘리베이터-마곡 외부3,B1-1F,1번 출입구,보수중,EV,2026-08-22 09:55
2526,신길(5),승강기)에스컬레이터-신길 내부 7호기,B3-B4,영등포시장 방면7-3,보수중,ES,2026-08-22 09:55
2535,종로3가(5),승강기)에스컬레이터-종로3가(5) 내부 4호기,B1-B3,"대합실(4,5번 출입구 사이)",보수중,ES,2026-08-22 09:55
2563,미사,승강기)에스컬레이터-미사 내부 13호기,B1-1F,5번 출입구,보수중,ES,2026-08-22 09:55
2563,미사,승강기)에스컬레이터-미사 내부 15호기,B1-1F,6번 출입구,보수중,ES,2026-08-22 09:55
2563,미사,승강기)에스컬레이터-미사 내부 5호기,B2-B1,하남풍산 방면3-4,보수중,ES,2026-08-22 09:55
2564,하남풍산,승강기)에스컬레이터-하남풍산 내부 2호기,B1-B2,미사 방면3-3,보수중,ES,2026-08-22 09:55
2733,학동,승강기)엘리베이터-학동 외부3,B2-1F,3번 출입구,보수중,EV,2026-08-22 09:55
2736,고속터미널(7),승강기)에스컬레이터-고속터미널(7) 내부 15호기,B2-B1,대합실(4~6번 출입구 방면),보수중,ES,2026-08-22 09:55
2740,숭실대입구,승강기)에스컬레이터-숭실대입구 1번 출입구 외부 7호기,B1-1F,1번 출입구,보수중,ES,2026-08-22 09:55
2752,온수(7),승강기)에스컬레이터-온수(7) 내부 8호기,1F-B1,환승통로(1호선 오류동 방면),보수중,ES,2026-08-22 09:55
0213,구의,승강기)에스컬레이터-구의 4번출구 하행3,1F-2F,4번 출입구,보수중,ES,2026-08-23 09:59
0317,경복궁,승강기)에스컬레이터-경복궁 내부 7호기,B1-B2,대합실(H계단),보수중,ES,2026-08-23 09:59
0319,종로3가(3),승강기)무빙워크-종로3가(3) 1호선연결통로 1,B3-B3,환승통로(1호선 방면),보수중,MW,2026-08-23 09:59
0326,압구정,승강기)에스컬레이터-압구정 3번 출입구 7호기,BM1-1F,3번 출입구,보수중,ES,2026-08-23 09:59
0327,신사,승강기)에스컬레이터-신사 5번출구 상행4,B1-1F,5번 출입구,보수중,ES,2026-08-23 09:59
0339,수서(3),승강기)에스컬레이터-수서 2번출구 3호기,1F-B1,2번 출입구,보수중,ES,2026-08-23 09:59
0340,가락시장(3),승강기)에스컬레이터-가락시장(3) 내부 2호기,B4-B2,수서 방면4-4,보수중,ES,2026-08-23 09:59
0342,오금(3),승강기)에스컬레이터-오금 2번출구 15호기,B1-1F,2번 출입구,보수중,ES,2026-08-23 09:59
2513,김포공항(5),승강기)에스컬레이터-김포공항 내부7,B3-B2,송정 방면5-4,보수중,ES,2026-08-23 09:59
2515,마곡,승강기)엘리베이터-마곡 4번 출입구 외부 6호기,B1-1F,"4,5번 출입구 사이",보수중,EV,2026-08-23 09:59
2517,우장산,승강기)에스컬레이터-우장산 외부2,B1-1F,2번 출입구,보수중,ES,2026-08-23 09:59
2528,여의나루,승강기)에스컬레이터-여의나루 내부9,BM1-B1,대합실,보수중,ES,2026-08-23 09:59
2546,아차산,승강기)에스컬레이터-아차산 외부6,1F-B1,3번 출입구,보수중,ES,2026-08-23 09:59
2554,상일동,승강기)에스컬레이터-상일동 2번 출입구 외부 6호기,1F-B1,2번 출입구,보수중,ES,2026-08-23 09:59
2554,상일동,승강기)에스컬레이터-상일동 5번 출입구 외부 11호기,B1-1F,5번 출입구,보수중,ES,2026-08-23 09:59
2562,강일,승강기)에스컬레이터-강일역 2번 출입구 11호기,B1-1F,2번 출입구,보수중,ES,2026-08-23 09:59
2624,상수,승강기)에스컬레이터-상수 내부7,BM1-B1,"3,4번 출입구",보수중,ES,2026-08-23 09:59
2636,신당(6),승강기)에스컬레이터-신당(6) 외부 7,1F-B1,10번 출입구,보수중,ES,2026-08-23 09:59
2637,동묘앞(6),승강기)에스컬레이터-동묘앞(6) 외부10,BM1-1F,8번 출입구,보수중,ES,2026-08-23 09:59
2738,이수(7),승강기)에스컬레이터-이수(7) 내부 6호기,B2-B3,환승통로 (4호선 동작 방면),보수중,ES,2026-08-23 09:59
2740,숭실대입구,승강기)에스컬레이터-숭실대입구 내부 4호기,B2-B1,대합실(1~4번 출입구방면),보수중,ES,2026-08-23 09:59
2740,숭실대입구,승강기)엘리베이터-숭실대입구 외부4,B2-1F,3번 출입구,보수중,EV,2026-08-23 09:59
2824,단대오거리,승강기)엘리베이터-단대오거리 외부 3호기,B1-1F,4번 출입구,보수중,EV,2026-08-23 09:59
2827,모란(8),승강기)엘리베이터-모란(8) 외부 3호기,B1-1F,11번 출입구,보수중,EV,2026-08-23 09:59
0159,동묘앞(1),승강기)에스컬레이터-동묘앞(1) 청량리방향(9-1) 1호기,B2-B3,신설동 방면9-1,보수중,ES,2026-08-24 09:57
0207,상왕십리,승강기)에스컬레이터-상왕십리 1-1번출구 5호기,B1-1F,1-1번 출입구,보수중,ES,2026-08-24 09:57
0207,상왕십리,승강기)에스컬레이터-상왕십리 1번출구 4호기,B2-B1,1번 출입구,보수중,ES,2026-08-24 09:57
0208,왕십리(2),승강기)에스컬레이터-왕십리 내선 3-1 하행7,B1-B2,한양대 방면3-1,보수중,ES,2026-08-24 09:57
0239,홍대입구(2),승강기)에스컬레이터-홍대입구 2번출구 4호기,B2-1F,2번 출입구,보수중,ES,2026-08-24 09:57
0332,양재(3),승강기)에스컬레이터-양재 5번출구 상행2,B1-1F,5번 출입구,보수중,ES,2026-08-24 09:57
0337,대청,승강기)에스컬레이터-대청 6번출구 상행2,B1-1F,6번 출입구,보수중,ES,2026-08-24 09:57
0428,삼각지(전쟁기념관)(4),승강기)엘리베이터-삼각지(4) 3번출구측 외부#3,B1-1F,3번 출입구,보수중,EV,2026-08-24 09:57
2617,새절,승강기)에스컬레이터-새절 내부4,B1-B2,증산 방면3-4,보수중,ES,2026-08-24 09:57
2619,디지털미디어시티(6),승강기)에스컬레이터-디지털미디어시티(6) 외부6,1F-B1,4번 출입구,보수중,ES,2026-08-24 09:57
2627,공덕(6),승강기)에스컬레이터-공덕(6) 내부2,B1-1F,7번 출입구,보수중,ES,2026-08-24 09:57
2645,석계(6),승강기)에스컬레이터-석계(6) 내부11,2F-B1,환승통로(1호선 승강장 방면),보수중,ES,2026-08-24 09:57
2649,신내(6),승강기)에스컬레이터-신내 2호기,2F-1F,봉화산 방면7-4,보수중,ES,2026-08-24 09:57
2723,면목,승강기)에스컬레이터-면목 2번 출입구 외부 5호기,1F-B1,2번 출입구,보수중,ES,2026-08-24 09:57
2729,건대입구(7),승강기)에스컬레이터-건대입구(7) 내부 6호기,2F-B2,환승통로(뚝섬유원지 방면1-1),보수중,ES,2026-08-24 09:57
2815,잠실(8),승강기)에스컬레이터-잠실(8) 내부 3호기,B1-B2,"대합실(9,10번 출입구 사이)",보수중,ES,2026-08-24 09:57
2821,복정(8),승강기)에스컬레이터-복정(8) 2번 출입구 3호기,BM1-1F,2번 출입구,보수중,ES,2026-08-24 09:57
0150,서울역(1),승강기)에스컬레이터-서울(1)역 상행(9-3) 3호기,B2-B1,"시청 방면9-3,남영 방면2-3",보수중,ES,2026-08-25 09:57
0153,종로3가(1),승강기)에스컬레이터-종로3가(1) 14번출구 3호기,1F-B1,14번 출입구,보수중,ES,2026-08-25 09:57
0153,종로3가(1),승강기)에스컬레이터-종로3가(1) 14번출구 4호기,B1-1F,14번 출입구,보수중,ES,2026-08-25 09:57
0157,제기동,승강기)엘리베이터-제기동 1번 출구측 외부#1,B1-1F,1번 출입구,보수중,EV,2026-08-25 09:57
0216,잠실(2),승강기)에스컬레이터-잠실 1번출구 하행3,1F-B1,1번 출입구,보수중,ES,2026-08-25 09:57
0216,잠실(2),승강기)에스컬레이터-잠실 2번출구 상행6,B1-1F,2번 출입구,보수중,ES,2026-08-25 09:57
0221,역삼,승강기)에스컬레이터-역삼 외부 1호기,1F-B1,"대합실(1,2,5,6,7,8번 출입구 방면)",보수중,ES,2026-08-25 09:57
0226,사당(2),승강기)에스컬레이터-사당(2) 내선(3-3) 6호기,B2-B1,낙성대 방면3-3,보수중,ES,2026-08-25 09:57
0234,신도림(2),승강기)엘리베이터-신도림 2번 출구측 외부#2,B1-1F,3번 출입구,보수중,EV,2026-08-25 09:57
0329,고속터미널(3),승강기)에스컬레이터-고속터미널 내부 21호기,B1-B2,환승통로(경부선 방면),보수중,ES,2026-08-25 09:57
0336,학여울,승강기)엘리베이터-학여울 하행 6-1 내부#2,B5-B4,대청 방면6-1,보수중,EV,2026-08-25 09:57
0340,가락시장(3),승강기)에스컬레이터-가락시장(3) 8번 출구 21호기,1F-B2,8번 출입구,보수중,ES,2026-08-25 09:57
0341,경찰병원,승강기)에스컬레이터-경찰병원 1번출구 13호기,1F-B1,1번 출입구,보수중,ES,2026-08-25 09:57
0342,오금(3),승강기)에스컬레이터-오금 1번출구 13호기,1F-B1,1번 출입구,보수중,ES,2026-08-25 09:57
0342,오금(3),승강기)에스컬레이터-오금 1번출구 14호기,B1-1F,1번 출입구,보수중,ES,2026-08-25 09:57
0342,오금(3),승강기)에스컬레이터-오금(3) 환승 11호기,B1-B2,환승통로(5호선 방면),보수중,ES,2026-08-25 09:57
0420,혜화,승강기)에스컬레이터-혜화 1번출구 하행1,1F-B1,1번 출입구,보수중,ES,2026-08-25 09:57
0430,이촌(4),승강기)에스컬레이터-이촌 1번출구 상행2,B1-1F,1번 출입구,보수중,ES,2026-08-25 09:57
0430,이촌(4),승강기)에스컬레이터-이촌 1번출구 하행1,1F-B1,1번 출입구,보수중,ES,2026-08-25 09:57
2518,화곡,승강기)에스컬레이터-화곡 외부3,B1-1F,3번 출입구,보수중,ES,2026-08-25 09:57
2519,까치산(5),승강기)에스컬레이터-까치산 내부6,B1-B5,화곡 방면7-3,보수중,ES,2026-08-25 09:57
2521,목동,승강기)엘리베이터-목동 내부2,B1-B2,오목교 방면4-4,보수중,EV,2026-08-25 09:57
2524,영등포구청(5),승강기)에스컬레이터-영등포구청 내부5,B1-B4,환승통로(2호선 방면),보수중,ES,2026-08-25 09:57
2527,여의도(5),승강기)에스컬레이터-여의도 내부3,B3-B1,대합실,보수중,ES,2026-08-25 09:57
2529,마포,승강기)에스컬레이터-마포 외부9,B1-1F,3번 출입구,보수중,ES,2026-08-25 09:57
2531,애오개,승강기)에스컬레이터-애오개 내부4,B1-B3,대합실,보수중,ES,2026-08-25 09:57
2531,애오개,승강기)엘리베이터-애오개 내부3,B1-B3,대합실,보수중,EV,2026-08-25 09:57
2535,종로3가(5),승강기)에스컬레이터-종로3가(5) 내부 1호기,B5-B3,"광화문 방면1-1, 을지로4가 방면8-4",보수중,ES,2026-08-25 09:57
2535,종로3가(5),승강기)에스컬레이터-종로3가(5) 내부 7호기,B4-B3,환승통로(광화문 방면8-4 을지로4가 방면1-1),보수중,ES,2026-08-25 09:57
2535,종로3가(5),승강기)에스컬레이터-종로3가(5) 내부 8호기,B4-B3,환승통로(광화문 방면8-4 을지로4가 방면1-1),보수중,ES,2026-08-25 09:57
2540,행당,승강기)에스컬레이터-행당 외부7,B1-1F,4번 출입구,보수중,ES,2026-08-25 09:57
2544,장한평,승강기)엘리베이터-장한평 내부1,B2-B3,"답십리 방면4-2, 군자 방면5-2",보수중,EV,2026-08-25 09:57
2545,군자(5),승강기)에스컬레이터-군자 외부3,B1-1F,4번 출입구,보수중,ES,2026-08-25 09:57
2546,아차산,승강기)에스컬레이터-아차산 외부2,1F-B1,1번 출입구,보수중,ES,2026-08-25 09:57
2546,아차산,승강기)에스컬레이터-아차산 외부7,B1-1F,2번 출입구,보수중,ES,2026-08-25 09:57
2547,광나루,승강기)에스컬레이터-광나루 외부1,1F-BM1,4번 출입구,보수중,ES,2026-08-25 09:57
2548,천호(5),승강기)에스컬레이터-천호(5) 외부12,1F-B1,5번 출입구,보수중,ES,2026-08-25 09:57
2553,고덕,승강기)엘리베이터-고덕 외부3,B1-1F,2번 출입구(역사 화장실 앞),보수중,EV,2026-08-25 09:57
2555,둔촌동,승강기)에스컬레이터-둔촌동 2번 출입구 7호기,1F-B1,2번 출입구,보수중,ES,2026-08-25 09:57
2557,방이,승강기)엘리베이터-방이 외부4,B1-1F,1번 출입구,보수중,EV,2026-08-25 09:57
2558,오금(5),승강기)에스컬레이터-오금(5) 내부 6호기,B3-B2,환승통로(개롱 방면1-3),보수중,ES,2026-08-25 09:57
2558,오금(5),승강기)엘리베이터-오금(5) 내부2,B1-B2,개롱 방면5-1,보수중,EV,2026-08-25 09:57
2561,마천,승강기)에스컬레이터-마천역 1번 출입구 5호기,1F-B1,1번 출입구,보수중,ES,2026-08-25 09:57
2565,하남시청,승강기)에스컬레이터-하남시청역 내부 24호기,1F-B1,5번 출입구,보수중,ES,2026-08-25 09:57
2620,월드컵경기장,승강기)에스컬레이터-월드컵경기장 외부6,1F-B1,2번 출입구,보수중,ES,2026-08-25 09:57
2633,버티고개,승강기)엘리베이터-버티고개 내부1,B3-B4,대합실(경사형),보수중,EV,2026-08-25 09:57
2634,약수(6),승강기)엘리베이터-약수(6) 내부4,B1-B2,환승통로,보수중,EV,2026-08-25 09:57
2637,동묘앞(6),승강기)에스컬레이터-동묘앞(6) 내부4,B3-B2,대합실,보수중,ES,2026-08-25 09:57
2641,고려대,승강기)에스컬레이터-고려대 내부11,B4-B3,월곡 방면6-1,보수중,ES,2026-08-25 09:57
2642,월곡,승강기)에스컬레이터-월곡 내부8,B2-B3,고려대 방면3-4,보수중,ES,2026-08-25 09:57
2645,석계(6),승강기)에스컬레이터-석계(6) 외부13,1F-B1,2번 출입구,보수중,ES,2026-08-25 09:57
2713,수락산,승강기)엘리베이터-수락산 외부1,B2-1F,1번 출입구,보수중,EV,2026-08-25 09:57
2714,마들,승강기)에스컬레이터-마들 내부 1호기,B1-B2,"대합실(B2, 화장실 측)",보수중,ES,2026-08-25 09:57
2720,먹골,승강기)에스컬레이터-먹골 2번 출입구 외부 1호기,1F-B1,2번 출입구,보수중,ES,2026-08-25 09:57
2729,건대입구(7),승강기)에스컬레이터-건대입구(7) 내부 4호기,2F-FM1,"환승통로(2호선 E/S #1,2 상부)",보수중,ES,2026-08-25 09:57
2733,학동,승강기)에스컬레이터-학동 내부 3호기,B1-B2,6~8번 출입구 방면 통로,보수중,ES,2026-08-25 09:57
2734,논현,승강기)에스컬레이터-논현 외부 3번 출입구 17호기,BM1-1F,5번 출입구,보수중,ES,2026-08-25 09:57
2736,고속터미널(7),승강기)에스컬레이터-고속터미널(7) 내부 18호기,BM1-BM2,3번 출입구,보수중,ES,2026-08-25 09:57
2736,고속터미널(7),승강기)에스컬레이터-고속터미널(7) 내부 3호기,B3-B2,내방 방면7-1,보수중,ES,2026-08-25 09:57
2736,고속터미널(7),승강기)엘리베이터-고속터미널(7) 내부2,B3-B2,내방 방면6-2,보수중,EV,2026-08-25 09:57
2738,이수(7),승강기)에스컬레이터-이수(7) 12번 출입구 21호기,B1-1F,12번 출입구,보수중,ES,2026-08-25 09:57
2740,숭실대입구,승강기)에스컬레이터-숭실대입구 4번 출입구 외부 10호기,1F-B1,4번 출입구,보수중,ES,2026-08-25 09:57
2743,신대방삼거리,승강기)에스컬레이터-신대방삼거리 내부 11호기,B3-B2,보라매 방면3-4,보수중,ES,2026-08-25 09:57
2748,가산디지털단지(7),승강기)에스컬레이터-가산디지털단지(7) 8번 출입구 18호기,BM1-1F,8번 출입구,보수중,ES,2026-08-25 09:57
2810,암사역사공원,승강기)엘리베이터-암사역사공원 1번출입구 3호기,B1-1F,1번 출입구,보수중,EV,2026-08-25 09:57
2826,수진,승강기)엘리베이터-수진 외부 3호기,B1-1F,3번 출입구,보수중,EV,2026-08-25 09:57
0227,낙성대,승강기)에스컬레이터-낙성대 1번출구 하행3,1F-B1,1번 출입구,보수중,ES,2026-08-26 09:58
0235,문래,승강기)에스컬레이터-문래 1번출구 하행1,1F-B1,1번 출입구,보수중,ES,2026-08-26 09:58
0312,불광(3),승강기)에스컬레이터-불광(3) 5번출구 상행2,B1-1F,5번 출입구,보수중,ES,2026-08-26 09:58
0319,종로3가(3),승강기)엘리베이터-종로3가(3) 섬식(상) 4-4 내부#1,B4-B2,"안국 방면4-3, 을지로3가 방면7-1",보수중,EV,2026-08-26 09:58
0340,가락시장(3),승강기)에스컬레이터-가락시장(3) 내부 9호기,B3-B4,경찰병원 방면3-2,보수중,ES,2026-08-26 09:58
0342,오금(3),승강기)에스컬레이터-오금(3) 내부 9호기,B2-B3,오금 방면9-3,보수중,ES,2026-08-26 09:58
2526,신길(5),승강기)에스컬레이터-신길 3번 출입구 1호기,B3-1F,3번 출입구,보수중,ES,2026-08-26 09:58
2532,충정로(5),승강기)엘리베이터-충정로 외부2,B1-1F,8번 출입구,보수중,EV,2026-08-26 09:58
2534,광화문,승강기)에스컬레이터-광화문 내부2,B2-B3,"서대문 방면1-1, 종로3가 방면8-4",보수중,ES,2026-08-26 09:58
2539,신금호,승강기)에스컬레이터-신금호 내부5,B2-B1,고객안전실 측(지하2층),보수중,ES,2026-08-26 09:58
2561,마천,승강기)엘리베이터-마천역 1번출입구 3호기,1F-B1,1번 출입구,보수중,EV,2026-08-26 09:58
2563,미사,승강기)에스컬레이터-미사 내부 14호기,1F-B1,5번 출입구,보수중,ES,2026-08-26 09:58
2714,마들,승강기)에스컬레이터-마들 내부 8호기,B1-B2,개집표기 앞(B2),보수중,ES,2026-08-26 09:58
0150,서울역(1),승강기)엘리베이터-서울(1)역 2번 출구측 외부#1,B1-1F,2번 출입구,보수중,EV,2026-08-27 15:49
0159,동묘앞(1),승강기)에스컬레이터-동묘앞(1) 시청방향(5-4) 4호기,B2-B1,동대문 방면5-4,보수중,ES,2026-08-27 15:49
0213,구의,승강기)에스컬레이터-구의 2번출구 하행5,1F-2F,2번 출입구,보수중,ES,2026-08-27 15:49
0221,역삼,승강기)에스컬레이터-역삼 외부 4호기,B1-1F,"대합실(1,2,5,6,7,8번 출입구 방면)",보수중,ES,2026-08-27 15:49
0224,서초,승강기)에스컬레이터-서초 4번출구 하행 5,1F-B1,4번 출입구,보수중,ES,2026-08-27 15:49
0229,봉천,승강기)엘리베이터-봉천 4번 출구측 외부#1,B1-1F,4번 출입구,보수중,EV,2026-08-27 15:49
0233,대림(2),승강기)엘리베이터-대림 내선 8-3 내부#2,1F-2F,신도림 방면 8-3,보수중,EV,2026-08-27 15:49
0235,문래,승강기)엘리베이터-문래 1번 출구측 외부#2,B1-1F,1번 출입구,보수중,EV,2026-08-27 15:49
0235,문래,승강기)엘리베이터-문래 내선 4-1 내부#2,B2-B1,영등포구청 방면4-1,보수중,EV,2026-08-27 15:49
0241,이대,승강기)에스컬레이터-이대 내부 2호기,B3-B2,"신촌 방면2-2, 아현 방면9-3",보수중,ES,2026-08-27 15:49
0313,녹번,승강기)엘리베이터-녹번 3번 출구측 외부#1,B1-1F,3번 출입구,보수중,EV,2026-08-27 15:49
0316,독립문,승강기)에스컬레이터-독립문 4번 출입구 8호기,B1-1F,4번 출입구,보수중,ES,2026-08-27 15:49
0329,고속터미널(3),승강기)에스컬레이터-고속터미널 내부 17호기,B1-B2,환승통로(경부선 방면),보수중,ES,2026-08-27 15:49
0329,고속터미널(3),승강기)에스컬레이터-고속터미널 내부 22호기,B2-B1,환승통로(경부선 방면),보수중,ES,2026-08-27 15:49
0329,고속터미널(3),승강기)에스컬레이터-고속터미널 내부 23호기,B1-B2,환승통로(경부선 방면),보수중,ES,2026-08-27 15:49
0334,도곡(3),승강기)에스컬레이터-도곡 내부 4호기,B4-B2,매봉 방면7-4,보수중,ES,2026-08-27 15:49
0339,수서(3),승강기)에스컬레이터-수서 6번출구 5호기,1F-B1,6번 출입구,보수중,ES,2026-08-27 15:49
0339,수서(3),승강기)에스컬레이터-수서 6번출구 6호기,B1-1F,6번 출입구,보수중,ES,2026-08-27 15:49
0340,가락시장(3),승강기)에스컬레이터-가락시장(3) 내부 5호기,B3-B4,수서 방면8-3,보수중,ES,2026-08-27 15:49
0341,경찰병원,승강기)에스컬레이터-경찰병원 승강장(9-4) 12호기,B2-B1,오금 방면9-4,보수중,ES,2026-08-27 15:49
0411,노원(4),승강기)에스컬레이터-노원(4) 1번출구 2호기,1F-2F,1번 출입구,보수중,ES,2026-08-27 15:49
0420,혜화,승강기)에스컬레이터-혜화 3번출구 상행4,B1-1F,3번 출입구,보수중,ES,2026-08-27 15:49
0423,충무로(4),승강기)에스컬레이터-충무로(4) 내부 9호기,B1-B2,대합실(동대문역사문화공원 방면4-2),보수중,ES,2026-08-27 15:49
0425,회현,승강기)에스컬레이터-회현 5,B2-B4,"서울역 방면1-4,명동 방면9-4",보수중,ES,2026-08-27 15:49
2513,김포공항(5),승강기)에스컬레이터-김포공항 내부6,B3-B2,개화산 방면5-4,보수중,ES,2026-08-27 15:49
2519,까치산(5),승강기)에스컬레이터-까치산 내부5,B5-B1,화곡 방면7-3,보수중,ES,2026-08-27 15:49
2519,까치산(5),승강기)에스컬레이터-까치산 내부7,B5-B1,신정 방면2-2,보수중,ES,2026-08-27 15:49
2521,목동,승강기)에스컬레이터-목동 외부1,B1-1F,1번 출입구,보수중,ES,2026-08-27 15:49
2526,신길(5),승강기)엘리베이터-신길 내부 2호기,B4-B3,여의도 방면4-2,보수중,EV,2026-08-27 15:49
2534,광화문,승강기)에스컬레이터-광화문 내부1,B3-B2,"서대문 방면1-1, 종로3가 방면8-4",보수중,ES,2026-08-27 15:49
2535,종로3가(5),승강기)에스컬레이터-종로3가(5) 내부 3호기,B3-B1,"대합실(4,5번 출입구 사이)",보수중,ES,2026-08-27 15:49
2535,종로3가(5),승강기)에스컬레이터-종로3가(5) 내부 5호기,B3-B4,환승통로(광화문 방면8-4 을지로4가 방면1-1),보수중,ES,2026-08-27 15:49
2539,신금호,승강기)엘리베이터-신금호 내부2,B2-B8,"청구 방면1-2, 행당 방면8-3",보수중,EV,2026-08-27 15:49
2543,답십리,승강기)에스컬레이터-답십리 외부3,1F-BM1,5번 출입구,보수중,ES,2026-08-27 15:49
2546,아차산,승강기)엘리베이터-아차산 외부3,B1-1F,3번 출입구,보수중,EV,2026-08-27 15:49
2549,강동,승강기)에스컬레이터-강동 내부 6호기,B4-B3,천호 방면8-4,보수중,ES,2026-08-27 15:49
2554,상일동,승강기)에스컬레이터-상일동 7번 출입구 외부 16호기,1F-B1,7번 출입구,보수중,ES,2026-08-27 15:49
2557,방이,승강기)엘리베이터-방이 외부3,B1-1F,3번 출입구,보수중,EV,2026-08-27 15:49
2559,개롱,승강기)에스컬레이터-개롱 외부1,1F-B1,3번 출입구,보수중,ES,2026-08-27 15:49
2559,개롱,승강기)에스컬레이터-개롱 외부2,B1-1F,3번 출입구,보수중,ES,2026-08-27 15:49
2561,마천,승강기)엘리베이터-마천역 내부 1호기,B4-B2,마천 방면5-2,보수중,EV,2026-08-27 15:49
2566,하남검단산,승강기)엘리베이터-하남검단산역 1번 출입구 외부 3호기,B1-1F,"1,2번 출입구 사이",보수중,EV,2026-08-27 15:49
2616,구산,승강기)에스컬레이터-구산 내부2,B1-B4,응암 방면5-4,보수중,ES,2026-08-27 15:49
2616,구산,승강기)엘리베이터-구산 외부1,B1-1F,4번 출입구,보수중,EV,2026-08-27 15:49
2617,새절,승강기)에스컬레이터-새절 내부2,B1-B2,응암 방면3-3,보수중,ES,2026-08-27 15:49
2624,상수,승강기)에스컬레이터-상수 외부10,BM1-1F,3번 출입구,보수중,ES,2026-08-27 15:49
2626,대흥,승강기)에스컬레이터-대흥 외부6,1F-B1,1번 출입구,보수중,ES,2026-08-27 15:49
2629,삼각지(전쟁기념관)(6),승강기)에스컬레이터-삼각지(6) 내부 3호기,B3-B1,대합실,보수중,ES,2026-08-27 15:49
2629,삼각지(전쟁기념관)(6),승강기)에스컬레이터-삼각지(6) 내부 4호기,B1-B3,대합실,보수중,ES,2026-08-27 15:49
2630,녹사평,승강기)에스컬레이터-녹사평 내부1,B4-B5,"삼각지 방면3-3, 이태원 방면6-2",보수중,ES,2026-08-27 15:49
2631,이태원,승강기)에스컬레이터-이태원 내부 2호기,B1-B4,대합실,보수중,ES,2026-08-27 15:49
2636,신당(6),승강기)에스컬레이터-신당(6) 내부 6,B1-B3,"청구 방면6-1, 동묘앞 방면3-4",보수중,ES,2026-08-27 15:49
2637,동묘앞(6),승강기)에스컬레이터-동묘앞(6) 내부7,B2-B1,대합실,보수중,ES,2026-08-27 15:49
2637,동묘앞(6),승강기)엘리베이터-동묘앞(6) 내부1,B2-B3,"신당 방면3-3, 창신 방면6-2",보수중,EV,2026-08-27 15:49
2637,동묘앞(6),승강기)엘리베이터-동묘앞(6) 내부2,B2-B3,"신당 방면8-4, 창신 방면1-1",보수중,EV,2026-08-27 15:49
2639,보문(6),승강기)에스컬레이터-보문(6) 내부2,B1-B2,대합실,보수중,ES,2026-08-27 15:49
2645,석계(6),승강기)에스컬레이터-석계(6) 내부5,B2-B1,7번 출입구 방면(B2),보수중,ES,2026-08-27 15:49
2712,도봉산(7),승강기)엘리베이터-도봉산(7) 내부3,1F-2F,장암 방면3-4,사용가능,EV,2026-08-27 15:49
2714,마들,승강기)에스컬레이터-마들 6번 출입구 외부 5호기,1F-B1,6번 출입구,보수중,ES,2026-08-27 15:49
2728,어린이대공원,승강기)에스컬레이터-어린이대공원 5번 출입구 외부 1호기,B1-1F,5번 출입구,보수중,ES,2026-08-27 15:49
2731,청담,승강기)에스컬레이터-청담 7번 출입구 외부 13호기,1F-B1,7번 출입구,보수중,ES,2026-08-27 15:49
2734,논현,승강기)에스컬레이터-논현 내부 10호기,B1-BM1,"대합실(7,8번 출입구)",보수중,ES,2026-08-27 15:49
2736,고속터미널(7),승강기)휠체어리프트-고속터미널(7) 내부 1,B1-B3,"환승통로(3,9호선 방면)",보수중,WL,2026-08-27 15:49
2737,내방,승강기)에스컬레이터-내방 4번 출입구 외부 3호기,B1-1F,4번 출입구,보수중,ES,2026-08-27 15:49
2747,남구로,승강기)에스컬레이터-남구로 내부 7호기,BM1-B2,2~5번 출입구 방면 통로,보수중,ES,2026-08-27 15:49
2815,잠실(8),승강기)에스컬레이터-잠실(8) 내부 2호기,B2-B1,"대합실(9,10번 출입구 사이)",보수중,ES,2026-08-27 15:49
0208,왕십리(2),승강기)에스컬레이터-왕십리 내선 2-3 상행6,B2-B1,한양대 방면2-3,보수중,ES,2026-08-29 14:16
0213,구의,승강기)에스컬레이터-구의 4번출구 상행4,2F-1F,4번 출입구,보수중,ES,2026-08-29 14:16
0239,홍대입구(2),승강기)에스컬레이터-홍대입구 1번출구 6호기,B3-B2,1번 출입구,보수중,ES,2026-08-29 14:16
0241,이대,승강기)에스컬레이터-이대 내부 1호기,B2-B3,"아현 방면9-3, 신촌 방면2-2",보수중,ES,2026-08-29 14:16
0432,총신대입구(4),승강기)에스컬레이터-총신대입구 14번출구 2호기,B1-1F,14번 출입구,보수중,ES,2026-08-29 14:16
0434,남태령,승강기)에스컬레이터-남태령 내부(8-3) 2호기,B3-B2,"선바위 방면3-2,사당 방면8-3",보수중,ES,2026-08-29 14:16
2511,방화,승강기)에스컬레이터-방화 내부 E/S 1200형 2호기,BM1-B1,"1,2번 출입구 사이(중간계단)",보수중,ES,2026-08-29 14:16
2515,마곡,승강기)에스컬레이터-마곡 외부6,1F-B1,6번 출입구,보수중,ES,2026-08-29 14:16
2528,여의나루,승강기)에스컬레이터-여의나루 내부1,B4-B2,대합실,보수중,ES,2026-08-29 14:16
2537,동대문역사문화공원(5),승강기)에스컬레이터-동대문역사문화공원(5) 내부5,B4-B2,"환승통로(2,4호선 방면)",보수중,ES,2026-08-29 14:16
2549,강동,승강기)에스컬레이터-강동 내부 1호기,B1-B3,"대합실(B3, 아이센터 앞)",보수중,ES,2026-08-29 14:16
2562,강일,승강기)에스컬레이터-강일역 4번 출입구 16호기,1F-B2,4번 출입구,보수중,ES,2026-08-29 14:16
2566,하남검단산,승강기)에스컬레이터-하남검단산역 1번 출입구 14호기,1F-B2,1번 출입구,보수중,ES,2026-08-29 14:16
2619,디지털미디어시티(6),승강기)에스컬레이터-디지털미디어시티(6) 내부3,B2-B1,월드컵경기장 방면8-4,보수중,ES,2026-08-29 14:16
2619,디지털미디어시티(6),승강기)에스컬레이터-디지털미디어시티(6) 외부5,B1-1F,4번 출입구,보수중,ES,2026-08-29 14:16
2623,합정(6),승강기)에스컬레이터-합정(6) 내부 1호기,B4-B3,망원 방면3-3,보수중,ES,2026-08-29 14:16
2623,합정(6),승강기)에스컬레이터-합정(6) 내부 4호기,B2-B3,환승통로(2호선 방면),보수중,ES,2026-08-29 14:16
2636,신당(6),승강기)에스컬레이터-신당(6) 외부 8,B1-1F,10번 출입구,보수중,ES,2026-08-29 14:16
2637,동묘앞(6),승강기)에스컬레이터-동묘앞(6) 내부2,B3-B2,"신당 방면7-3, 창신 방면2-2",보수중,ES,2026-08-29 14:16
2637,동묘앞(6),승강기)에스컬레이터-동묘앞(6) 내부8,B1-BM1,7번 출입구,보수중,ES,2026-08-29 14:16
2640,안암,승강기)에스컬레이터-안암 내부2,BM1-B1,1번 출입구,보수중,ES,2026-08-29 14:16
2727,군자(7),승강기)에스컬레이터-군자(7) 내부 1호기,B1-B2,대합실,보수중,ES,2026-08-29 14:16
2731,청담,승강기)에스컬레이터-청담 10번 출입구 외부 5호기,1F-B1,10번 출입구,보수중,ES,2026-08-29 14:16
2732,강남구청(7),승강기)에스컬레이터-강남구청(7) 내부 1호기,B1-B2,대합실(1~4번 출입구 방면),보수중,ES,2026-08-29 14:16
2732,강남구청(7),승강기)에스컬레이터-강남구청(7) 내부 6호기,BM1-B1,1번 출입구,보수중,ES,2026-08-29 14:16
2734,논현,승강기)에스컬레이터-논현 외부 7번 출입구 15호기,1F-BM1,9번 출입구,보수중,ES,2026-08-29 14:16
2736,고속터미널(7),승강기)에스컬레이터-고속터미널(7) 내부 4호기,B2-B3,내방 방면7-1,보수중,ES,2026-08-29 14:16
2738,이수(7),승강기)에스컬레이터-이수(7) 7번 출입구 17호기,B1-1F,7번 출입구,보수중,ES,2026-08-29 14:16
2738,이수(7),승강기)에스컬레이터-이수(7) 내부 7호기,B3-B2,환승통로(4호선 사당 방면),보수중,ES,2026-08-29 14:16
2739,남성,승강기)에스컬레이터-남성 1번 출입구 외부 2호기,B1-1F,1번 출입구,보수중,ES,2026-08-29 14:16
2748,가산디지털단지(7),승강기)에스컬레이터-가산디지털단지(7) 내부 10호기,1F-B1,환승통로(1호선 독산 방면),보수중,ES,2026-08-29 14:16
2752,온수(7),승강기)에스컬레이터-온수(7) 내부 16호기,B1-1F,환승통로(1호선 역곡 방면),보수중,ES,2026-08-29 14:16
2818,가락시장(8),승강기)에스컬레이터-가락시장(8) 5번 출구 9호기,B1-1F,5번 출입구,보수중,ES,2026-08-29 14:16
0246,신설동(2),엘리베이터-신설동(2) 외부 E/L 외부2,B2-1F,9번 출입구,보수중,EV,2026-08-30 12:09
0318,안국,승강기)에스컬레이터-안국 내부 1호기,B3-B4,"종로3가 방면7-2, 경복궁 방면4-3",보수중,ES,2026-08-30 12:09
0318,안국,승강기)에스컬레이터-안국 내부 3호기,B3-B4,"종로3가 방면4-4, 경복궁 방면7-1",보수중,ES,2026-08-30 12:09
0319,종로3가(3),"승강기)에스컬레이터-종로3가(3) 3,5연결통로 3호기",B1-B3,환승통로(5호선 방면),보수중,ES,2026-08-30 12:09
0342,오금(3),승강기)에스컬레이터-오금(3) 내부 10호기,B3-B2,오금 방면9-3,보수중,ES,2026-08-30 12:09
0421,동대문(4),승강기)에스컬레이터-동대문(4) 상행(8-2) 4호기,B4-B2,"혜화 방면8-2,동대문역사문화공원 방면3-3",보수중,ES,2026-08-30 12:09
2545,군자(5),승강기)엘리베이터-군자 외부3,B1-1F,4번 출입구,보수중,EV,2026-08-30 12:09
2623,합정(6),승강기)에스컬레이터-합정(6) 8번출구 15호기,1F-B1,8번 출입구,보수중,ES,2026-08-30 12:09
2712,도봉산(7),승강기)엘리베이터-도봉산(7) 외부5,B1-1F,1-1번 출입구,보수중,EV,2026-08-30 12:09
2724,사가정,승강기)에스컬레이터-사가정 3번 출입구 외부 5호기,1F-B1,3번 출입구,사용가능,ES,2026-08-30 12:09
2738,이수(7),승강기)에스컬레이터-이수(7) 10번 출입구 23호기,B1-1F,10번 출입구,보수중,ES,2026-08-30 12:09
2747,남구로,승강기)에스컬레이터-남구로 내부 4호기,B2-B4,대합실(2~5번 출입구 방면),보수중,ES,2026-08-30 12:09
2747,남구로,승강기)에스컬레이터-남구로 내부 5호기,B2-BM2,"1,6번 출입구 방면 통로",보수중,ES,2026-08-30 12:09
0152,종각,승강기)에스컬레이터-종각 1번출구 상행1,1F-B1,1번 출입구,보수중,ES,2026-08-31 12:03
0217,잠실새내,승강기)에스컬레이터-잠실새내 8번출구 상행11,B1-1F,8번 출입구,보수중,ES,2026-08-31 12:03
0223,교대(2),승강기)엘리베이터-교대(2) 내선 3-1 내부#2,B2-B1,서초 방면3-1,보수중,EV,2026-08-31 12:03
0230,신림,승강기)에스컬레이터-신림 8번출구 9호기,B1-1F,8번 출입구,보수중,ES,2026-08-31 12:03
0231,신대방,승강기)에스컬레이터-신대방 내선(3-4) 2호기,2F-3F,신림 방면4-3,보수중,ES,2026-08-31 12:03
0414,수유,승강기)에스컬레이터-수유(강북구청) 3번출구 상행2,B1-1F,3번 출입구,보수중,ES,2026-08-31 12:03
2517,우장산,승강기)엘리베이터-우장산 내부2,B1-B2,화곡 방면5-3,보수중,EV,2026-08-31 12:03
2525,영등포시장,승강기)엘리베이터-영등포시장 내부1,B5-B6,영등포구청 방면4-3,보수중,EV,2026-08-31 12:03
2530,공덕(5),승강기)에스컬레이터-공덕 내부1,B3-B2,환승통로(애오개 방면8-4 마포 방면1-1),보수중,ES,2026-08-31 12:03
2534,광화문,승강기)에스컬레이터-광화문 내부4,B1-B2,대합실(광장 측),보수중,ES,2026-08-31 12:03
2563,미사,승강기)에스컬레이터-미사 내부 2호기,B2-B1,하남풍산 방면6-1,보수중,ES,2026-08-31 12:03
2566,하남검단산,승강기)에스컬레이터-하남검단산역 4번 출입구 19호기,B2-1F,4번 출입구,보수중,ES,2026-08-31 12:03
2627,공덕(6),승강기)에스컬레이터-공덕(6) 내부6,B2-B3,환승통로(상/하선 방면8-4),보수중,ES,2026-08-31 12:03
2636,신당(6),승강기)에스컬레이터-신당(6) 내부 12,B2-B1,환승통로(2호선 방면),보수중,ES,2026-08-31 12:03
2636,신당(6),승강기)에스컬레이터-신당(6) 내부 13,B1-B2,환승통로(2호선 방면),보수중,ES,2026-08-31 12:03
2646,태릉입구(6),승강기)엘리베이터-태릉입구(6) 외부4,B1-1F,6번 출입구,보수중,EV,2026-08-31 12:03
2713,수락산,승강기)에스컬레이터-수락산 6번 출입구 외부 4호기,B1-1F,6번 출입구,보수중,ES,2026-08-31 12:03
2715,노원(7),승강기)에스컬레이터-노원(7) 외부 12호기,1F-B1,6번 출입구,보수중,ES,2026-08-31 12:03
2732,강남구청(7),승강기)에스컬레이터-강남구청(7) 내부 7호기,B1-BM1,4번 출입구,보수중,ES,2026-08-31 12:03
2735,반포,승강기)에스컬레이터-반포 내부 6호기,B1-B2,대합실(1~6번 출입구 방면),보수중,ES,2026-08-31 12:03
2735,반포,승강기)엘리베이터-반포 내부1,B2-B3,논현 방면5-1,보수중,EV,2026-08-31 12:03
2738,이수(7),승강기)에스컬레이터-이수(7) 10번 출입구 22호기,1F-B1,10번 출입구,보수중,ES,2026-08-31 12:03
2739,남성,승강기)에스컬레이터-남성 4번 출입구 외부 4호기,B1-1F,4번 출입구,보수중,ES,2026-08-31 12:03
2739,남성,승강기)에스컬레이터-남성 내부 6호기,B1-B2,대합실(1~4번 출입구 방면),보수중,ES,2026-08-31 12:03
2740,숭실대입구,승강기)엘리베이터-숭실대입구 외부3,B2-1F,2번 출입구,보수중,EV,2026-08-31 12:03
2741,상도,승강기)에스컬레이터-상도 내부 1호기,B2-B1,대합실(1~5번 출입구 방면),보수중,ES,2026-08-31 12:03
2742,장승배기,승강기)에스컬레이터-장승배기 6번 출입구 외부 10호기,1F-BM1,6번 출입구,보수중,ES,2026-08-31 12:03
2742,장승배기,승강기)에스컬레이터-장승배기 내부 13호기,B3-B2,신대방삼거리 방면4-4,보수중,ES,2026-08-31 12:03
2746,대림(7),승강기)에스컬레이터-대림(7) 내부 2호기,B2-B1,신풍 방면8-4,보수중,ES,2026-08-31 12:03
2747,남구로,승강기)에스컬레이터-남구로 5번 출입구 12호기,1F-BM1,5번 출입구,보수중,ES,2026-08-31 12:03
2747,남구로,승강기)에스컬레이터-남구로 내부 1호기,B2-B4,"대합실(1,6번 출입구 방면)",보수중,ES,2026-08-31 12:03
2752,온수(7),승강기)에스컬레이터-온수(7) 5번 출입구 11호기,1F-B1,5번 출입구,보수중,ES,2026-08-31 12:03
2752,온수(7),승강기)에스컬레이터-온수(7) 내부 4호기,B1-B2,까치울 방면1-1,보수중,ES,2026-08-31 12:03
2812,천호(8),승강기)엘리베이터-천호(8) 내부 2호기,B2-B1,강동구청 방면5-4,보수중,EV,2026-08-31 12:03
0212,건대입구(2),승강기)엘리베이터-건대입구 7-3~6번 출구측 외부#1,1F-2F-3F,6번 출입구,보수중,EV,2026-09-01 12:09
0217,잠실새내,승강기)에스컬레이터-잠실새내 7번출구 상행9,B1-1F,7번 출입구,보수중,ES,2026-09-01 12:09
0218,종합운동장(2),승강기)엘리베이터-종합운동장 6번 출구측 외부#1,B1-1F,6번 출입구,보수중,EV,2026-09-01 12:09
0412,창동(4),승강기)엘리베이터-창동 상행 2-4 내부#1,2F-3F,노원 방면2-4,보수중,EV,2026-09-01 12:09
0421,동대문(4),승강기)에스컬레이터-동대문(4) 1호선연결 6호기,B2-B1,대합실,보수중,ES,2026-09-01 12:09
2517,우장산,승강기)에스컬레이터-우장산 외부1,B1-1F,1번 출입구,사용가능,ES,2026-09-01 12:09
2532,충정로(5),승강기)에스컬레이터-충정로(5) 내부 2호기,B4-B2,대합실,보수중,ES,2026-09-01 12:09
2543,답십리,승강기)엘리베이터-답십리 외부4,B2-1F,6번 출입구,보수중,EV,2026-09-01 12:09
2629,삼각지(전쟁기념관)(6),승강기)무빙워크-삼각지(6) 8,B3-B3,환승통로(4호선 방면),보수중,MW,2026-09-01 12:09
2636,신당(6),승강기)에스컬레이터-신당(6) 내부 9,B2-B1,환승통로(2호선 방면),보수중,ES,2026-09-01 12:09
2641,고려대,승강기)에스컬레이터-고려대 외부8,1F-B1,4번 출입구,보수중,ES,2026-09-01 12:09
2732,강남구청(7),승강기)에스컬레이터-강남구청(7) 내부 4호기,B1-B2,대합실(1~4번 출입구 방면),보수중,ES,2026-09-01 12:09
2734,논현,승강기)에스컬레이터-논현 내부 11호기,BM1-B1,"대합실(7,8번 출입구)",보수중,ES,2026-09-01 12:09
2734,논현,승강기)에스컬레이터-논현 외부 3번 출입구 16호기,1F-BM1,5번 출입구,보수중,ES,2026-09-01 12:09
2736,고속터미널(7),승강기)에스컬레이터-고속터미널(7) 내부 1호기,B3-B2,반포 방면2-4,보수중,ES,2026-09-01 12:09
2823,남한산성입구,승강기)엘리베이터-남한산성입구 내부 1호기,B2-B3,산성 방면3-4,사용가능,EV,2026-09-01 12:09
2824,단대오거리,승강기)에스컬레이터-단대오거리 1번 출입구 외부 2호기,B1-1F,1번 출입구,보수중,ES,2026-09-01 12:09
0202,을지로입구,승강기)에스컬레이터-을지로입구 1번출구 하행3,1F-B1,1번 출입구,보수중,ES,2026-09-02 11:28
0210,뚝섬,승강기)에스컬레이터-뚝섬 5번 출구 1호기,1F-2F,5번 출입구,보수중,ES,2026-09-02 11:28
0215,잠실나루,승강기)에스컬레이터-잠실나루 내부 2호기,1F-2F,"대합실(2,3번 출입구)",보수중,ES,2026-09-02 11:28
0221,역삼,승강기)엘리베이터-역삼 3번 출구측 외부#1,B2-1F,3번 출입구,보수중,EV,2026-09-02 11:28
0223,교대(2),승강기)엘리베이터-교대(2) 5번 출구측 외부#1,B1-1F,5번 출입구,보수중,EV,2026-09-02 11:28
0232,구로디지털단지,승강기)에스컬레이터-구로디지털단지 2번출구 상행1,1F-2F,2번 출입구,보수중,ES,2026-09-02 11:28
0243,충정로(2),승강기)에스컬레이터-충정로(2) 내부 3호기,B1-B2,"1,2,5,6번 출입구",보수중,ES,2026-09-02 11:28
0249,신정네거리,승강기)에스컬레이터-신정네거리 2번출구 3호기,1F-B1,2번 출입구,보수중,ES,2026-09-02 11:28
0329,고속터미널(3),승강기)에스컬레이터-고속터미널 내부 5호기,B2-B3,잠원 방면7-2,보수중,ES,2026-09-02 11:28
0340,가락시장(3),승강기)에스컬레이터-가락시장(3) 내부 7호기,B4-B3,수서 방면10-1,보수중,ES,2026-09-02 11:28
0340,가락시장(3),승강기)엘리베이터-가락시장(3) 상행 8-2 내부#1,B4-B3-B2,수서 방면8-2,보수중,EV,2026-09-02 11:28
0341,경찰병원,승강기)에스컬레이터-경찰병원 승강장(5-3) 10호기,B2-B1,오금 방면5-3,보수중,ES,2026-09-02 11:28
0414,수유,승강기)에스컬레이터-수유(강북구청) 8번출구 하행3,1F-B1,8번 출입구,보수중,ES,2026-09-02 11:28
0421,동대문(4),승강기)에스컬레이터-동대문(4) 하행(3-3) 3호기,B2-B4,"동대문역사문화공원 방면3-3,혜화 방면8-2",보수중,ES,2026-09-02 11:28
0423,충무로(4),승강기)에스컬레이터-충무로(4) 3호선환승 18호기,B4-B2,환승통로(동대입구 방면5-2),보수중,ES,2026-09-02 11:28
0423,충무로(4),승강기)에스컬레이터-충무로(4) 내부 3호기,B2-B3,명동 방면6-3,보수중,ES,2026-09-02 11:28
2524,영등포구청(5),승강기)에스컬레이터-영등포구청 내부1,B1-B3,대합실,보수중,ES,2026-09-02 11:28
2524,영등포구청(5),승강기)에스컬레이터-영등포구청 내부6,B4-B1,환승통로(2호선 방면),보수중,ES,2026-09-02 11:28
2530,공덕(5),승강기)에스컬레이터-공덕 외부9,1F-B1,4번 출입구,보수중,ES,2026-09-02 11:28
2549,강동,승강기)에스컬레이터-강동 내부 7호기,B3-B4,둔촌동 방면1-1,보수중,ES,2026-09-02 11:28
2613,불광(6),승강기)에스컬레이터-불광(6) 내부12,B1-BM1,대합실,보수중,ES,2026-09-02 11:28
2623,합정(6),승강기)엘리베이터-합정(6) 내부1,B1-B4,망원 방면4-2,보수중,EV,2026-09-02 11:28
2644,돌곶이,승강기)에스컬레이터-돌곶이 외부2,B1-1F,8번 출입구,보수중,ES,2026-09-02 11:28
2648,봉화산,승강기)에스컬레이터-봉화산 외부4,B1-1F,3번 출입구,보수중,ES,2026-09-02 11:28
2714,마들,승강기)에스컬레이터-마들 내부 2호기,B1-B2,"대합실(B2, 화장실 측)",보수중,ES,2026-09-02 11:28
2739,남성,승강기)에스컬레이터-남성 3번 출입구 외부 10호기,1F-BM2,3번 출입구,보수중,ES,2026-09-02 11:28
2742,장승배기,승강기)에스컬레이터-장승배기 1번 출입구 외부 6호기,1F-B1,1번 출입구,보수중,ES,2026-09-02 11:28
2743,신대방삼거리,승강기)에스컬레이터-신대방삼거리 3번 출입구 7호기,1F-BM1,3번 출입구,보수중,ES,2026-09-02 11:28
2745,신풍,승강기)엘리베이터-신풍 내부1,B1-B2,보라매 방면5-4,보수중,EV,2026-09-02 11:28
2748,가산디지털단지(7),승강기)에스컬레이터-가산디지털단지(7) 내부 2호기,B3-B1,"대합실(4,5,6번 출입구 및 1호선 환승구간 방면)",보수중,ES,2026-09-02 11:28
2748,가산디지털단지(7),승강기)에스컬레이터-가산디지털단지(7) 내부 4호기,B1-B3,"대합실(7,8,9번 출입구 방면)",보수중,ES,2026-09-02 11:28
2752,온수(7),승강기)에스컬레이터-온수(7) 2번 출입구 10호기,1F-B1,2번 출입구,보수중,ES,2026-09-02 11:28
2810,암사역사공원,승강기)엘리베이터-암사역사공원 3번출입구 4호기,B1-1F,3번 출입구,보수중,EV,2026-09-02 11:28
0217,잠실새내,승강기)에스컬레이터-잠실새내 2번출구 상행3,B1-1F,2번 출입구,보수중,ES,2026-09-03 11:35
0220,선릉(2),승강기)에스컬레이터-선릉 4번출구 상행2,B1-1F,4번 출입구,보수중,ES,2026-09-03 11:35
0333,매봉,승강기)에스컬레이터-매봉 1번출구 하행3,1F-B1,1번 출입구,보수중,ES,2026-09-03 11:35
0340,가락시장(3),승강기)에스컬레이터-가락시장(3) 내부 8호기,B4-B3,경찰병원 방면2-1,보수중,ES,2026-09-03 11:35
0341,경찰병원,승강기)에스컬레이터-경찰병원 승강장(2-1) 1호기,B1-B2,가락시장 방면2-1,보수중,ES,2026-09-03 11:35
2526,신길(5),승강기)에스컬레이터-신길 내부 8호기,B4-B3,영등포시장 방면7-3,보수중,ES,2026-09-03 11:35
2535,종로3가(5),승강기)엘리베이터-종로3가(5) 내부 2호기,B4-B5,"광화문 방면8-4, 을지로4가 방면1-1",보수중,EV,2026-09-03 11:35
2539,신금호,승강기)에스컬레이터-신금호 2번 출입구 외부 9호기,B1-1F,2번 출입구,보수중,ES,2026-09-03 11:35
2559,개롱,승강기)엘리베이터-개롱 외부3,B1-1F,"3,4번 출입구 사이",보수중,EV,2026-09-03 11:35
2566,하남검단산,승강기)에스컬레이터-하남검단산역 내부 12호기,B1-B2,대합실(3번 출입구 방향),보수중,ES,2026-09-03 11:35
2620,월드컵경기장,승강기)에스컬레이터-월드컵경기장 외부2,B1-1F,3번 출입구,보수중,ES,2026-09-03 11:35
2635,청구(6),승강기)에스컬레이터-청구(6) 내부2,B2-B3,환승통로(5호선 방면),보수중,ES,2026-09-03 11:35
2648,봉화산,승강기)엘리베이터-봉화산 내부 3호기,B2-B1,신내 방면8-3,보수중,EV,2026-09-03 11:35
2724,사가정,승강기)에스컬레이터-사가정 내부 1호기,B1-B3,대합실,보수중,ES,2026-09-03 11:35
2724,사가정,승강기)엘리베이터-사가정 외부3,B1-1F,3번 출입구,보수중,EV,2026-09-03 11:35
2732,강남구청(7),승강기)에스컬레이터-강남구청(7) 내부 5호기,B1-BM1,1번 출입구,보수중,ES,2026-09-03 11:35
2733,학동,승강기)에스컬레이터-학동 내부 2호기,B2-B1,3~5번 출입구 방면 통로,보수중,ES,2026-09-03 11:35
2736,고속터미널(7),승강기)에스컬레이터-고속터미널(7) 내부 13호기,B1-B2,대합실(3번 출입구),보수중,ES,2026-09-03 11:35
2736,고속터미널(7),승강기)에스컬레이터-고속터미널(7) 내부 9호기,B3-B2,"환승통로(3,9호선 방면)",보수중,ES,2026-09-03 11:35
2739,남성,승강기)에스컬레이터-남성 2번 출입구 외부 14호기,1F-BM1,2번 출입구,보수중,ES,2026-09-03 11:35
0158,청량리(1),승강기)에스컬레이터-청량리 6번출구 하행1,1F-B1,6번 출입구,보수중,ES,2026-09-04 11:32
0217,잠실새내,승강기)에스컬레이터-잠실새내 7번출구 하행8,1F-B1,7번 출입구,보수중,ES,2026-09-04 11:32
0326,압구정,승강기)에스컬레이터-압구정 3번 출입구 6호기,1F-BM1,3번 출입구,보수중,ES,2026-09-04 11:32
2515,마곡,승강기)에스컬레이터-마곡 외부5,B1-1F,6번 출입구,보수중,ES,2026-09-04 11:32
2515,마곡,승강기)엘리베이터-마곡 내부1,B1-B2,송정 방면4-4,보수중,EV,2026-09-04 11:32
2549,강동,승강기)엘리베이터-강동 외부 2호기,B3-1F,1번 출입구,보수중,EV,2026-09-04 11:32
2562,강일,승강기)엘리베이터-강일역 2번 출입구 외부 엘리베이터 6호기,B2-1F,2번 출입구,보수중,EV,2026-09-04 11:32
2612,역촌,승강기)에스컬레이터-역촌 외부4,1F-B1,4번 출입구,보수중,ES,2026-09-04 11:32
2645,석계(6),승강기)엘리베이터-석계(6) 내부1,B2-B3,돌곶이 방면3-3,보수중,EV,2026-09-04 11:32
2647,화랑대,승강기)엘리베이터-화랑대 외부4,B1-1F,7번 출입구,보수중,EV,2026-09-04 11:32
2713,수락산,승강기)에스컬레이터-수락산 4번 출입구 외부 5호기,B1-1F,4번 출입구,보수중,ES,2026-09-04 11:32
2736,고속터미널(7),승강기)에스컬레이터-고속터미널(7) 내부 11호기,B2-B3,"환승통로(3,9호선 방면)",보수중,ES,2026-09-04 11:32
0327,신사,승강기)에스컬레이터-신사 5번출구 하행3,1F-B1,5번 출입구,보수중,ES,2026-09-05 11:33
0341,경찰병원,승강기)에스컬레이터-경찰병원 3번출구 19호기,1F-B1,3번 출입구,보수중,ES,2026-09-05 11:33
0412,창동(4),승강기)에스컬레이터-창동 1번출구 상행2,1F-2F,1번 출입구,보수중,ES,2026-09-05 11:33
0423,충무로(4),승강기)에스컬레이터-충무로(4) 내부 12호기,B2-B1,대합실(동대문역사문화공원 방면6-3),보수중,ES,2026-09-05 11:33
2525,영등포시장,승강기)엘리베이터-영등포시장 내부2,B1-B6,신길 방면5-2,보수중,EV,2026-09-05 11:33
2533,서대문,승강기)에스컬레이터-서대문 외부5,BM1-1F,6번 출입구,보수중,ES,2026-09-05 11:33
2611,응암,승강기)에스컬레이터-응암 외부3,BM1-1F,2번 출입구,보수중,ES,2026-09-05 11:33
2616,구산,승강기)에스컬레이터-구산 3번출입구 4호기,1F-B1,3번 출입구,보수중,ES,2026-09-05 11:33
2636,신당(6),승강기)무빙워크-신당(6) 1,B1-B1,환승통로(2호선 방면),보수중,MW,2026-09-05 11:33
0153,종로3가(1),승강기)에스컬레이터-종로3가(1) 1번출구 1호기,1F-B1,1번 출입구,보수중,ES,2026-09-06 11:30
0226,사당(2),승강기)에스컬레이터-사당(2) 내선(8-1) 7호기,B1-B2,낙성대 방면8-1,보수중,ES,2026-09-06 11:30
0322,동대입구,승강기)에스컬레이터-동대입구 6번출구 하행 1,1F-B2,6번 출입구,보수중,ES,2026-09-06 11:30
0329,고속터미널(3),승강기)에스컬레이터-고속터미널 내부 1호기,B2-B3,잠원 방면2-3,보수중,ES,2026-09-06 11:30
0329,고속터미널(3),승강기)에스컬레이터-고속터미널 내부 6호기,B3-B2,잠원 방면7-2,보수중,ES,2026-09-06 11:30
0329,고속터미널(3),승강기)에스컬레이터-고속터미널 내부 7호기,B2-B3,잠원 방면9-2,보수중,ES,2026-09-06 11:30
0339,수서(3),승강기)에스컬레이터-수서 내부 7호기,B1-B2,일원 방면9-3,보수중,ES,2026-09-06 11:30
0426,서울역(4),승강기)에스컬레이터-서울(4)역 당고개방향(1-1) 2호기,B2-B1,"회현 방면1-1,숙대입구 방면10-4",보수중,ES,2026-09-06 11:30
0433,사당(4),승강기)에스컬레이터-사당(4) 4번출구 2호기,1F-B1,4번 출입구,보수중,ES,2026-09-06 11:30
2530,공덕(5),승강기)에스컬레이터-공덕 내부2,B2-B3,환승통로(애오개 방면8-4 마포 방면1-1),보수중,ES,2026-09-06 11:30
2535,종로3가(5),승강기)에스컬레이터-종로3가(5) 내부 9호기,1F-B1,4번 출입구,보수중,ES,2026-09-06 11:30
2553,고덕,승강기)에스컬레이터-고덕 외부4,1F-B1,"대합실(1,2번 출입구 사이)",보수중,ES,2026-09-06 11:30
2617,새절,승강기)에스컬레이터-새절 내부1,B2-B1,응암 방면3-3,보수중,ES,2026-09-06 11:30
2625,광흥창,승강기)엘리베이터-광흥창 외부3,B1-1F,4번 출입구,보수중,EV,2026-09-06 11:30
2634,약수(6),승강기)에스컬레이터-약수(6) 내부3,B2-B3,환승통로(3호선 방면),보수중,ES,2026-09-06 11:30
2642,월곡,승강기)에스컬레이터-월곡 외부6,BM1-1F,3번 출입구,보수중,ES,2026-09-06 11:30
2731,청담,승강기)엘리베이터-청담 외부2,B3-1F,10번 출입구,보수중,EV,2026-09-06 11:30
2738,이수(7),승강기)에스컬레이터-이수(7) 내부 8호기,B2-B3,환승통로(4호선 사당 방면),보수중,ES,2026-09-06 11:30
2812,천호(8),승강기)엘리베이터-천호(8) 외부 1호기,B2-B1,암사 방면2-2,보수중,EV,2026-09-06 11:30
2819,문정,승강기)엘리베이터-문정 외부 3호기,B1-1F,2번 출입구,보수중,EV,2026-09-06 11:30
2822,산성,승강기)엘리베이터-산성 내부 2호기,B3-B2,남한산성입구 방면1-3,보수중,EV,2026-09-06 11:30
0209,한양대,승강기)에스컬레이터-한양대 1번출구 하행 1,1F-2F,1번 출입구,보수중,ES,2026-09-07 11:27
0316,독립문,승강기)에스컬레이터-독립문 내부 4호기,B1-B2,대합실(5번 출입구),보수중,ES,2026-09-07 11:27
0320,을지로3가(3),승강기)에스컬레이터-을지로3가(3) 내부 1호기,B3-B2,"종로3가 방면4-2, 충무로 방면7-4",보수중,ES,2026-09-07 11:27
0325,옥수(3),승강기)에스컬레이터-옥수(3) 4번출구 1호기,2F-1F,4번 출입구,보수중,ES,2026-09-07 11:27
2528,여의나루,승강기)에스컬레이터-여의나루 내부7,B1-BM1,대합실,보수중,ES,2026-09-07 11:27
2531,애오개,승강기)엘리베이터-애오개 외부4,B1-1F,2번 출입구,보수중,EV,2026-09-07 11:27
2628,효창공원앞(6),승강기)에스컬레이터-효창공원앞(6) 내부1,B2-B1,대합실,보수중,ES,2026-09-07 11:27
2810,암사역사공원,승강기)에스컬레이터-암사역사공원 2번출입구 10호기,1F-BM1,2번 출입구,보수중,ES,2026-09-07 11:27
0155,동대문(1),승강기)엘리베이터-동대문(1) 6번 출구측 외부#1,B1-1F,6번 출입구,보수중,EV,2026-09-08 11:40
0216,잠실(2),승강기)에스컬레이터-잠실(2) 내부 8호기,B2-B1,잠실새내 방면5-3,보수중,ES,2026-09-08 11:40
0226,사당(2),승강기)엘리베이터-사당(2) 6번 출구측 외부#2,B1-1F,6번 출입구,보수중,EV,2026-09-08 11:40
0228,서울대입구,승강기)에스컬레이터-서울대입구 4번출구 7호기,1F-B1,4번 출입구,보수중,ES,2026-09-08 11:40
0316,독립문,승강기)에스컬레이터-독립문 내부 3호기,B2-B1,대합실(5번 출입구),보수중,ES,2026-09-08 11:40
0339,수서(3),승강기)에스컬레이터-수서 5번출구 12호기,B1-1F,5번 출입구,보수중,ES,2026-09-08 11:40
0340,가락시장(3),승강기)에스컬레이터-가락시장(3) 내부 6호기,B4-B3,수서 방면8-3,보수중,ES,2026-09-08 11:40
0413,쌍문,승강기)에스컬레이터-쌍문 4번출구 상행2,B1-1F,4번 출입구,보수중,ES,2026-09-08 11:40
0415,미아,승강기)에스컬레이터-미아 1번 출입구 4호기,B1-1F,1번 출입구,보수중,ES,2026-09-08 11:40
0415,미아,승강기)엘리베이터-미아 1-2번 출구측 외부#1,B1-1F,"1,2번 출입구 사이",보수중,EV,2026-09-08 11:40
0419,한성대입구,승강기)에스컬레이터-한성대입구 5번출구 하행1,B1-1F,5번 출입구,보수중,ES,2026-09-08 11:40
2518,화곡,승강기)에스컬레이터-화곡 내부2,B1-B2,"3,4번 출입구 사이",보수중,ES,2026-09-08 11:40
2527,여의도(5),승강기)에스컬레이터-여의도 내부4,B1-B3,대합실,보수중,ES,2026-09-08 11:40
2540,행당,승강기)에스컬레이터-행당 내부2,B1-B3,대합실,보수중,ES,2026-09-08 11:40
2540,행당,승강기)에스컬레이터-행당 외부8,1F-B1,4번 출입구,보수중,ES,2026-09-08 11:40
2565,하남시청,승강기)에스컬레이터-하남시청역 내부 15호기,M1-1F,1번 출입구,보수중,ES,2026-09-08 11:40
2613,불광(6),승강기)에스컬레이터-불광(6) 내부7,B2-BM2,환승통로(3호선 방면),보수중,ES,2026-09-08 11:40
2620,월드컵경기장,승강기)에스컬레이터-월드컵경기장 외부8,B1-1F,2번 출입구,보수중,ES,2026-09-08 11:40
2624,상수,승강기)에스컬레이터-상수 내부4,B2-B1,대합실,보수중,ES,2026-09-08 11:40
2629,삼각지(전쟁기념관)(6),승강기)무빙워크-삼각지(6) 5,B3-B3,환승통로(4호선 방면),보수중,MW,2026-09-08 11:40
2629,삼각지(전쟁기념관)(6),승강기)무빙워크-삼각지(6) 7,B3-B3,환승통로(4호선 방면),보수중,MW,2026-09-08 11:40
2632,한강진,승강기)에스컬레이터-한강진 외부3,B1-1F,2번 출입구,보수중,ES,2026-09-08 11:40
2634,약수(6),승강기)에스컬레이터-약수(6) 내부4,B3-B2,환승통로(3호선 방면),보수중,ES,2026-09-08 11:40
2639,보문(6),승강기)에스컬레이터-보문(6) 내부1,B2-B1,대합실,보수중,ES,2026-09-08 11:40
2642,월곡,승강기)에스컬레이터-월곡 외부3,1F-BM1,2번 출입구,보수중,ES,2026-09-08 11:40
2720,먹골,승강기)에스컬레이터-먹골 7번 출입구 외부 4호기,1F-B1,7번 출입구,보수중,ES,2026-09-08 11:40
2725,용마산,승강기)에스컬레이터-용마산 내부 2호기,B3-B1,대합실,보수중,ES,2026-09-08 11:40
2739,남성,승강기)에스컬레이터-남성 2번 출입구 외부 13호기,BM1-1F,2번 출입구,보수중,ES,2026-09-08 11:40
2749,철산,승강기)에스컬레이터-철산 1번 출입구 외부 3호기,B1-1F,1번 출입구,보수중,ES,2026-09-08 11:40
2814,몽촌토성,승강기)에스컬레이터-몽촌토성 내부 2호기,B1-B2,대합실(개찰구 측),보수중,ES,2026-09-08 11:40
2819,문정,승강기)에스컬레이터-문정 2번 출입구 외부 2호기,1F-B1,2번 출입구,보수중,ES,2026-09-08 11:40
0201,시청(2),승강기)엘리베이터-시청(2) 9번 출구측 외부#1,B1-1F,9번 출입구,보수중,EV,2026-09-09 11:40
0221,역삼,승강기)엘리베이터-역삼 외선 7-3 내부#1,B3-B2,선릉 방면7-3,보수중,EV,2026-09-09 11:40
0236,영등포구청(2),승강기)에스컬레이터-영등포구청(2) 4번출입구 3호기,1F-B1,4번 출입구,보수중,ES,2026-09-09 11:40
0250,용두,승강기)엘리베이터-용두 3번 출구측 외부#1,B1-1F,3번 출입구,보수중,EV,2026-09-09 11:40
0335,대치,승강기)에스컬레이터-대치 4번출구 6호기,1F-B1,4번 출입구,보수중,ES,2026-09-09 11:40
0338,일원,승강기)에스컬레이터-일원 2번출구 3호기,B1-1F,2번 출입구,보수중,ES,2026-09-09 11:40
0339,수서(3),승강기)에스컬레이터-수서 2번출구 4호기,B1-1F,2번 출입구,보수중,ES,2026-09-09 11:40
2522,오목교,승강기)에스컬레이터-오목교 내부2,B2-1F,1번 출입구,보수중,ES,2026-09-09 11:40
2523,양평(5),승강기)에스컬레이터-양평 내부3,B3-B1,고객안전실 측(지하1층),보수중,ES,2026-09-09 11:40
2533,서대문,승강기)에스컬레이터-서대문역 외부10,1F-B1,4번 출입구,보수중,ES,2026-09-09 11:40
2819,문정,승강기)에스컬레이터-문정 3번 출입구 외부 4호기,1F-B1,3번 출입구,보수중,ES,2026-09-09 11:40
2819,문정,승강기)엘리베이터-문정 4번 출입구 외부 4호기,B1-BM1-1F,4번 출입구,보수중,EV,2026-09-09 11:40
0318,안국,승강기)에스컬레이터-안국 5번출구 9호기,1F-B1,5번 출입구,보수중,ES,2026-09-10 11:42
0424,명동,승강기)에스컬레이터-명동 B계단 옆 4호기,B3-B2,"회현 방면1-1,충무로 방면10-4",보수중,ES,2026-09-10 11:42
2524,영등포구청(5),승강기)에스컬레이터-영등포구청 내부10,B5-B4,영등포시장 방면2-3,보수중,ES,2026-09-10 11:42
2541,왕십리(5),승강기)에스컬레이터-왕십리 내부5,B4-B2,환승통로(2호선 시청방면),보수중,ES,2026-09-10 11:42
2624,상수,승강기)에스컬레이터-상수 외부9,1F-BM1,3번 출입구,보수중,ES,2026-09-10 11:42
2645,석계(6),승강기)에스컬레이터-석계(6) 내부4,B3-B2,태릉입구 방면3-2,보수중,ES,2026-09-10 11:42
2733,학동,승강기)에스컬레이터-학동 10번 출입구 외부 8호기,1F-B1,10번 출입구,보수중,ES,2026-09-10 11:42
2739,남성,승강기)에스컬레이터-남성 2번 출입구 내부 12호기,BM1-B1,2번 출입구 방면 통로,보수중,ES,2026-09-10 11:42
2747,남구로,승강기)엘리베이터-남구로 내부 1호기,B2-B5,가산디지털단지방면 8-2,보수중,EV,2026-09-10 11:42
2748,가산디지털단지(7),승강기)에스컬레이터-가산디지털단지(7) 내부 1호기,B3-B1,"대합실(4,5,6번 출입구 및 1호선 환승구간 방면)",보수중,ES,2026-09-10 11:42
2815,잠실(8),승강기)에스컬레이터-잠실(8) 내부 1호기,B1-BM1,9번 출입구,보수중,ES,2026-09-10 11:42
0226,사당(2),승강기)에스컬레이터-사당(2) 외선(3-3) 1호기,B1-B2,방배 방면3-3,보수중,ES,2026-09-11 11:35
0238,합정(2),승강기)에스컬레이터-합정(2) 내부 2호기,B3-B2,홍대입구 방면7-3,보수중,ES,2026-09-11 11:35
0342,오금(3),승강기)에스컬레이터-오금(3) 내부 5호기,B2-B3,경찰병원 방면7-1,보수중,ES,2026-09-11 11:35
2612,역촌,승강기)에스컬레이터-역촌 외부6,B1-1F,2번 출입구,보수중,ES,2026-09-11 11:35
2626,대흥,승강기)에스컬레이터-대흥 내부2,B1-B2,대합실,보수중,ES,2026-09-11 11:35
2642,월곡,승강기)에스컬레이터-월곡 내부7,B3-B2,고려대 방면3-4,보수중,ES,2026-09-11 11:35
2644,돌곶이,승강기)에스컬레이터-돌곶이 내부1,B1-BM1,1번 출입구 방면(B1),보수중,ES,2026-09-11 11:35
0224,서초,승강기)에스컬레이터-서초 6번출구 하행 1,1F-B1,6번 출입구,보수중,ES,2026-09-12 11:45
0230,신림,승강기)엘리베이터-신림 1번 출구측 외부#1,B1-1F,1번 출입구,보수중,EV,2026-09-12 11:45
0232,구로디지털단지,"승강기)엘리베이터-구로디지털단지 #2,3출입구 외부엘리베이터 2호기",1F-2F,"2,3번 출입구 사이",보수중,EV,2026-09-12 11:45
2526,신길(5),승강기)에스컬레이터-신길 내부 4호기,B1-B3,환승통로(1호선 방면),보수중,ES,2026-09-12 11:45
2546,아차산,승강기)에스컬레이터-아차산 외부5,B1-1F,3번 출입구,보수중,ES,2026-09-12 11:45
2611,응암,승강기)에스컬레이터-응암 외부4,1F-BM1,2번 출입구,보수중,ES,2026-09-12 11:45
2613,불광(6),승강기)에스컬레이터-불광(6) 내부 1호기,B2-B4,독바위 방면7-2,보수중,ES,2026-09-12 11:45
2642,월곡,승강기)에스컬레이터-월곡 외부5,1F-BM1,3번 출입구,보수중,ES,2026-09-12 11:45
2642,월곡,승강기)엘리베이터-월곡 내부2,B2-B3,상월곡 방면4-4,보수중,EV,2026-09-12 11:45
2714,마들,승강기)에스컬레이터-마들 3번 출입구 외부 3호기,1F-B1,3번 출입구,보수중,ES,2026-09-12 11:45
2716,중계,승강기)에스컬레이터-중계역 6번출입구 E/S 1200형 9호기,B1-1F,6번 출입구,보수중,ES,2026-09-12 11:45
2728,어린이대공원,승강기)에스컬레이터-어린이대공원 5번 출입구 외부 2호기,1F-B1,5번 출입구,보수중,ES,2026-09-12 11:45
2737,내방,승강기)에스컬레이터-내방 6번 출입구 외부 5호기,BM1-1F,6번 출입구,보수중,ES,2026-09-12 11:45
2737,내방,승강기)에스컬레이터-내방 내부 9호기,B2-B1,대합실(1~8번 출입구 방면),보수중,ES,2026-09-12 11:45
2746,대림(7),승강기)에스컬레이터-대림(7) 11번 출입구 외부 13호기,1F-B2,11번 출입구,보수중,ES,2026-09-12 11:45
2819,문정,승강기)에스컬레이터-문정 내부 6호기,M1-B1,연결통로(4번 출입구 방면 중층),보수중,ES,2026-09-12 11:45
0207,상왕십리,승강기)에스컬레이터-상왕십리 1-1번출구 7호기,B1-B2,1-1번 출입구,보수중,ES,2026-09-13 11:43
0223,교대(2),승강기)에스컬레이터-교대(2) 6번출구 2호기,B1-1F,6번 출입구,보수중,ES,2026-09-13 11:43
0329,고속터미널(3),승강기)에스컬레이터-고속터미널 내부 13호기,B2-B3,교대 방면7-2,보수중,ES,2026-09-13 11:43
0338,일원,승강기)엘리베이터-일원 1번 출구측 외부#3,B2-1F,1번 출입구,보수중,EV,2026-09-13 11:43
0341,경찰병원,승강기)엘리베이터-경찰병원 3번 출구측 외부#2,B1-1F,3번 출입구,보수중,EV,2026-09-13 11:43
2729,건대입구(7),승강기)에스컬레이터-건대입구(7) 내부 2호기,M1-B3,환승통로(2호선 방면),보수중,ES,2026-09-13 11:43
2735,반포,승강기)에스컬레이터-반포 내부 5호기,B2-B1,대합실(1~6번 출입구 방면),보수중,ES,2026-09-13 11:43
0159,동묘앞(1),승강기)에스컬레이터-동묘앞(1) 2번출구 10호기,B1-1F,2번 출입구,보수중,ES,2026-09-14 11:58
0159,동묘앞(1),승강기)에스컬레이터-동묘앞(1) 3번출구 11호기,1F-B1,3번 출입구,보수중,ES,2026-09-14 11:58
0215,잠실나루,승강기)에스컬레이터-잠실나루 2번출구 3호기,2F-3F,강변 방면10-1,보수중,ES,2026-09-14 11:58
0225,방배,승강기)엘리베이터-방배 내선 3-1 내부#2,B2-B1,사당 방면3-1,보수중,EV,2026-09-14 11:58
0229,봉천,승강기)에스컬레이터-봉천 4번출구 8호기,B1-1F,4번 출입구,보수중,ES,2026-09-14 11:58
0230,신림,승강기)에스컬레이터-신림 5번 출구측 7호기,1F-B1,5번 출입구,보수중,ES,2026-09-14 11:58
0238,합정(2),승강기)에스컬레이터-합정(2) 내부 1호기,B3-B2,당산 방면4-1,보수중,ES,2026-09-14 11:58
0250,용두,승강기)에스컬레이터-용두 성수방향(3-1) 2호기,B3-B2,신답 방면3-1,보수중,ES,2026-09-14 11:58
0316,독립문,승강기)엘리베이터-독립문 섬식(상) 9-1 내부#1,B3-B2,"무악재 방면9-1, 경복궁 방면2-4",보수중,EV,2026-09-14 11:58
0319,종로3가(3),승강기)에스컬레이터-종로3가(3) 1호선연결통로 2호기,B4-B2,환승통로(을지로3가 방면1-1 안국 방면10-4),보수중,ES,2026-09-14 11:58
2511,방화,승강기)에스컬레이터-방화 1번출입구 E/S 1200형 4호기,1F-BM1,1번 출입구,보수중,ES,2026-09-14 11:58
2519,까치산(5),승강기)에스컬레이터-까치산 외부9,B1-1F,1번 출입구,보수중,ES,2026-09-14 11:58
2530,공덕(5),승강기)에스컬레이터-공덕 내부5,B2-B1,대합실,보수중,ES,2026-09-14 11:58
2563,미사,승강기)에스컬레이터-미사 내부 10호기,1F-B1,2번 출입구,보수중,ES,2026-09-14 11:58
2563,미사,승강기)에스컬레이터-미사 내부 4호기,B2-B1,강일 방면6-1,보수중,ES,2026-09-14 11:58
2563,미사,승강기)에스컬레이터-미사 내부 8호기,1F-B1,1번 출입구,보수중,ES,2026-09-14 11:58
2731,청담,승강기)에스컬레이터-청담 10번 출입구 외부 6호기,B1-1F,10번 출입구,보수중,ES,2026-09-14 11:58
2732,강남구청(7),승강기)에스컬레이터-강남구청(7) 내부 3호기,B2-B1,대합실(1~4번 출입구 방면),보수중,ES,2026-09-14 11:58
2817,송파,승강기)에스컬레이터-송파 4번출구측 외부 3호기,B1-1F,4번 출입구,보수중,ES,2026-09-14 11:58
2819,문정,승강기)에스컬레이터-문정 2번 출입구 외부 1호기,B1-1F,2번 출입구,보수중,ES,2026-09-14 11:58
2823,남한산성입구,승강기)에스컬레이터-남한산성입구 1번 출입구 외부 1호기,B1-1F,1번 출입구,보수중,ES,2026-09-14 11:58
2824,단대오거리,승강기)에스컬레이터-단대오거리 내부 3호기,B2-B1,대합실,보수중,ES,2026-09-14 11:58
0223,교대(2),승강기)에스컬레이터-교대(2) 11번 출입구 4호기,1F-B1,11번 출입구,보수중,ES,2026-09-15 12:00
0326,압구정,승강기)에스컬레이터-압구정 6번출구 상행8,B1-1F,6번 출입구,보수중,ES,2026-09-15 12:00
0329,고속터미널(3),승강기)에스컬레이터-고속터미널 내부 20호기,B2-B1,환승통로(경부선 방면),보수중,ES,2026-09-15 12:00
2555,둔촌동,승강기)엘리베이터-둔촌동 내부2,B1-B2,올림픽공원 방면5-1,보수중,EV,2026-09-15 12:00
2563,미사,승강기)에스컬레이터-미사 내부 16호기,1F-B1,6번 출입구,보수중,ES,2026-09-15 12:00
2563,미사,승강기)에스컬레이터-미사 내부 17호기,B1-1F,7번 출입구,보수중,ES,2026-09-15 12:00
2563,미사,승강기)에스컬레이터-미사 내부 19호기,B1-1F,9번 출입구,보수중,ES,2026-09-15 12:00
2563,미사,승강기)에스컬레이터-미사 내부 21호기,B1-1F,10번 출입구,보수중,ES,2026-09-15 12:00
2563,미사,승강기)에스컬레이터-미사 내부 9호기,B1-1F,2번 출입구,보수중,ES,2026-09-15 12:00
0207,상왕십리,승강기)에스컬레이터-상왕십리 1-1번출구 6호기,B1-1F,1-1번 출입구,보수중,ES,2026-09-16 11:57
0248,양천구청,승강기)에스컬레이터-양천구청 1번 출입구 2호기,B1-1F,2번 출입구,보수중,ES,2026-09-16 11:57
0424,명동,승강기)엘리베이터-명동 승강장-대합실 내부엘리베이터 1호기,B4-B1,"충무로 방면1-1,회현 방면10-4",보수중,EV,2026-09-16 11:57
0426,서울역(4),승강기)엘리베이터-서울(4)역 섬식(상) 9-1 내부#1,B2-B1,"회현 방면9-1,숙대입구 방면2-4",보수중,EV,2026-09-16 11:57
2524,영등포구청(5),승강기)에스컬레이터-영등포구청 내부9,B5-B4,양평 방면7-2,보수중,ES,2026-09-16 11:57
2525,영등포시장,승강기)에스컬레이터-영등포시장 내부6,B3-B2,대합실,보수중,ES,2026-09-16 11:57
2528,여의나루,승강기)에스컬레이터-여의나루 내부5,B2-B1,대합실,보수중,ES,2026-09-16 11:57
2528,여의나루,승강기)에스컬레이터-여의나루 외부10,1F-B1,4번 출입구,보수중,ES,2026-09-16 11:57
2536,을지로4가(5),승강기)에스컬레이터-을지로4가 내부2,B4-B2,대합실(아이센터 측),보수중,ES,2026-09-16 11:57
2541,왕십리(5),승강기)에스컬레이터-왕십리 내부8,B4-B2,환승통로(2호선 시청방면),보수중,ES,2026-09-16 11:57
2545,군자(5),승강기)에스컬레이터-군자 외부4,1F-B1,4번 출입구,보수중,ES,2026-09-16 11:57
2546,아차산,승강기)에스컬레이터-아차산 내부4,B1-B2,대합실,보수중,ES,2026-09-16 11:57
2556,올림픽공원(5),승강기)엘리베이터-올림픽공원 외부4,B2-1F,2번 출입구,보수중,EV,2026-09-16 11:57
2560,거여,승강기)에스컬레이터-거여 내부2,B1-BM1,"대합실(5,6번 출입구 방면)",보수중,ES,2026-09-16 11:57
2562,강일,승강기)에스컬레이터-강일역 1번 출입구 9호기,B2-1F,1번 출입구,보수중,ES,2026-09-16 11:57
2617,새절,승강기)엘리베이터-새절 내부1,B1-B2,응암 방면4-4,보수중,EV,2026-09-16 11:57
2629,삼각지(전쟁기념관)(6),승강기)무빙워크-삼각지(6) 1,B3-B3,환승통로(4호선 방면),보수중,MW,2026-09-16 11:57
2633,버티고개,승강기)에스컬레이터-버티고개 외부4,1F-B1,3번 출입구,보수중,ES,2026-09-16 11:57
2635,청구(6),승강기)에스컬레이터-청구(6) 내부7,B1-BM1,3번 출입구,보수중,ES,2026-09-16 11:57
2645,석계(6),승강기)에스컬레이터-석계(6) 내부12,B1-2F,환승통로(1호선 승강장 방면),보수중,ES,2026-09-16 11:57
2714,마들,승강기)에스컬레이터-마들 내부 7호기,B1-B2,개집표기 앞(B2),보수중,ES,2026-09-16 11:57
2735,반포,승강기)에스컬레이터-반포 6번 출입구 외부 4호기,1F-B1,6번 출입구,보수중,ES,2026-09-16 11:57
2736,고속터미널(7),승강기)에스컬레이터-고속터미널(7) 내부 14호기,B1-B2,대합실(4~6번 출입구 방면),보수중,ES,2026-09-16 11:57
2736,고속터미널(7),승강기)에스컬레이터-고속터미널(7) 내부 8호기,B3-B2,내방 방면2-4,보수중,ES,2026-09-16 11:57
2738,이수(7),승강기)에스컬레이터-이수(7) 12번 출입구 20호기,1F-B1,12번 출입구,보수중,ES,2026-09-16 11:57
2743,신대방삼거리,승강기)에스컬레이터-신대방삼거리 내부 4호기,BM1-B1,1번 출입구,보수중,ES,2026-09-16 11:57
2744,보라매,승강기)에스컬레이터-보라매 8번 출입구 3호기,1F-B1,8번 출입구,보수중,ES,2026-09-16 11:57
2746,대림(7),승강기)에스컬레이터-대림(7) 10번 출입구 외부 6호기,B1-1F,10번 출입구,보수중,ES,2026-09-16 11:57
2746,대림(7),승강기)에스컬레이터-대림(7) 내부 10호기,B1-1F,환승통로(2호선 방면),보수중,ES,2026-09-16 11:57
2746,대림(7),승강기)에스컬레이터-대림(7) 내부 9호기,1F-B1,환승통로(2호선 방면),보수중,ES,2026-09-16 11:57
2747,남구로,승강기)에스컬레이터-남구로 내부 3호기,B4-B2,대합실(2~5번 출입구 방면),보수중,ES,2026-09-16 11:57
2752,온수(7),승강기)에스컬레이터-온수(7) 내부 15호기,1F-B1,환승통로(1호선 역곡 방면),보수중,ES,2026-09-16 11:57
2810,암사역사공원,승강기)에스컬레이터-암사역사공원 2번출입구 7호기,B1-BM1,2번 출입구(중간층),보수중,ES,2026-09-16 11:57
2811,암사,승강기)엘리베이터-암사 외부 3호기,B1-1F,"3,4번 출입구 사이",보수중,EV,2026-09-16 11:57
2823,남한산성입구,승강기)에스컬레이터-남한산성입구 내부 4호기,B2-B1,대합실,보수중,ES,2026-09-16 11:57
0221,역삼,승강기)에스컬레이터-역삼 외부 3호기,1F-B1,"대합실(1,2,5,6,7,8번 출입구 방면)",보수중,ES,2026-09-17 12:00
0249,신정네거리,승강기)에스컬레이터-신정네거리 2번출구 4호기,B1-1F,2번 출입구,보수중,ES,2026-09-17 12:00
2520,신정,승강기)에스컬레이터-신정 내부2,B2-B3,까치산 방면1-1,보수중,ES,2026-09-17 12:00
2551,굽은다리,승강기)에스컬레이터-굽은다리 1번 출입구 외부 1호기,1F-B1,1번 출입구,보수중,ES,2026-09-17 12:00
2553,고덕,승강기)엘리베이터-고덕 내부2,B1-B2,상일동 방면6-1,보수중,EV,2026-09-17 12:00
2724,사가정,승강기)에스컬레이터-사가정 2번 출입구 외부 10호기,1F-B1,2번 출입구,보수중,ES,2026-09-17 12:00
2729,건대입구(7),승강기)에스컬레이터-건대입구(7) 내부 5호기,B2-2F,환승통로(뚝섬유원지 방면1-1),보수중,ES,2026-09-17 12:00
2751,천왕,승강기)에스컬레이터-천왕 외부 6호기,1F-B1,2번 출입구,보수중,ES,2026-09-17 12:00
2752,온수(7),승강기)에스컬레이터-온수(7) 5번 출입구 12호기,B1-1F,5번 출입구,보수중,ES,2026-09-17 12:00
0152,종각,승강기)에스컬레이터-종각 1번출구 상행2,B1-1F,1번 출입구,보수중,ES,2026-09-18 11:47
0210,뚝섬,승강기)에스컬레이터-뚝섬 2번 출구 3호기,1F-2F,2번 출입구,보수중,ES,2026-09-18 11:47
0225,방배,승강기)에스컬레이터-방배 4번출구 2호기,B1-1F,4번 출입구,보수중,ES,2026-09-18 11:47
0230,신림,승강기)에스컬레이터-신림 4번출구 5호기,1F-B1,4번 출입구,보수중,ES,2026-09-18 11:47
0233,대림(2),승강기)에스컬레이터-대림 1번출구 하행1,2F-1F,1번 출입구,보수중,ES,2026-09-18 11:47
0240,신촌,승강기)에스컬레이터-신촌 6번출구3,1F-B1,6번 출입구,보수중,ES,2026-09-18 11:47
0245,신답,승강기)엘리베이터-신답 외선 2-4 내부#1,1F-2F,용두 방면2-4,보수중,EV,2026-09-18 11:47
0250,용두,승강기)엘리베이터-용두 4번 출구측 외부#2,B1-1F,4번 출입구,보수중,EV,2026-09-18 11:47
0416,미아사거리,승강기)에스컬레이터-미아사거리 3번출구 하행 1,1F-B1,3번 출입구,보수중,ES,2026-09-18 11:47
0418,성신여대입구(4),승강기)에스컬레이터-성신여대입구 1번출구 상행2,B1-1F,1번 출입구,보수중,ES,2026-09-18 11:47
0433,사당(4),승강기)에스컬레이터-사당(4) 3번출구 7호기,B1-1F,3번 출입구,보수중,ES,2026-09-18 11:47
2613,불광(6),승강기)에스컬레이터-불광(6) 내부5,B2-BM2,환승통로(3호선 방면),보수중,ES,2026-09-18 11:47
2715,노원(7),승강기)에스컬레이터-노원(7) 내부 3호기,B3-B1,"마들 방면1-1, 중계 방면8-4",보수중,ES,2026-09-18 11:47
2727,군자(7),승강기)에스컬레이터-군자(7) 내부 3호기,B2-B3,대합실,보수중,ES,2026-09-18 11:47
2730,자양(뚝섬한강공원),승강기)에스컬레이터-자양역 1번 출입구 외부 2호기,1F-2F,1번 출입구,보수중,ES,2026-09-18 11:47
2813,강동구청,승강기)엘리베이터-강동구청 외부 3호기,B2-1F,4번 출입구,보수중,EV,2026-09-18 11:47
0158,청량리(1),승강기)엘리베이터-청량리 6번 출구측 외부#1,B2-1F,6번 출입구,보수중,EV,2026-09-19 11:46
0159,동묘앞(1),승강기)에스컬레이터-동묘앞(1) 시청방향(2-4) 5호기,B1-B2,동대문 방면2-4,보수중,ES,2026-09-19 11:46
0224,서초,"승강기)에스컬레이터-서초 3,4번출구 하행7",1F-B1,"3,4번 출입구",보수중,ES,2026-09-19 11:46
0241,이대,승강기)엘리베이터-이대 6번 출구측 외부#1,B1-1F,6번 출입구,보수중,EV,2026-09-19 11:46
0340,가락시장(3),승강기)에스컬레이터-가락시장(3) 내부 16호기,B2-B1,대합실(2번출입구 방면),보수중,ES,2026-09-19 11:46
0421,동대문(4),승강기)에스컬레이터-동대문(4) 4호선연결 5호기,B1-B2,대합실,보수중,ES,2026-09-19 11:46
0433,사당(4),승강기)에스컬레이터-사당(4) 3번출구 6호기,1F-B1,3번 출입구,보수중,ES,2026-09-19 11:46
2536,을지로4가(5),승강기)에스컬레이터-을지로4가 내부3,B2-B4,환승통로(동역사 방면1-4 종로3가 방면8-1),보수중,ES,2026-09-19 11:46
2543,답십리,승강기)에스컬레이터-답십리 외부4,BM1-1F,5번 출입구,보수중,ES,2026-09-19 11:46
2549,강동,승강기)에스컬레이터-강동 내부 5호기,B3-B4,천호 방면8-4,보수중,ES,2026-09-19 11:46
2643,상월곡,승강기)에스컬레이터-상월곡 외부6,1F-M1,2번 출입구,보수중,ES,2026-09-19 11:46
2646,태릉입구(6),승강기)엘리베이터-태릉입구(6) 내부1,B1-B2,석계 방면5-3,보수중,EV,2026-09-19 11:46
2736,고속터미널(7),승강기)에스컬레이터-고속터미널(7) 내부 6호기,B3-B2,내방 방면5-1,보수중,ES,2026-09-19 11:46
2814,몽촌토성,승강기)엘리베이터-몽촌토성 내부 2호기,B3-B2,잠실 방면3-4,보수중,EV,2026-09-19 11:46
0219,삼성,승강기)엘리베이터-삼성 1번 출구측 외부#1,B1-1F,1번 출입구,보수중,EV,2026-09-20 11:58
0332,양재(3),승강기)엘리베이터-양재 4번 출구측 외부#1,B1-1F,4번 출입구,보수중,EV,2026-09-20 11:58
0335,대치,승강기)엘리베이터-대치 7번 출구측 외부#1,B1-1F,7번 출입구,보수중,EV,2026-09-20 11:58
0336,학여울,승강기)에스컬레이터-학여울 B3(대) 하행1,B2-B3,대합실(1번출입구 방면),보수중,ES,2026-09-20 11:58
0339,수서(3),승강기)엘리베이터-수서 1번 출구측 외부#1,B1-1F,1번 출입구,보수중,EV,2026-09-20 11:58
2511,방화,승강기)에스컬레이터-방화 2번출입구 E/S 1200형 6호기,1F-BM1,2번 출입구,보수중,ES,2026-09-20 11:58
2523,양평(5),승강기)에스컬레이터-양평 외부6,1F-BM1,2번 출입구,보수중,ES,2026-09-20 11:58
2528,여의나루,승강기)에스컬레이터-여의나루 내부4,B2-B4,대합실,보수중,ES,2026-09-20 11:58
2530,공덕(5),승강기)에스컬레이터-공덕 내부7,B1-B2,대합실,보수중,ES,2026-09-20 11:58
2532,충정로(5),승강기)에스컬레이터-충정로(5) 내부 4호기,B2-B4,대합실,보수중,ES,2026-09-20 11:58
2533,서대문,승강기)에스컬레이터-서대문 내부2,B3-B1,아이센터 측(지하1층),보수중,ES,2026-09-20 11:58
2535,종로3가(5),승강기)에스컬레이터-종로3가(5) 내부 6호기,B3-B4,환승통로(광화문 방면8-4 을지로4가 방면1-1),보수중,ES,2026-09-20 11:58
2635,청구(6),승강기)에스컬레이터-청구(6) 외부9,BM1-1F,1번 출입구,보수중,ES,2026-09-20 11:58
2636,신당(6),승강기)에스컬레이터-신당(6) 내부 14,B2-B1,환승통로(2호선 방면),보수중,ES,2026-09-20 11:58
2642,월곡,승강기)에스컬레이터-월곡 내부9,B3-B2,상월곡 방면3-3,보수중,ES,2026-09-20 11:58
2739,남성,승강기)에스컬레이터-남성 1번 출입구 외부 3호기,1F-B1,1번 출입구,보수중,ES,2026-09-20 11:58
2813,강동구청,승강기)에스컬레이터-강동구청 내부 5호기,B1-BM1,4번 출입구,보수중,ES,2026-09-20 11:58
2814,몽촌토성,승강기)에스컬레이터-몽촌토성 내부 4호기,BM1-B1,1번 출입구,보수중,ES,2026-09-20 11:58
0240,신촌,승강기)에스컬레이터-신촌 7번출구 상행2,B1-1F,7번 출입구,보수중,ES,2026-09-21 11:55
0423,충무로(4),승강기)에스컬레이터-충무로(4) 내부 5호기,B2-B3,명동 방면5-2,보수중,ES,2026-09-21 11:55
2536,을지로4가(5),승강기)에스컬레이터-을지로4가 외부10,B1-1F,4번 출입구,보수중,ES,2026-09-21 11:55
2634,약수(6),"승강기)에스컬레이터-약수(6) 내부(7,8번출입구) 5호기",B1-BM1,"7,8번 출입구",보수중,ES,2026-09-21 11:55
2637,동묘앞(6),승강기)에스컬레이터-동묘앞(6) 내부12,B2-B3,"신당 방면2-3, 창신 방면7-2",보수중,ES,2026-09-21 11:55
2747,남구로,승강기)에스컬레이터-남구로 2번 출입구 9호기,1F-BM1,2번 출입구,보수중,ES,2026-09-21 11:55
