collected_at,fcltNo,fcltNm,lineNm,stnCd,stnNm,stnNo,crtrYmd,upbdnbSe,mngNo,vcntEntrcNo,bgngFlrGrndUdgdSe,bgngFlr,bgngFlrDtlPstn,endFlrGrndUdgdSe,endFlr,endFlrDtlPstn,elvtrWdthBt,elvtrSn,oprtngSitu
2026-08-07 15:39,1041410,승강기)에스컬레이터-서울역(1) 4호선연결통로 1호기,1호선,0150,서울역,133,20210527,상행,1,내부,지하,B2,연결통로(4호선 방면),지하,B1,연결통로(4호선 방면),800,1800-448,M
2026-08-07 15:39,1127063,승강기)에스컬레이터-제기동 2번출구 하행1,1호선,0157,제기동,125,20210527,하행,1,2,지상,1,2번 출입구,지하,B1,2번 출입구,800,1809-138,M
2026-08-07 15:39,1127064,승강기)에스컬레이터-제기동 2번출구 상행2,1호선,0157,제기동,125,20210527,상행,2,2,지하,B1,2번 출입구,지상,1,2번 출입구,800,1809-139,M
2026-08-07 15:39,1041604,승강기)에스컬레이터-동묘앞(1) 1번출구 7호기,1호선,0159,동묘앞,127,20210527,하행,7,1,지상,1,1번 출입구,지하,B1,1번 출입구,1200,1800-054,M
2026-08-07 15:39,1041605,승강기)에스컬레이터-동묘앞(1) 1번출구 8호기,1호선,0159,동묘앞,127,20210527,상행,8,1,지하,B1,1번 출입구,지상,1,1번 출입구,1200,1800-053,M
2026-08-07 15:39,1041606,승강기)에스컬레이터-동묘앞(1) 2번출구 9호기,1호선,0159,동묘앞,127,20210527,하행,9,2,지상,1,2번 출입구,지하,B1,2번 출입구,1200,1800-058,M
2026-08-07 15:39,1041607,승강기)에스컬레이터-동묘앞(1) 2번출구 10호기,1호선,0159,동묘앞,127,20210527,상행,10,2,지하,B1,2번 출입구,지상,1,2번 출입구,1200,1800-059,M
2026-08-07 15:39,1041608,승강기)에스컬레이터-동묘앞(1) 청량리방향(9-1) 1호기,1호선,0159,동묘앞,127,20210527,하행,1,내부,지하,B2,신설동 방면9-1,지하,B3,신설동 방면9-1,1200,1800-055,M
2026-08-07 15:39,1041609,승강기)에스컬레이터-동묘앞(1) 청량리방향(9-1) 2호기,1호선,0159,동묘앞,127,20210527,상행,2,내부,지하,B3,신설동 방면9-1,지하,B2,신설동 방면9-1,1200,1800-056,M
2026-08-07 15:39,1041610,승강기)에스컬레이터-동묘앞(1) 청량리방향(6-2) 3호기,1호선,0159,동묘앞,127,20210527,하행,3,내부,지하,B1,신설동 방면6-2,지하,B2,신설동 방면6-2,1200,1800-057,M
2026-08-07 15:39,1041611,승강기)에스컬레이터-동묘앞(1) 시청방향(5-4) 4호기,1호선,0159,동묘앞,127,20210527,상행,4,내부,지하,B2,동대문 방면5-4,지하,B1,동대문 방면5-4,1200,1800-060,M
2026-08-07 15:39,1041612,승강기)에스컬레이터-동묘앞(1) 시청방향(2-4) 5호기,1호선,0159,동묘앞,127,20210527,하행,5,내부,지하,B1,동대문 방면2-4,지하,B2,동대문 방면2-4,1200,1800-061,M
2026-08-07 15:39,1041613,승강기)에스컬레이터-동묘앞(1) 시청방향(2-4) 6호기,1호선,0159,동묘앞,127,20210527,상행,6,내부,지하,B2,동대문 방면2-4,지하,B1,동대문 방면2-4,1200,1800-062,S
2026-08-07 15:39,1041614,승강기)에스컬레이터-동묘앞(1) 3번출구 11호기,1호선,0159,동묘앞,127,20210527,하행,11,3,지상,1,3번 출입구,지하,B1,3번 출입구,1200,1800-063,M
2026-08-07 15:39,1041615,승강기)에스컬레이터-동묘앞(1) 3번출구 12호기,1호선,0159,동묘앞,127,20210527,상행,12,3,지하,B1,3번 출입구,지상,1,3번 출입구,1200,1800-064,M
2026-08-07 15:39,1133896,승강기)에스컬레이터-시청(1) 5번출구 1호기,1호선,0151,시청,132,20210527,하행,1,5,지상,1,5번 출입구,지하,B1,5번 출입구,1200,1808-119,M
2026-08-07 15:39,1141455,승강기)에스컬레이터-시청(1) 5번출구 2호기,1호선,0151,시청,132,20210527,상행,2,5,지하,B1,5번 출입구,지상,1,5번 출입구,1200,1808-120,M
2026-08-07 15:39,1143611,승강기)에스컬레이터-시청(1) 1번출구 3호기,1호선,0151,시청,132,20210527,상행,3,1,지하,B1,1번 출입구,지상,1,1번 출입구,1200,1809-239,M
2026-08-07 15:39,1143969,승강기)에스컬레이터-서울(1)역 하행(2-3) 2호기,1호선,0150,서울역,133,20210527,하행,2,내부,지하,B1,"남영 방면2-3,시청 방면9-3",지하,B2,"남영 방면2-3,시청 방면9-3",1200,1806-600,M
2026-08-07 15:39,1143970,승강기)에스컬레이터-서울(1)역 상행(9-3) 3호기,1호선,0150,서울역,133,20210527,상행,3,내부,지하,B2,"시청 방면9-3,남영 방면2-3",지하,B1,"시청 방면9-3,남영 방면2-3",1200,1806-599,M
2026-08-07 15:39,1143982,승강기)에스컬레이터-종로3가(1) 1번출구 1호기,1호선,0153,종로3가,130,20210527,하행,1,1,지상,1,1번 출입구,지하,B1,1번 출입구,1200,1806-432,M
2026-08-07 15:39,1143983,승강기)에스컬레이터-종로3가(1) 14번출구 3호기,1호선,0153,종로3가,130,20210527,하행,3,14,지상,1,14번 출입구,지하,B1,14번 출입구,1200,1806-597,M
2026-08-07 15:39,1143986,승강기)에스컬레이터-동대문(1) 1번 출구 1호기,1호선,0155,동대문,128,20210527,상행,1,1,지하,B1,1번 출입구,지상,1,1번 출입구,1200,1809-225,M
2026-08-07 15:39,1143991,승강기)에스컬레이터-종로3가(1) 1번출구 2호기,1호선,0153,종로3가,130,20210527,상행,2,1,지하,B1,1번 출입구,지상,1,1번 출입구,1200,1806-431,M
2026-08-07 15:39,1143992,승강기)에스컬레이터-종로3가(1) 14번출구 4호기,1호선,0153,종로3가,130,20210527,상행,4,14,지하,B1,14번 출입구,지상,1,14번 출입구,1200,1806-598,M
2026-08-07 15:39,1041718,승강기)에스컬레이터-청량리 6번출구 하행1,1호선,0158,청량리,124,20210527,하행,1,6,지상,1,6번 출입구,지하,B1,6번 출입구,800,1809-136,M
2026-08-07 15:39,1041719,승강기)에스컬레이터-청량리 6번출구 상행2,1호선,0158,청량리,124,20210527,상행,2,6,지하,B1,6번 출입구,지상,1,6번 출입구,800,1809-137,M
2026-08-07 15:39,1547941,승강기)에스컬레이터-서울(1)역 4번출구 4호기,1호선,0150,서울역,133,20210527,하행,4,4,지하,B1,4번 출입구,지상,1,4번 출입구,1200,1810-816,M
2026-08-07 15:39,1547942,승강기)에스컬레이터-서울(1)역 4번출구 5호기,1호선,0150,서울역,133,20210527,상행,5,4,지상,1,4번 출입구,지하,B1,4번 출입구,1200,1810-817,M
2026-08-07 15:39,1153427,승강기)에스컬레이터-청량리 2번출구 하행3,1호선,0158,청량리,124,20210527,하행,3,2,지상,1,2번 출입구,지하,B1,2번 출입구,1200,1806-436,M
2026-08-07 15:39,1153428,승강기)에스컬레이터-청량리 2번출구 상행4,1호선,0158,청량리,124,20210527,상행,4,2,지하,B1,2번 출입구,지상,1,2번 출입구,1200,1806-435,M
2026-08-07 15:39,1202780,승강기)에스컬레이터-종각 1번출구 상행1,1호선,0152,종각,131,20210527,상행,1,1,지상,1,1번 출입구,지하,B1,1번 출입구,1200,1810-730,M
2026-08-07 15:39,1202781,승강기)에스컬레이터-종각 1번출구 상행2,1호선,0152,종각,131,20210527,상행,2,1,지하,B1,1번 출입구,지상,1,1번 출입구,1200,1810-729,M
2026-08-07 15:39,1813079,승강기)에스컬레이터-청량리(1) 5번출구 하행5,1호선,0158,청량리,124,20240828,하행,5,5,지상,1,5번 출입구,지하,B1,5번 출입구,1200,1812-593,M
2026-08-07 15:39,1813080,승강기)에스컬레이터-청량리(1) 5번출구 상행6,1호선,0158,청량리,124,20240828,상행,6,5,지하,B1,5번 출입구,지상,1,5번 출입구,1200,1812-592,M
2026-08-07 15:39,1203543,승강기)에스컬레이터-을지로입구 1번출구 상행6,2호선,0202,을지로입구,202,20210527,상행,6,1,지하,B1,1번 출입구,지상,1,1번 출입구,1200,1800-933,M
2026-08-07 15:39,1041456,승강기)에스컬레이터-역삼 외부 1호기,2호선,0221,역삼,221,20210527,하행,1,내부,지상,1,"대합실(1,2,5,6,7,8번 출입구 방면)",지하,B1,"대합실(1,2,5,6,7,8번 출입구 방면)",1200,1805-221,M
2026-08-07 15:39,1041457,승강기)에스컬레이터-역삼 외부 2호기,2호선,0221,역삼,221,20210527,상행,2,내부,지하,B1,"대합실(1,2,5,6,7,8번 출입구 방면)",지상,1,"대합실(1,2,5,6,7,8번 출입구 방면)",1200,1805-222,M
2026-08-07 15:39,1204327,승강기)에스컬레이터-신촌 6번출구3,2호선,0240,신촌,240,20210527,하행,3,6,지상,1,6번 출입구,지하,B1,6번 출입구,1200,1813-888,M
2026-08-07 15:39,1041458,승강기)에스컬레이터-역삼 외부 3호기,2호선,0221,역삼,221,20210527,하행,3,내부,지상,1,"대합실(1,2,5,6,7,8번 출입구 방면)",지하,B1,"대합실(1,2,5,6,7,8번 출입구 방면)",1200,1805-223,M
2026-08-07 15:39,1204328,승강기)에스컬레이터-신촌 6번출구4,2호선,0240,신촌,240,20210527,상행,4,6,지하,B1,6번 출입구,지상,1,6번 출입구,1200,1813-887,M
2026-08-07 15:39,1041459,승강기)에스컬레이터-역삼 외부 4호기,2호선,0221,역삼,221,20210527,상행,4,내부,지하,B1,"대합실(1,2,5,6,7,8번 출입구 방면)",지상,1,"대합실(1,2,5,6,7,8번 출입구 방면)",1200,1805-224,M
2026-08-07 15:39,1204330,승강기)에스컬레이터-낙성대 5번출구5,2호선,0227,낙성대,227,20210527,하행,5,5,지상,1,5번 출입구,지하,B1,5번 출입구,800,1813-233,M
2026-08-07 15:39,1041466,승강기)에스컬레이터-이대 내부 1호기,2호선,0241,이대,241,20210527,하행,1,내부,지하,B2,"아현 방면9-3, 신촌 방면2-2",지하,B3,"아현 방면9-3, 신촌 방면2-2",1200,1800-770,M
2026-08-07 15:39,1204331,승강기)에스컬레이터-낙성대 5번출구6,2호선,0227,낙성대,227,20210527,상행,6,5,지하,B1,5번 출입구,지상,1,5번 출입구,800,1813-254,M
2026-08-07 15:39,1041467,승강기)에스컬레이터-이대 내부 2호기,2호선,0241,이대,241,20210527,상행,2,내부,지하,B3,"신촌 방면2-2, 아현 방면9-3",지하,B2,"신촌 방면2-2, 아현 방면9-3",1200,1800-771,M
2026-08-07 15:39,1204621,승강기)에스컬레이터-대림 1번출구 하행1,2호선,0233,대림,233,20210527,하행,1,1,지상,2,1번 출입구,지상,1,1번 출입구,1200,1803-789,M
2026-08-07 15:39,1041468,승강기)에스컬레이터-이대 내부 3호기,2호선,0241,이대,241,20210527,하행,3,내부,지하,B2,"아현 방면2-2, 신촌 방면9-3",지하,B3,"아현 방면2-2, 신촌 방면9-3",1200,1800-772,M
2026-08-07 15:39,1204622,승강기)에스컬레이터-대림 1번출구 상행2,2호선,0233,대림,233,20210527,상행,2,1,지상,1,1번 출입구,지상,2,1번 출입구,1200,1803-788,M
2026-08-07 15:39,1041469,승강기)에스컬레이터-이대 내부 4호기,2호선,0241,이대,241,20210527,상행,4,내부,지하,B3,"신촌 방면9-3, 아현 방면2-2",지하,B2,"신촌 방면9-3, 아현 방면2-2",1200,1800-759,M
2026-08-07 15:39,1204623,승강기)에스컬레이터-합정(2) 내부 1호기,2호선,0238,합정,238,20210527,상행,1,내부,지하,B3,당산 방면4-1,지하,B2,당산 방면4-1,1200,1800-427,M
2026-08-07 15:39,1041474,승강기)에스컬레이터-충정로(2) 내부 3호기,2호선,0243,충정로,243,20210527,하행,3,내부,지하,B1,"1,2,5,6번 출입구",지하,B2,"1,2,5,6번 출입구",1200,1809-207,M
2026-08-07 15:39,1204624,승강기)에스컬레이터-합정(2) 내부 2호기,2호선,0238,합정,238,20210527,상행,2,내부,지하,B3,홍대입구 방면7-3,지하,B2,홍대입구 방면7-3,1200,1800-428,M
2026-08-07 15:39,1041475,승강기)에스컬레이터-충정로(2) 내부 4호기,2호선,0243,충정로,243,20210527,상행,4,내부,지하,B2,"1,2,5,6번 출입구",지하,B1,"1,2,5,6번 출입구",1200,1809-208,M
2026-08-07 15:39,1813539,승강기)에스컬레터-사당(2) E/S 1200형 13호기,2호선,0226,사당,226,20241018,하행,에스컬레이터 13호기,8,지상,1,8번 출입구,지하,B1,8번 출입구,1200,1811-230,M
2026-08-07 15:39,1813540,승강기)에스컬레터-사당(2) E/S 1200형 14호기,2호선,0226,사당,226,20241018,상행,에스컬레이터 14호기,8,지하,B1,8번 출입구,지상,1,8번 출입구,1200,1811-231,M
2026-08-07 15:39,1127051,승강기)에스컬레이터-홍대입구 2번출구 3호기,2호선,0239,홍대입구,239,20210527,하행,3,2,지상,1,2번 출입구,지하,B2,2번 출입구,1200,1808-983,M
2026-08-07 15:39,1127052,승강기)에스컬레이터-홍대입구 2번출구 4호기,2호선,0239,홍대입구,239,20210527,상행,4,2,지하,B2,2번 출입구,지상,1,2번 출입구,1200,1808-984,M
2026-08-07 15:39,1823976,승강기)에스컬레이터-신림 5번 출구측 6호기,2호선,0230,신림,230,20250310,상행,6,5,지하,B1,5번 출입구,지상,1,5번 출입구,1200,1816-377,M
2026-08-07 15:39,1823977,승강기)에스컬레이터-신림 5번 출구측 7호기,2호선,0230,신림,230,20250310,하행,7,5,지상,1,5번 출입구,지하,B1,5번 출입구,1200,1816-378,M
2026-08-07 15:39,1127073,승강기)에스컬레이터-당산 3번출구 상행1,2호선,0237,당산,237,20210527,상행,1,3,지하,B2,3번 출입구,지상,1,3번 출입구,1200,1803-575,M
2026-08-07 15:39,1127075,승강기)에스컬레이터-뚝섬 2번 출구 3호기,2호선,0210,뚝섬,210,20210527,하행,3,2,지상,1,2번 출입구,지상,2,2번 출입구,800,1800-470,M
2026-08-07 15:39,1127076,승강기)에스컬레이터-뚝섬 2번 출구 4호기,2호선,0210,뚝섬,210,20210527,상행,4,2,지상,2,2번 출입구,지상,1,2번 출입구,800,1800-471,M
2026-08-07 15:39,1127078,승강기)에스컬레이터-뚝섬 8번 출구 5호기,2호선,0210,뚝섬,210,20210527,하행,5,8,지상,1,8번 출입구,지상,2,8번 출입구,800,1800-472,M
2026-08-07 15:39,1127079,승강기)에스컬레이터-뚝섬 8번 출구 6호기,2호선,0210,뚝섬,210,20210527,하행,6,8,지상,2,8번 출입구,지상,1,8번 출입구,800,1800-473,M
2026-08-07 15:39,1127081,승강기)에스컬레이터-구의 4번출구 하행3,2호선,0213,구의,213,20210527,하행,3,4,지상,1,4번 출입구,지상,2,4번 출입구,1200,1803-426,M
2026-08-07 15:39,1127082,승강기)에스컬레이터-구의 4번출구 상행4,2호선,0213,구의,213,20210527,상행,4,4,지상,2,4번 출입구,지상,1,4번 출입구,1200,1803-427,M
2026-08-07 15:39,1127089,승강기)에스컬레이터-구로디지털단지 5번출구 하행3,2호선,0232,구로디지털단지,232,20210527,하행,3,5,지상,2,5번 출입구,지상,1,5번 출입구,1200,1803-558,M
2026-08-07 15:39,1127090,승강기)에스컬레이터-구로디지털단지 5번출구 상행4,2호선,0232,구로디지털단지,232,20210527,상행,4,5,지상,1,5번 출입구,지상,2,5번 출입구,1200,1803-559,M
2026-08-07 15:39,1127091,승강기)에스컬레이터-을지로입구 8번출구 하행1,2호선,0202,을지로입구,202,20210527,하행,1,8,지상,1,8번 출입구,지하,B1,8번 출입구,1200,1801-058,M
2026-08-07 15:39,1127092,승강기)에스컬레이터-을지로입구 8번출구 상행2,2호선,0202,을지로입구,202,20210527,상행,2,8,지하,B1,8번 출입구,지상,1,8번 출입구,1200,1801-059,M
2026-08-07 15:39,1127094,승강기)에스컬레이터-신촌 7번출구 하행1,2호선,0240,신촌,240,20210527,하행,1,7,지상,1,7번 출입구,지하,B1,7번 출입구,1200,1808-986,M
2026-08-07 15:39,1127095,승강기)에스컬레이터-신촌 7번출구 상행2,2호선,0240,신촌,240,20210527,상행,2,7,지하,B1,7번 출입구,지상,1,7번 출입구,1200,1808-985,M
2026-08-07 15:39,1132423,승강기)에스컬레이터-봉천 외선(5-3) 1호기,2호선,0229,봉천,229,20210527,하행,1,내부,지상,1,"서울대입구 방면6-2,신림 방면5-3",지하,B1,"서울대입구 방면6-2,신림 방면5-3",1200,1807-210,M
2026-08-07 15:39,1132424,승강기)에스컬레이터-봉천 외선(6-2) 2호기,2호선,0229,봉천,229,20210527,상행,2,내부,지하,B1,"서울대입구 방면5-3,신림 방면6-2",지상,1,"서울대입구 방면5-3,신림 방면6-2",1200,1807-211,M
2026-08-07 15:39,1132941,승강기)에스컬레이터-사당(2) 5번출구 11호기,2호선,0226,사당,226,20210527,하행,11,5,지상,1,5번 출입구,지하,B1,5번 출입구,1200,1804-025,M
2026-08-07 15:39,1132943,승강기)에스컬레이터-사당(2) 5번출구 12호기,2호선,0226,사당,226,20210527,상행,12,5,지하,B1,5번 출입구,지상,1,5번 출입구,1200,1804-026,M
2026-08-07 15:39,1132956,승강기)에스컬레이터-한양대 1번출구 하행 1,2호선,0209,한양대,209,20210527,하행,1,1,지상,1,1번 출입구,지상,2,1번 출입구,1200,1800-556,M
2026-08-07 15:39,1132957,승강기)에스컬레이터-한양대 2번출구 상행 2,2호선,0209,한양대,209,20210527,상행,2,1,지상,2,1번 출입구,지상,1,1번 출입구,1200,1800-555,M
2026-08-07 15:39,1133550,승강기)에스컬레이터-신대방 내선(3-4) 1호기,2호선,0231,신대방,231,20210527,하행,1,내부,지상,3,신림 방면4-3,지상,2,신림 방면4-3,1200,1803-536,M
2026-08-07 15:39,1133551,승강기)에스컬레이터-신대방 내선(3-4) 2호기,2호선,0231,신대방,231,20210527,상행,2,내부,지상,2,신림 방면4-3,지상,3,신림 방면4-3,1200,1803-537,M
2026-08-07 15:39,1041618,승강기)에스컬레이터-용두 신설동방향(2-4) 1호기,2호선,0250,용두,211-3,20210527,상행,1,내부,지하,B3,신설동 방면2-4,지하,B2,신설동 방면2-4,1200,1809-045,M
2026-08-07 15:39,1133552,승강기)에스컬레이터-신대방 내선(8-3) 3호기,2호선,0231,신대방,231,20210527,하행,3,내부,지상,3,신림 방면8-3,지상,2,신림 방면8-3,1200,1803-538,M
2026-08-07 15:39,1041619,승강기)에스컬레이터-용두 성수방향(3-1) 2호기,2호선,0250,용두,211-3,20210527,상행,2,내부,지하,B3,신답 방면3-1,지하,B2,신답 방면3-1,1200,1809-046,M
2026-08-07 15:39,1133553,승강기)에스컬레이터-신대방 내선(8-3) 4호기,2호선,0231,신대방,231,20210527,상행,4,내부,지상,2,신림 방면8-3,지상,3,신림 방면8-3,1200,1803-539,M
2026-08-07 15:39,1041620,승강기)에스컬레이터-용두 1번출구 3호기,2호선,0250,용두,211-3,20210527,하행,3,1,지상,1,1번 출입구,지하,B2,1번 출입구,800,1809-050,M
2026-08-07 15:39,1133554,승강기)에스컬레이터-신대방 외선(3-1) 5호기,2호선,0231,신대방,231,20210527,하행,5,내부,지상,3,구로디지털 방면3-1,지상,2,구로디지털 방면3-1,1200,1803-540,M
2026-08-07 15:39,1041621,승강기)에스컬레이터-용두 1번출구 4호기,2호선,0250,용두,211-3,20210527,상행,4,1,지하,B2,1번 출입구,지상,1,1번 출입구,800,1809-049,M
2026-08-07 15:39,1133555,승강기)에스컬레이터-신대방 외선(3-1) 6호기,2호선,0231,신대방,231,20210527,상행,6,내부,지상,2,구로디지털 방면3-1,지상,3,구로디지털 방면3-1,1200,1803-541,M
2026-08-07 15:39,1041622,승강기)에스컬레이터-용두 2번출구 5호기,2호선,0250,용두,211-3,20210527,하행,5,2,지상,1,2번 출입구,지하,B2,2번 출입구,1200,1809-052,M
2026-08-07 15:39,1133556,승강기)에스컬레이터-신대방 외선(7-1) 7호기,2호선,0231,신대방,231,20210527,하행,7,내부,지상,3,구로디지털 방면7-1,지상,2,구로디지털 방면7-1,1200,1803-542,M
2026-08-07 15:39,1041623,승강기)에스컬레이터-용두 2번출구 6호기,2호선,0250,용두,211-3,20210527,상행,6,2,지하,B2,2번 출입구,지상,1,2번 출입구,1200,1809-051,M
2026-08-07 15:39,1133557,승강기)에스컬레이터-신대방 외선(7-1) 8호기,2호선,0231,신대방,231,20210527,상행,8,내부,지상,2,구로디지털 방면7-1,지상,3,구로디지털 방면7-1,1200,1803-543,M
2026-08-07 15:39,1041624,승강기)에스컬레이터-용두 3번출구 7호기,2호선,0250,용두,211-3,20210527,하행,7,3,지상,1,3번 출입구,지하,B2,3번 출입구,1200,1809-047,M
2026-08-07 15:39,1041625,승강기)에스컬레이터-용두 3번출구 8호기,2호선,0250,용두,211-3,20210527,상행,8,3,지하,B2,3번 출입구,지상,1,3번 출입구,1200,1809-048,M
2026-08-07 15:39,1041626,승강기)에스컬레이터-용두 4번출구 9호기,2호선,0250,용두,211-3,20210527,하행,9,4,지상,1,4번 출입구,지하,B2,4번 출입구,1200,1809-053,M
2026-08-07 15:39,1133712,승강기)에스컬레이터-봉천 3번출구 3호기,2호선,0229,봉천,229,20210527,하행,3,3,지상,1,3번 출입구,지하,B1,3번 출입구,1200,1807-212,M
2026-08-07 15:39,1041627,승강기)에스컬레이터-용두 4번출구 10호기,2호선,0250,용두,211-3,20210527,상행,10,4,지하,B2,4번 출입구,지상,1,4번 출입구,1200,1809-054,M
2026-08-07 15:39,1133713,승강기)에스컬레이터-봉천 3번출구 4호기,2호선,0229,봉천,229,20210527,상행,4,3,지하,B1,3번 출입구,지상,1,3번 출입구,1200,1807-213,M
2026-08-07 15:39,1041628,승강기)에스컬레이터-용두 5번출구 11호기,2호선,0250,용두,211-3,20210527,하행,11,5,지상,1,5번 출입구,지하,B2,5번 출입구,1200,1809-055,M
2026-08-07 15:39,1041629,승강기)에스컬레이터-용두 5번출구 12호기,2호선,0250,용두,211-3,20210527,상행,12,5,지하,B2,5번 출입구,지상,1,5번 출입구,1200,1809-056,M
2026-08-07 15:39,1041634,"승강기)에스컬레이터-역삼 1,2번출구 5호기",2호선,0221,역삼,221,20210527,하행,5,내부,지상,1,"1,2번 출입구 방면 통로",지하,B1,"1,2번 출입구 방면 통로",1200,1805-225,M
2026-08-07 15:39,1041635,"승강기)에스컬레이터-역삼 1,2번출구 6호기",2호선,0221,역삼,221,20210527,상행,6,내부,지하,B1,"1,2번 출입구 방면 통로",지상,1,"1,2번 출입구 방면 통로",1200,1805-226,M
2026-08-07 15:39,1134947,승강기)에스컬레이터-봉천 6번출구 5호기,2호선,0229,봉천,229,20210527,하행,5,6,지상,1,6번 출입구,지하,B1,6번 출입구,1200,1807-214,M
2026-08-07 15:39,1041636,승강기)에스컬레이터-역삼 5~8번출구 7호기,2호선,0221,역삼,221,20210527,하행,7,내부,지상,1,5~8번 출입구 방면 통로,지하,B1,5~8번 출입구 방면 통로,1200,1805-227,M
2026-08-07 15:39,1134948,승강기)에스컬레이터-봉천 6번출구 6호기,2호선,0229,봉천,229,20210527,상행,6,6,지하,B1,6번 출입구,지상,1,6번 출입구,1200,1807-215,M
2026-08-07 15:39,1041637,승강기)에스컬레이터-역삼 5~8번출구 8호기,2호선,0221,역삼,221,20210527,상행,8,내부,지하,B1,5~8번 출입구 방면 통로,지상,1,5~8번 출입구 방면 통로,1200,1805-228,M
2026-08-07 15:39,1135618,승강기)에스컬레이터-신당(2) 3번출구 1호기,2호선,0206,신당,206,20210527,하행,1,3,지상,1,3번 출입구,지하,B1,3번 출입구,1200,1801-299,M
2026-08-07 15:39,1135619,승강기)에스컬레이터-신당(2) 3번출구 2호기,2호선,0206,신당,206,20210527,상행,2,3,지하,B1,3번 출입구,지상,1,3번 출입구,1200,1801-244,M
2026-08-07 15:39,1041642,승강기)에스컬레이터-서울대입구 내선(9-1) 1호기,2호선,0228,서울대입구,228,20210527,상행,1,내부,지하,B2,"봉천 방면8-4, 낙성대 방면2-4",지하,B1,"봉천 방면8-4, 낙성대 방면2-4",1200,1803-446,M
2026-08-07 15:39,1041643,승강기)에스컬레이터-서울대입구 내선(6-1) 2호기,2호선,0228,서울대입구,228,20210527,하행,2,내부,지하,B1,"봉천 방면6-2, 낙성대 방면5-3",지하,B2,"봉천 방면6-2, 낙성대 방면5-3",1200,1803-447,M
2026-08-07 15:39,1135894,승강기)에스컬레이터-신도림 내부 4호기,2호선,0234,신도림,234,20210527,상행,4,내부,지하,B3,대림 방면4-2,지하,B2,대림 방면4-2,1200,1808-850,M
2026-08-07 15:39,1041644,승강기)에스컬레이터-서울대입구 외선(5-3) 3호기,2호선,0228,서울대입구,228,20210527,상행,3,내부,지하,B2,"봉천 방면6-2, 낙성대 방면5-3",지하,B1,"봉천 방면6-2, 낙성대 방면5-3",1200,1803-448,M
2026-08-07 15:39,1135895,승강기)에스컬레이터-신도림 내부 5호기,2호선,0234,신도림,234,20210527,하행,5,내부,지하,B2,대림 방면4-2,지하,B3,대림 방면4-2,1200,1808-849,M
2026-08-07 15:39,1041645,승강기)에스컬레이터-서울대입구 외선(9-1) 4호기,2호선,0228,서울대입구,228,20210527,상행,4,내부,지하,B1,"봉천 방면2-4, 낙성대 방면8-4",지하,B2,"봉천 방면2-4, 낙성대 방면8-4",1200,1803-449,M
2026-08-07 15:39,1135896,승강기)에스컬레이터-신도림 내부 6호기,2호선,0234,신도림,234,20210527,상행,6,내부,지하,B3,대림 방면5-1,지하,B2,대림 방면5-1,1200,1808-848,M
2026-08-07 15:39,1041646,승강기)에스컬레이터-사당(2) 14번출구 9호기,2호선,0226,사당,226,20210527,하행,9,14,지상,1,14번 출입구,지하,B1,14번 출입구,1200,1804-023,M
2026-08-07 15:39,1135897,승강기)에스컬레이터-신도림 내부 7호기,2호선,0234,신도림,234,20210527,하행,7,내부,지하,B2,대림 방면5-1,지하,B3,대림 방면5-1,1200,1808-847,M
2026-08-07 15:39,1041647,승강기)에스컬레이터-사당(2) 14번출구 10호기,2호선,0226,사당,226,20210527,상행,10,14,지하,B1,14번 출입구,지상,1,14번 출입구,1200,1804-024,M
2026-08-07 15:39,1135898,승강기)에스컬레이터-신도림 내부 8호기,2호선,0234,신도림,234,20210527,상행,8,내부,지하,B3,대림 방면7-3,지하,B2,대림 방면7-3,1200,1808-846,M
2026-08-07 15:39,1135899,승강기)에스컬레이터-신도림 내부 9호기,2호선,0234,신도림,234,20210527,하행,9,내부,지하,B2,대림 방면7-3,지하,B3,대림 방면7-3,1200,1808-845,M
2026-08-07 15:39,1137019,승강기)에스컬레이터-신도림 내부 1호기,2호선,0234,신도림,234,20210527,상행,1,내부,지하,B3,대림 방면7-3,지하,B2,대림 방면7-3,1200,1803-777,M
2026-08-07 15:39,1137020,승강기)에스컬레이터-신도림 내부 2호기,2호선,0234,신도림,234,20210527,상행,2,내부,지하,B3,대림 방면7-3,지하,B2,대림 방면7-3,1200,1803-776,M
2026-08-07 15:39,1137021,승강기)에스컬레이터-신도림 내부 3호기,2호선,0234,신도림,234,20210527,상행,3,내부,지하,B3,문래 방면4-1,지하,B2,문래 방면4-1,1200,1807-302,M
2026-08-07 15:39,1041658,승강기)에스컬레이터-뚝섬 5번 출구 1호기,2호선,0210,뚝섬,210,20210527,하행,1,5,지상,1,5번 출입구,지상,2,5번 출입구,800,1808-121,M
2026-08-07 15:39,1141456,승강기)에스컬레이터-왕십리 외선 7-7 하행3,2호선,0208,왕십리,208,20210527,하행,3,내부,지하,B1,상왕십리 방면7-1,지하,B2,상왕십리 방면7-1,1200,1809-216,M
2026-08-07 15:39,1041659,승강기)에스컬레이터-뚝섬 5번 출구 2호기,2호선,0210,뚝섬,210,20210527,상행,2,5,지상,2,5번 출입구,지상,1,5번 출입구,800,1801-057,M
2026-08-07 15:39,1141457,승강기)에스컬레이터-왕십리 외선 7-1 상행4,2호선,0208,왕십리,208,20210527,상행,4,내부,지하,B2,상왕십리 방면7-1,지하,B1,상왕십리 방면7-1,800,1809-217,M
2026-08-07 15:39,1041660,승강기)에스컬레이터-구의 1번출구 하행1,2호선,0213,구의,213,20210527,하행,1,1,지상,2,1번 출입구,지상,1,1번 출입구,1200,1809-196,M
2026-08-07 15:39,1141458,승강기)에스컬레이터-왕십리 내선 2-3 하행5,2호선,0208,왕십리,208,20210527,하행,5,내부,지하,B1,한양대 방면2-3,지하,B2,한양대 방면2-3,800,1809-218,M
2026-08-07 15:39,1041661,승강기)에스컬레이터-구의 1번출구 상행2,2호선,0213,구의,213,20210527,상행,2,1,지상,1,1번 출입구,지상,2,1번 출입구,1200,1809-197,M
2026-08-07 15:39,1141459,승강기)에스컬레이터-왕십리 내선 2-3 상행6,2호선,0208,왕십리,208,20210527,상행,6,내부,지하,B2,한양대 방면2-3,지하,B1,한양대 방면2-3,800,1809-219,M
2026-08-07 15:39,1041662,승강기)에스컬레이터-동역사(2) 3번출구 1호기,2호선,0205,동대문역사문화공원,205,20210527,하행,1,3,지상,1,3번 출입구,지하,B1,3번 출입구,800,1800-722,M
2026-08-07 15:39,1141460,승강기)에스컬레이터-왕십리 내선 3-1 하행7,2호선,0208,왕십리,208,20210527,하행,7,내부,지하,B1,한양대 방면3-1,지하,B2,한양대 방면3-1,1200,1808-501,M
2026-08-07 15:39,1041663,승강기)에스컬레이터-동역사(2) 3번출구 2호기,2호선,0205,동대문역사문화공원,205,20210527,상행,2,3,지하,B1,3번 출입구,지상,1,3번 출입구,800,1800-723,M
2026-08-07 15:39,1141461,승강기)에스컬레이터-왕십리 내선 3-1 상행8,2호선,0208,왕십리,208,20210527,상행,8,내부,지하,B2,한양대 방면3-1,지하,B1,한양대 방면3-1,1200,1808-502,M
2026-08-07 15:39,1041668,승강기)에스컬레이터-성수 3번출구 5호기,2호선,0211,성수,211,20210527,하행,5,3,지상,2,3번 출입구,지상,1,3번 출입구,1200,1809-490,S
2026-08-07 15:39,1141463,승강기)에스컬레이터-구로디지털단지 2번출구 상행1,2호선,0232,구로디지털단지,232,20210527,상행,1,2,지상,1,2번 출입구,지상,2,2번 출입구,1200,1803-560,M
2026-08-07 15:39,1041669,승강기)에스컬레이터-성수 3번출구 6호기,2호선,0211,성수,211,20210527,상행,6,3,지상,1,3번 출입구,지상,2,3번 출입구,1200,1809-491,M
2026-08-07 15:39,1141464,승강기)에스컬레이터-구로디지털단지 3번출구 하행2,2호선,0232,구로디지털단지,232,20210527,하행,2,3,지상,2,3번 출입구,지상,1,3번 출입구,1200,1803-561,M
2026-08-07 15:39,1041670,승강기)에스컬레이터-성수 4번출구 7호기,2호선,0211,성수,211,20210527,하행,7,4,지상,2,4번 출입구,지상,1,4번 출입구,1200,1809-492,M
2026-08-07 15:39,1041671,승강기)에스컬레이터-성수 4번출구 8호기,2호선,0211,성수,211,20210527,상행,8,4,지상,1,4번 출입구,지상,2,4번 출입구,1200,1809-493,M
2026-08-07 15:39,1143612,승강기)에스컬레이터-시청(2) 서울역방향 1-4 근접 3호기,2호선,0201,시청,201,20210527,하행,3,내부,지하,B1,연결통로(1호선 서울역 방면),지하,B2,연결통로(1호선 서울역 방면),1200,1808-578,M
2026-08-07 15:39,1041672,승강기)에스컬레이터-건대입구 6번출구 하행1,2호선,0212,건대입구,212,20210527,하행,1,6,지상,2,6번 출입구,지상,1,6번 출입구,800,1801-062,S
2026-08-07 15:39,1143613,승강기)에스컬레이터-시청(2) 서울역방향 1-4 근접 4호기,2호선,0201,시청,201,20210527,상행,4,내부,지하,B2,연결통로(1호선 서울역 방면),지하,B1,연결통로(1호선 서울역 방면),1200,1808-577,M
2026-08-07 15:39,1834782,승강기)에스컬레이터-구의 3번 출입구 상행7,2호선,0213,구의,213,20260805,상행,7,3번 출입구,지하,B1,3번 출입구,지상,1,3번 출입구,1200,1817-705,
2026-08-07 15:39,1041673,승강기)에스컬레이터-건대입구 6번출구 상행2,2호선,0212,건대입구,212,20210527,상행,2,6,지상,1,6번 출입구,지상,2,6번 출입구,800,1801-063,S
2026-08-07 15:39,1143614,승강기)에스컬레이터-시청(2) 내부화장실 근접 5호기,2호선,0201,시청,201,20210527,하행,5,내부,지하,B1,환승통로(1호선 방면 내부화장실 근접),지하,B2,환승통로(1호선 방면 내부화장실 근접),1200,1808-576,M
2026-08-07 15:39,1834783,승강기)에스컬레이터-구의 3번 출입구 하행8,2호선,0213,구의,213,20260805,하행,8,3번 출입구,지하,B1,3번 출입구,지상,1,3번 출입구,1200,1817-706,
2026-08-07 15:39,1041674,승강기)에스컬레이터-충정로(2) 내부 1호기,2호선,0243,충정로,243,20210527,하행,1,내부,지하,B2,"시청 방면7-1, 아현 방면4-4",지하,B3,"시청 방면7-1, 아현 방면4-4",1200,1809-482,M
2026-08-07 15:39,1143615,승강기)에스컬레이터-시청(2) 내부화장실 근접 6호기,2호선,0201,시청,201,20210527,상행,6,내부,지하,B2,환승통로(1호선 방면 내부화장실 근접),지하,B1,환승통로(1호선 방면 내부화장실 근접),1200,1808-575,M
2026-08-07 15:39,1041675,승강기)에스컬레이터-충정로(2) 내부 2호기,2호선,0243,충정로,243,20210527,상행,2,내부,지하,B3,"아현 방면4-4, 시청 방면7-1",지하,B2,"아현 방면4-4, 시청 방면7-1",1200,1809-483,M
2026-08-07 15:39,1143984,승강기)에스컬레이터-문래 1번출구 하행1,2호선,0235,문래,235,20210527,하행,1,1,지상,1,1번 출입구,지하,B1,1번 출입구,800,1807-182,M
2026-08-07 15:39,1143985,승강기)에스컬레이터-문래 1번출구 상행2,2호선,0235,문래,235,20210527,상행,2,1,지하,B1,1번 출입구,지상,1,1번 출입구,800,1807-181,M
2026-08-07 15:39,1779320,승강기)에스컬레이터-강변역 내부 1호기,2호선,0214,강변,214,20220511,하행,1,내부,지상,1,잠실나루 방면9-1,지하,B2,잠실나루 방면9-1,800형,1811-789,M
2026-08-07 15:39,1041682,승강기)에스컬레이터-영등포구청 1번출구 하행1,2호선,0236,영등포구청,236,20210527,하행,1,1,지상,1,1번 출입구,지하,B1,1번 출입구,800,1803-525,M
2026-08-07 15:39,1779321,승강기)에스컬레이터-강변역 내부 2호기,2호선,0214,강변,214,20220511,상행,2,내부,지상,2,잠실나루 방면9-1,지상,3,잠실나루 방면9-1,800형,1811-788,M
2026-08-07 15:39,1041683,승강기)에스컬레이터-영등포구청 1번출구 상행2,2호선,0236,영등포구청,236,20210527,상행,2,1,지하,B1,1번 출입구,지상,1,1번 출입구,800,1803-524,M
2026-08-07 15:39,1143987,승강기)에스컬레이터-구의 2번출구 하행5,2호선,0213,구의,213,20210527,하행,5,2,지상,1,2번 출입구,지상,2,2번 출입구,1200,1806-177,M
2026-08-07 15:39,1041688,승강기)에스컬레이터-교대(2) 6번출구 1호기,2호선,0223,교대,223,20210527,하행,1,6,지상,1,6번 출입구,지하,B1,6번 출입구,800,1801-775,M
2026-08-07 15:39,1041689,승강기)에스컬레이터-교대(2) 6번출구 2호기,2호선,0223,교대,223,20210527,상행,2,6,지하,B1,6번 출입구,지상,1,6번 출입구,800,1801-774,M
2026-08-07 15:39,1143993,승강기)에스컬레이터-문래 2번출구 하행3,2호선,0235,문래,235,20210527,하행,3,2,지상,1,2번 출입구,지하,B1,2번 출입구,800,1807-183,M
2026-08-07 15:39,1143994,승강기)에스컬레이터-문래 2번출구 상행4,2호선,0235,문래,235,20210527,상행,4,2,지하,B1,2번 출입구,지상,1,2번 출입구,800,1807-184,M
2026-08-07 15:39,1143995,승강기)에스컬레이터-구의 2번출구 상행6,2호선,0213,구의,213,20210527,상행,6,2,지상,1,2번 출입구,지상,2,2번 출입구,1200,1806-178,M
2026-08-07 15:39,1477423,승강기)에스컬레이터-아현 1번출구 1호기,2호선,0242,아현,242,20210527,하행,1,1,지상,1,1번 출입구,지하,B1,1번 출입구,1200,1810-493,M
2026-08-07 15:39,1477424,승강기)에스컬레이터-아현 1번출구 2호기,2호선,0242,아현,242,20210527,상행,2,1,지하,B1,1번 출입구,지상,1,1번 출입구,1200,1810-492,M
2026-08-07 15:39,1041694,승강기)에스컬레이터-왕십리 3번출구 하행1,2호선,0208,왕십리,208,20210527,하행,1,3,지상,1,3번 출입구,지하,B1,3번 출입구,1200,1800-400,M
2026-08-07 15:39,1041695,승강기)에스컬레이터-왕십리 3번출구 상행2,2호선,0208,왕십리,208,20210527,상행,2,3,지하,B1,3번 출입구,지상,1,3번 출입구,1200,1801-006,M
2026-08-07 15:39,1041696,승강기)에스컬레이터-합정(2) 2번출구 3호기,2호선,0238,합정,238,20210527,하행,3,2,지상,1,2번 출입구,지하,B2,2번 출입구,1200,1809-484,M
2026-08-07 15:39,1041697,승강기)에스컬레이터-합정(2) 2번출구 4호기,2호선,0238,합정,238,20210527,상행,4,2,지하,B2,2번 출입구,지상,1,2번 출입구,1200,1809-485,M
2026-08-07 15:39,1041702,승강기)에스컬레이터-잠실 5번출구 하행1,2호선,0216,잠실,216,20210527,하행,1,5,지상,1,5번 출입구,지하,B1,5번 출입구,1200,1801-758,M
2026-08-07 15:39,1041703,승강기)에스컬레이터-잠실 5번출구 상행2,2호선,0216,잠실,216,20210527,상행,2,5,지하,B1,5번 출입구,지상,1,5번 출입구,1200,1801-757,M
2026-08-07 15:39,1041704,승강기)에스컬레이터-삼성 3번 출입구 1호기,2호선,0219,삼성,219,20210527,하행,1,3,지상,1,3번 출입구,지하,B1,3번 출입구,1200,1805-214,M
2026-08-07 15:39,1041705,승강기)에스컬레이터-삼성 3번 출입구 2호기,2호선,0219,삼성,219,20210527,상행,2,3,지하,B1,3번 출입구,지상,1,3번 출입구,1200,1805-215,M
2026-08-07 15:39,1041706,승강기)에스컬레이터-선릉 4번출구 하행1,2호선,0220,선릉,220,20210527,하행,1,4,지상,1,4번 출입구,지하,B1,4번 출입구,1200,1802-744,M
2026-08-07 15:39,1145414,승강기)에스컬레이터-서초 3번출구 하행 3,2호선,0224,서초,224,20210527,하행,3,3,지상,1,3번 출입구,지하,B1,3번 출입구,1200,1806-990,M
2026-08-07 15:39,1041707,승강기)에스컬레이터-선릉 4번출구 상행2,2호선,0220,선릉,220,20210527,상행,2,4,지하,B1,4번 출입구,지상,1,4번 출입구,1200,1802-745,M
2026-08-07 15:39,1145415,승강기)에스컬레이터-서초 3번출구 상행 4,2호선,0224,서초,224,20210527,상행,4,3,지하,B1,3번 출입구,지상,1,3번 출입구,1200,1806-989,M
2026-08-07 15:39,1497811,승강기)에스컬레이터-대림 8번출구 하행3,2호선,0233,대림,233,20210527,하행,3,8,지상,2,8번 출입구,지상,1,8번 출입구,1200,1803-790,M
2026-08-07 15:39,1041708,승강기)에스컬레이터-역삼 3번출구 9호기,2호선,0221,역삼,221,20210527,하행,9,3,지상,1,3번 출입구,지하,B1,3번 출입구,1200,1801-830,M
2026-08-07 15:39,1145416,승강기)에스컬레이터-서초 4번출구 하행 5,2호선,0224,서초,224,20210527,하행,5,4,지상,1,4번 출입구,지하,B1,4번 출입구,1200,1807-000,M
2026-08-07 15:39,1497812,승강기)에스컬레이터-대림 8번출구 상행4,2호선,0233,대림,233,20210527,상행,4,8,지상,1,8번 출입구,지상,2,8번 출입구,1200,1803-791,S
2026-08-07 15:39,1041709,승강기)에스컬레이터-역삼 3번출구 10호기,2호선,0221,역삼,221,20210527,상행,10,3,지하,B1,3번 출입구,지상,1,3번 출입구,1200,1801-837,M
2026-08-07 15:39,1145417,승강기)에스컬레이터-서초 4번출구 상행 6,2호선,0224,서초,224,20210527,상행,6,4,지하,B1,4번 출입구,지상,1,4번 출입구,1200,1806-999,M
2026-08-07 15:39,1497813,승강기)에스컬레이터-성수 1번출구 1호기,2호선,0211,성수,211,20210527,하행,1,1,지상,1,1번 출입구,지상,2,1번 출입구,1200,1809-486,M
2026-08-07 15:39,1041710,승강기)에스컬레이터-역삼 4번출구 11호기,2호선,0221,역삼,221,20210527,하행,11,4,지상,1,4번 출입구,지하,B1,4번 출입구,1200,1805-229,M
2026-08-07 15:39,1145418,"승강기)에스컬레이터-서초 3,4번출구 하행7",2호선,0224,서초,224,20210527,하행,7,"3,4",지상,1,"3,4번 출입구",지하,B1,"3,4번 출입구",1200,1808-896,M
2026-08-07 15:39,1497814,승강기)에스컬레이터-성수 1번출구 2호기,2호선,0211,성수,211,20210527,상행,2,1,지상,2,1번 출입구,지상,1,1번 출입구,1200,1809-487,M
2026-08-07 15:39,1041711,승강기)에스컬레이터-역삼 4번출구 12호기,2호선,0221,역삼,221,20210527,상행,12,4,지하,B1,4번 출입구,지상,1,4번 출입구,1200,1805-230,M
2026-08-07 15:39,1145419,"승강기)에스컬레이터-서초 3,4번출구 상행8",2호선,0224,서초,224,20210527,상행,8,"3,4",지하,B1,"3,4번 출입구",지상,1,"3,4번 출입구",1200,1808-892,M
2026-08-07 15:39,1497815,승강기)에스컬레이터-성수 2번출구 3호기,2호선,0211,성수,211,20210527,하행,3,2,지상,1,2번 출입구,지상,2,2번 출입구,1200,1809-488,M
2026-08-07 15:39,1041712,승강기)에스컬레이터-낙성대 4번출구 하행1,2호선,0227,낙성대,227,20210527,하행,1,4,지상,1,4번 출입구,지하,B1,4번 출입구,800,1803-573,M
2026-08-07 15:39,1146219,승강기)에스컬레이터-방배 4번출구 1호기,2호선,0225,방배,225,20210527,하행,1,4,지상,1,4번 출입구,지하,B1,4번 출입구,1200,1809-589,M
2026-08-07 15:39,1497816,승강기)에스컬레이터-성수 2번출구 4호기,2호선,0211,성수,211,20210527,상행,4,2,지상,2,2번 출입구,지상,1,2번 출입구,1200,1809-489,M
2026-08-07 15:39,1041713,승강기)에스컬레이터-낙성대 4번출구 상행2,2호선,0227,낙성대,227,20210527,상행,2,4,지하,B1,4번 출입구,지상,1,4번 출입구,800,1803-574,M
2026-08-07 15:39,1146220,승강기)에스컬레이터-방배 4번출구 2호기,2호선,0225,방배,225,20210527,상행,2,4,지하,B1,4번 출입구,지상,1,4번 출입구,1200,1809-590,M
2026-08-07 15:39,1498896,승강기)에스컬레이터-뚝섬 3번 출구 7호기,2호선,0210,뚝섬,210,20210527,하행,7,3,지상,1,3번 출입구,지상,2,3번 출입구,800,1812-506,M
2026-08-07 15:39,1498897,승강기)에스컬레이터-뚝섬 3번 출구 8호기,2호선,0210,뚝섬,210,20210527,상행,8,3,지상,2,3번 출입구,지상,1,3번 출입구,800,1812-505,M
2026-08-07 15:39,1041716,승강기)에스컬레이터-종합운동장 4번출구 1호기,2호선,0218,종합운동장,218,20210527,하행,1,4,지상,1,4번 출입구,지하,B1,4번 출입구,1200,1801-772,M
2026-08-07 15:39,1041717,승강기)에스컬레이터-종합운동장 4번출구 2호기,2호선,0218,종합운동장,218,20210527,상행,2,4,지하,B1,4번 출입구,지상,1,4번 출입구,1200,1801-773,M
2026-08-07 15:39,1500039,승강기)에스컬레이터-종합운동장 1번출구 4호기,2호선,0218,종합운동장,218,20210527,하행,4,1,지상,1,1번 출입구,지하,B1,1번 출입구,1200,1811-803,M
2026-08-07 15:39,1500040,승강기)에스컬레이터-종합운동장 1번출구 5호기,2호선,0218,종합운동장,218,20210527,상행,5,1,지하,B1,1번 출입구,지상,1,1번 출입구,1200,1811-804,M
2026-08-07 15:39,1500041,승강기)에스컬레이터-삼성 7번 출입구 3호기,2호선,0219,삼성,219,20210527,하행,3,7,지상,1,7번 출입구,지하,B1,7번 출입구,1200,1811-348,M
2026-08-07 15:39,1146227,승강기)에스컬레이터-을지로4가(2) 5번 출입구 2,2호선,0204,을지로4가,204,20210527,상행,2,5,지하,B1,5번 출입구,지상,1,5번 출입구,1200,1808-583,M
2026-08-07 15:39,1500042,승강기)에스컬레이터-삼성 7번 출입구 4호기,2호선,0219,삼성,219,20210527,상행,4,7,지하,B1,7번 출입구,지상,1,7번 출입구,1200,1811-347,M
2026-08-07 15:39,1146228,승강기)에스컬레이터-을지로4가(2) 5번 출입구 1,2호선,0204,을지로4가,204,20210527,하행,1,5,지상,1,5번 출입구,지하,B1,5번 출입구,1200,1808-584,M
2026-08-07 15:39,1500043,승강기)에스컬레이터-신림 4번출구 4호기,2호선,0230,신림,230,20210527,하행,4,4,지하,B1,4번 출입구,지상,1,4번 출입구,1200,1810-998,M
2026-08-07 15:39,1500044,승강기)에스컬레이터-신림 4번출구 5호기,2호선,0230,신림,230,20210527,상행,5,4,지상,1,4번 출입구,지하,B1,4번 출입구,1200,1810-999,M
2026-08-07 15:39,1148663,승강기)에스컬레이터-서울대입구 3번출구 5호기,2호선,0228,서울대입구,228,20210527,하행,5,3,지상,1,3번 출입구,지하,B1,3번 출입구,1200,1803-450,M
2026-08-07 15:39,1500045,승강기)에스컬레이터-양천구청 1번 출입구 1호기,2호선,0248,양천구청,234-2,20210527,하행,1,2,지상,1,2번 출입구,지하,B1,2번 출입구,1200,1811-009,M
2026-08-07 15:39,1041726,승강기)에스컬레이터-홍대입구 내선(7-3) 1호기,2호선,0239,홍대입구,239,20210527,하행,1,내부,지하,B2,"신촌 방면7-3, 합정 방면4-2",지하,B3,"신촌 방면7-3, 합정 방면4-2",1200,1800-425,M
2026-08-07 15:39,1148876,승강기)에스컬레이터-잠실새내 1번출구 상행1,2호선,0217,잠실새내,217,20210527,상행,1,1,지하,B1,1번 출입구,지상,1,1번 출입구,1200,1802-837,M
2026-08-07 15:39,1500046,승강기)에스컬레이터-양천구청 1번 출입구 2호기,2호선,0248,양천구청,234-2,20210527,상행,2,2,지하,B1,2번 출입구,지상,1,2번 출입구,1200,1811-000,M
2026-08-07 15:39,1041727,승강기)에스컬레이터-홍대입구 외선(4-1) 2호기,2호선,0239,홍대입구,239,20210527,상행,2,내부,지하,B3,"합정 방면4-1, 신촌 방면7-4",지하,B2,"합정 방면4-1, 신촌 방면7-4",1200,1800-426,M
2026-08-07 15:39,1148877,승강기)에스컬레이터-잠실새내 2번출구 하행2,2호선,0217,잠실새내,217,20210527,하행,2,2,지상,1,2번 출입구,지하,B1,2번 출입구,1200,1802-748,M
2026-08-07 15:39,1500047,승강기)에스컬레이터-신정네거리 2번출구 3호기,2호선,0249,신정네거리,234-3,20210527,하행,3,2,지상,1,2번 출입구,지하,B1,2번 출입구,800,1811-014,M
2026-08-07 15:39,1781384,승강기)에스컬레이터-봉천 4번출구 7호기,2호선,0229,봉천,229,20220830,하행,7,4,지상,1,4번 출입구,지하,B1,4번 출입구,1200형,1815-784,M
2026-08-07 15:39,1041728,승강기)에스컬레이터-서초 6번출구 하행 1,2호선,0224,서초,224,20210527,하행,1,6,지상,1,6번 출입구,지하,B1,6번 출입구,1200,1802-697,M
2026-08-07 15:39,1148878,승강기)에스컬레이터-잠실새내 2번출구 상행3,2호선,0217,잠실새내,217,20210527,상행,3,2,지하,B1,2번 출입구,지상,1,2번 출입구,1200,1802-836,M
2026-08-07 15:39,1500048,승강기)에스컬레이터-신정네거리 2번출구 4호기,2호선,0249,신정네거리,234-3,20210527,상행,4,2,지하,B1,2번 출입구,지상,1,2번 출입구,800,1811-015,M
2026-08-07 15:39,1781385,승강기)에스컬레이터-봉천 4번출구 8호기,2호선,0229,봉천,229,20220830,상행,8,4,지하,B1,4번 출입구,지상,1,4번 출입구,1200형,1815-785,M
2026-08-07 15:39,1041729,승강기)에스컬레이터-서초 6번출구 상행 2,2호선,0224,서초,224,20210527,상행,2,6,지하,B1,6번 출입구,지상,1,6번 출입구,1200,1802-698,M
2026-08-07 15:39,1148879,승강기)에스컬레이터-잠실새내 5번출구 하행4,2호선,0217,잠실새내,217,20210527,하행,4,5,지상,1,5번 출입구,지하,B1,5번 출입구,1200,1802-928,M
2026-08-07 15:39,1781386,승강기)에스컬레이터-역삼 2번출구 13호기,2호선,0221,역삼,221,20220830,하행,13,2,지상,1,2번 출입구,지하,B1,2번 출입구,1200형,1812-137,M
2026-08-07 15:39,1148880,승강기)에스컬레이터-잠실새내 5번출구 상행5,2호선,0217,잠실새내,217,20210527,상행,5,5,지하,B1,5번 출입구,지상,1,5번 출입구,1200,1802-929,M
2026-08-07 15:39,1781387,승강기)에스컬레이터-역삼 2번출구 14호기,2호선,0221,역삼,221,20220830,상행,14,2,지하,B1,2번 출입구,지상,1,2번 출입구,1200형,1812-138,M
2026-08-07 15:39,1148881,승강기)에스컬레이터-잠실새내 6번출구 하행6,2호선,0217,잠실새내,217,20210527,하행,6,6,지상,1,6번 출입구,지하,B1,6번 출입구,1200,1802-930,M
2026-08-07 15:39,1148882,승강기)에스컬레이터-잠실새내 6번출구 상행7,2호선,0217,잠실새내,217,20210527,상행,7,6,지하,B1,6번 출입구,지상,1,6번 출입구,1200,1802-931,M
2026-08-07 15:39,1148883,승강기)에스컬레이터-잠실새내 7번출구 하행8,2호선,0217,잠실새내,217,20210527,하행,8,7,지상,1,7번 출입구,지하,B1,7번 출입구,1200,1802-838,M
2026-08-07 15:39,1148884,승강기)에스컬레이터-잠실새내 7번출구 상행9,2호선,0217,잠실새내,217,20210527,상행,9,7,지하,B1,7번 출입구,지상,1,7번 출입구,1200,1802-839,M
2026-08-07 15:39,1148885,승강기)에스컬레이터-잠실새내 8번출구 하행10,2호선,0217,잠실새내,217,20210527,하행,10,8,지상,1,8번 출입구,지하,B1,8번 출입구,1200,1802-609,M
2026-08-07 15:39,1148886,승강기)에스컬레이터-잠실새내 8번출구 상행11,2호선,0217,잠실새내,217,20210527,상행,11,8,지하,B1,8번 출입구,지상,1,8번 출입구,1200,1802-749,M
2026-08-07 15:39,1784308,승강기)에스컬레이터-낙성대 8번출구 에스컬레이터 7호기,2호선,0227,낙성대,227,20221215,상행,7,8,지하,B1,8번 출입구,지상,1,8번 출입구,1200형,1815-796,M
2026-08-07 15:39,1784309,승강기)에스컬레이터-낙성대 8번출구 에스컬레이터 8호기,2호선,0227,낙성대,227,20221215,하행,8,8,지상,1,8번 출입구,지하,B1,8번 출입구,1200형,1815-797,M
2026-08-07 15:39,1061495,승강기)에스컬레이터-사당(2) 외선(3-3) 1호기,2호선,0226,사당,226,20210527,하행,1,내부,지하,B1,방배 방면3-3,지하,B2,방배 방면3-3,1200,1804-019,M
2026-08-07 15:39,1061496,승강기)에스컬레이터-사당(2) 외선(3-3) 2호기,2호선,0226,사당,226,20210527,상행,2,내부,지하,B2,방배 방면3-3,지하,B1,방배 방면3-3,1200,1804-274,M
2026-08-07 15:39,1061497,승강기)에스컬레이터-사당(2) 외선(8-1) 3호기,2호선,0226,사당,226,20210527,하행,3,내부,지하,B1,방배 방면8-1,지하,B2,방배 방면8-1,1200,1804-020,M
2026-08-07 15:39,1061498,승강기)에스컬레이터-사당(2) 외선(8-1) 4호기,2호선,0226,사당,226,20210527,상행,4,내부,지하,B2,방배 방면8-1,지하,B1,방배 방면8-1,1200,1804-276,M
2026-08-07 15:39,1061499,승강기)에스컬레이터-사당(2) 내선(3-3) 6호기,2호선,0226,사당,226,20210527,상행,6,내부,지하,B2,낙성대 방면3-3,지하,B1,낙성대 방면3-3,1200,1804-275,M
2026-08-07 15:39,1153335,승강기)에스컬레이터-낙성대 1번출구 하행3,2호선,0227,낙성대,227,20210527,하행,3,1,지상,1,1번 출입구,지하,B1,1번 출입구,1200,1807-749,M
2026-08-07 15:39,1061500,승강기)에스컬레이터-사당(2) 내선(3-3) 5호기,2호선,0226,사당,226,20210527,하행,5,내부,지하,B1,낙성대 방면3-3,지하,B2,낙성대 방면3-3,1200,1804-021,M
2026-08-07 15:39,1153336,승강기)에스컬레이터-낙성대 1번출구 상행4,2호선,0227,낙성대,227,20210527,상행,4,1,지하,B1,1번 출입구,지상,1,1번 출입구,1200,1807-750,M
2026-08-07 15:39,1061501,승강기)에스컬레이터-사당(2) 내선(8-1) 7호기,2호선,0226,사당,226,20210527,하행,7,내부,지하,B1,낙성대 방면8-1,지하,B2,낙성대 방면8-1,1200,1804-277,M
2026-08-07 15:39,1153337,승강기)에스컬레이터-대림 5번출구 하행5,2호선,0233,대림,233,20210527,하행,5,5,지상,2,5번 출입구,지상,1,5번 출입구,1200,1807-691,M
2026-08-07 15:39,1061502,승강기)에스컬레이터-사당(2) 내선(8-1) 8호기,2호선,0226,사당,226,20210527,상행,8,내부,지하,B2,낙성대 방면8-1,지하,B1,낙성대 방면8-1,1200,1804-022,M
2026-08-07 15:39,1153338,승강기)에스컬레이터-대림 5번출구 상행6,2호선,0233,대림,233,20210527,상행,6,5,지상,1,5번 출입구,지상,2,5번 출입구,1200,1807-690,M
2026-08-07 15:39,1153431,승강기)에스컬레이터-잠실나루 내부 1호기,2호선,0215,잠실나루,215,20210527,하행,1,내부,지상,F3,"대합실(2,3번 출입구)",,,"대합실(2,3번 출입구)",1200,1806-940,M
2026-08-07 15:39,1153432,승강기)에스컬레이터-잠실나루 내부 2호기,2호선,0215,잠실나루,215,20210527,상행,2,내부,지상,1,"대합실(2,3번 출입구)",지상,2,"대합실(2,3번 출입구)",1200,1806-939,M
2026-08-07 15:39,1153439,승강기)에스컬레이터-신정네거리 1번출구 1호기,2호선,0249,신정네거리,234-3,20210527,하행,1,1,지상,1,1번 출입구,지하,B1,1번 출입구,800,3810-962,M
2026-08-07 15:39,1153440,승강기)에스컬레이터-신정네거리 1번출구 2호기,2호선,0249,신정네거리,234-3,20210527,상행,2,1,지하,B1,1번 출입구,지상,1,1번 출입구,800,3810-961,M
2026-08-07 15:39,1156468,승강기)에스컬레이터-서울대입구 3번출구 6호기,2호선,0228,서울대입구,228,20210527,상행,6,3,지하,B1,3번 출입구,지상,1,3번 출입구,1200,1803-451,M
2026-08-07 15:39,1156470,승강기)에스컬레이터-서울대입구 4번출구 7호기,2호선,0228,서울대입구,228,20210527,하행,7,4,지상,1,4번 출입구,지하,B1,4번 출입구,800,1803-452,M
2026-08-07 15:39,1156471,승강기)에스컬레이터-서울대입구 4번출구 8호기,2호선,0228,서울대입구,228,20210527,상행,8,4,지하,B1,4번 출입구,지상,1,4번 출입구,800,1803-453,M
2026-08-07 15:39,1156472,승강기)에스컬레이터-신림 2번출구 2호기,2호선,0230,신림,230,20210527,상행,2,2,지하,B1,2번 출입구,지상,1,2번 출입구,1200,1803-562,M
2026-08-07 15:39,1156473,승강기)에스컬레이터-신림 2번출구 3호기,2호선,0230,신림,230,20210527,하행,3,2,지상,1,2번 출입구,지하,B1,2번 출입구,1200,1803-563,M
2026-08-07 15:39,1202763,승강기)에스컬레이터-잠실나루 2번출구 3호기,2호선,0215,잠실나루,215,20210527,상행,3,내부,지상,2,강변 방면10-1,지상,3,강변 방면10-1,1200,1809-597,M
2026-08-07 15:39,1798406,승강기)에스컬레이터-교대(2) 11번 출입구 3호기,2호선,0223,교대,223,20231103,상행,3,11,지하,B1,11번 출입구,지상,1,11번 출입구,1200형,1811-213,M
2026-08-07 15:39,1202764,승강기)에스컬레이터-잠실나루 2번출구 4호기,2호선,0215,잠실나루,215,20210527,상행,4,내부,지상,2,잠실 방면1-4,지상,3,잠실 방면1-4,1200,1809-598,M
2026-08-07 15:39,1798407,승강기)에스컬레이터-교대(2) 11번 출입구 4호기,2호선,0223,교대,223,20231103,하행,4,11,지상,1,11번 출입구,지하,B1,11번 출입구,1200형,1811-214,M
2026-08-07 15:39,1202765,승강기)에스컬레이터-잠실 1번출구 하행3,2호선,0216,잠실,216,20210527,하행,3,1,지상,1,1번 출입구,지하,B1,1번 출입구,1200,1808-875,M
2026-08-07 15:39,1202766,승강기)에스컬레이터-잠실 1번출구 상행4,2호선,0216,잠실,216,20210527,상행,4,1,지하,B1,1번 출입구,지상,1,1번 출입구,1200,1808-874,M
2026-08-07 15:39,1202767,승강기)에스컬레이터-잠실 2번출구 하행5,2호선,0216,잠실,216,20210527,하행,5,2,지상,1,2번 출입구,지하,B1,2번 출입구,1200,1807-812,M
2026-08-07 15:39,1202768,승강기)에스컬레이터-잠실 2번출구 상행6,2호선,0216,잠실,216,20210527,상행,6,2,지하,B1,2번 출입구,지상,1,2번 출입구,1200,1807-811,M
2026-08-07 15:39,1202769,승강기)에스컬레이터-종합운동장 8번출구 3호기,2호선,0218,종합운동장,218,20210527,상행,3,8,지하,B1,8번 출입구,지상,1,8번 출입구,1200,1809-564,M
2026-08-07 15:39,1202770,승강기)에스컬레이터-홍대입구 1번출구 5호기,2호선,0239,홍대입구,239,20210527,하행,5,1,지하,B2,1번 출입구,지하,B3,1번 출입구,800,1808-585,M
2026-08-07 15:39,1202771,승강기)에스컬레이터-홍대입구 1번출구 6호기,2호선,0239,홍대입구,239,20210527,상행,6,1,지하,B3,1번 출입구,지하,B2,1번 출입구,1200,1808-586,M
2026-08-07 15:39,1202772,승강기)에스컬레이터-홍대입구 1번출구 7호기,2호선,0239,홍대입구,239,20210527,하행,7,1,지상,1,1번 출입구,지하,B2,1번 출입구,800,1808-587,M
2026-08-07 15:39,1202773,승강기)에스컬레이터-홍대입구 1번출구 8호기,2호선,0239,홍대입구,239,20210527,상행,8,1,지하,B2,1번 출입구,지상,1,1번 출입구,1200,1808-588,M
2026-08-07 15:39,1802035,승강기)에스컬레이터-영등포구청(2) 4번출입구 3호기,2호선,0236,영등포구청,236,20240108,하행,3,4,지상,1,4번 출입구,지하,B1,4번 출입구,800형,1816-847,M
2026-08-07 15:39,1202843,승강기)에스컬레이터-상왕십리 1번출구 1호기,2호선,0207,상왕십리,207,20210527,하행,1,1,지상,1,1번 출입구,지하,B1,1번 출입구,1200,1812-874,M
2026-08-07 15:39,1802036,승강기)에스컬레이터-영등포구청(2) 4번출입구 4호기,2호선,0236,영등포구청,236,20240108,상행,4,4,지하,B1,4번 출입구,지상,1,4번 출입구,800형,1816-848,M
2026-08-07 15:39,1202844,승강기)에스컬레이터-상왕십리 1번출구 2호기,2호선,0207,상왕십리,207,20210527,상행,2,1,지하,B1,1번 출입구,지상,1,1번 출입구,1200,1812-873,M
2026-08-07 15:39,1202845,승강기)에스컬레이터-상왕십리 1번출구 3호기,2호선,0207,상왕십리,207,20210527,하행,3,1,지하,B1,1번 출입구,지하,B2,1번 출입구,1200,1812-872,M
2026-08-07 15:39,1202846,승강기)에스컬레이터-상왕십리 1번출구 4호기,2호선,0207,상왕십리,207,20210527,상행,4,1,지하,B2,1번 출입구,지하,B1,1번 출입구,1200,1812-871,M
2026-08-07 15:39,1804539,승강기)에스컬레이터-잠실(2) 내부 7호기,2호선,0216,잠실,216,20240305,하행,7,내부,지하,B1,잠실새내 방면5-3,지하,B2,잠실새내 방면5-3,1200형,1812-958,M
2026-08-07 15:39,1202847,승강기)에스컬레이터-상왕십리 1-1번출구 5호기,2호선,0207,상왕십리,207,20210527,상행,5,1-1,지하,B1,1-1번 출입구,지상,1,1-1번 출입구,1200,1809-944,M
2026-08-07 15:39,1804540,승강기)에스컬레이터-잠실(2) 내부 8호기,2호선,0216,잠실,216,20240305,상행,8,내부,지하,B2,잠실새내 방면5-3,지하,B1,잠실새내 방면5-3,1200형,1812-957,M
2026-08-07 15:39,1202848,승강기)에스컬레이터-상왕십리 1-1번출구 6호기,2호선,0207,상왕십리,207,20210527,상행,6,1-1,지하,B1,1-1번 출입구,지상,1,1-1번 출입구,1200,1809-943,M
2026-08-07 15:39,1804778,승강기)에스컬레이터-신림 8번출구 8호기,2호선,0230,신림,230,20240408,하행,8,8,지상,1,8번 출입구,지하,B1,8번 출입구,800형,1816-852,M
2026-08-07 15:39,1202849,승강기)에스컬레이터-상왕십리 1-1번출구 7호기,2호선,0207,상왕십리,207,20210527,하행,7,1-1,지하,B1,1-1번 출입구,지하,B2,1-1번 출입구,1200,1809-942,M
2026-08-07 15:39,1804779,승강기)에스컬레이터-신림 8번출구 9호기,2호선,0230,신림,230,20240408,상행,9,8,지하,B1,8번 출입구,지상,1,8번 출입구,800형,1816-851,M
2026-08-07 15:39,1202850,승강기)에스컬레이터-상왕십리 1-1번출구 8호기,2호선,0207,상왕십리,207,20210527,하행,8,1-1,지하,B1,1-1번 출입구,지하,B2,1-1번 출입구,1200,1809-941,M
2026-08-07 15:39,1203540,승강기)에스컬레이터-을지로입구 1번출구 하행3,2호선,0202,을지로입구,202,20210527,하행,3,1,지상,1,1번 출입구,지하,B1,1번 출입구,1200,1800-930,M
2026-08-07 15:39,1203541,승강기)에스컬레이터-을지로입구 1번출구 상행4,2호선,0202,을지로입구,202,20210527,상행,4,1,지하,B1,1번 출입구,지상,1,1번 출입구,1200,1800-931,S
2026-08-07 15:39,1203542,승강기)에스컬레이터-을지로입구 1번출구 하행5,2호선,0202,을지로입구,202,20210527,하행,5,1,지상,1,1번 출입구,지하,B1,1번 출입구,1200,1800-932,M
2026-08-07 15:39,1126517,승강기)에스컬레이터-경찰병원 승강장(6-2) 4호기,3호선,0341,경찰병원,351,20210527,상행,4,내부,지하,B2,가락시장 방면6-2,지하,B1,가락시장 방면6-2,1200,1809-378,M
2026-08-07 15:39,1126518,승강기)에스컬레이터-경찰병원 승강장(7-4) 5호기,3호선,0341,경찰병원,351,20210527,하행,5,내부,지하,B1,가락시장 방면7-4,지하,B2,가락시장 방면7-4,1200,1809-379,M
2026-08-07 15:39,1126519,승강기)에스컬레이터-경찰병원 승강장(7-4) 6호기,3호선,0341,경찰병원,351,20210527,상행,6,내부,지하,B2,가락시장 방면7-4,지하,B1,가락시장 방면7-4,1200,1809-380,M
2026-08-07 15:39,1126520,승강기)에스컬레이터-경찰병원 승강장(4-1) 7호기,3호선,0341,경찰병원,351,20210527,하행,7,내부,지하,B1,오금 방면4-1,지하,B2,오금 방면4-1,1200,1809-381,M
2026-08-07 15:39,1126521,승강기)에스컬레이터-경찰병원 승강장(4-1) 8호기,3호선,0341,경찰병원,351,20210527,상행,8,내부,지하,B2,오금 방면4-1,지하,B1,오금 방면4-1,1200,1809-382,M
2026-08-07 15:39,1126522,승강기)에스컬레이터-경찰병원 승강장(5-3) 9호기,3호선,0341,경찰병원,351,20210527,하행,9,내부,지하,B1,오금 방면5-3,지하,B2,오금 방면5-3,1200,1809-383,M
2026-08-07 15:39,1126523,승강기)에스컬레이터-경찰병원 승강장(5-3) 10호기,3호선,0341,경찰병원,351,20210527,상행,10,내부,지하,B2,오금 방면5-3,지하,B1,오금 방면5-3,1200,1809-384,M
2026-08-07 15:39,1126524,승강기)에스컬레이터-경찰병원 승강장(9-4) 11호기,3호선,0341,경찰병원,351,20210527,하행,11,내부,지하,B1,오금 방면9-4,지하,B2,오금 방면9-4,1200,1809-385,M
2026-08-07 15:39,1126525,승강기)에스컬레이터-경찰병원 승강장(9-4) 12호기,3호선,0341,경찰병원,351,20210527,상행,12,내부,지하,B2,오금 방면9-4,지하,B1,오금 방면9-4,1200,1809-386,M
2026-08-07 15:39,1126530,승강기)에스컬레이터-경찰병원 대합실 17호기,3호선,0341,경찰병원,351,20210527,하행,17,내부,지상,1,"3,4번 출입구 사이",지하,B1,"3,4번 출입구 사이",1200,1809-391,M
2026-08-07 15:39,1126531,승강기)에스컬레이터-경찰병원 대합실 18호기,3호선,0341,경찰병원,351,20210527,상행,18,내부,지하,B1,"3,4번 출입구 사이",지상,1,"3,4번 출입구 사이",1200,1809-392,M
2026-08-07 15:39,1126532,승강기)에스컬레이터-경찰병원 3번출구 19호기,3호선,0341,경찰병원,351,20210527,하행,19,3,지상,1,3번 출입구,지하,B1,3번 출입구,1200,1809-393,M
2026-08-07 15:39,1204928,승강기)에스컬레이터-일원 1번출구 1호기,3호선,0338,일원,348,20210527,하행,1,1,지상,1,1번 출입구,지하,B1,1번 출입구,1200,1811-327,M
2026-08-07 15:39,1041482,승강기)에스컬레이터-경복궁 내부 1호기,3호선,0317,경복궁,327,20210527,하행,1,내부,지하,B2,"안국 방면9-1, 독립문 방면2-4",지하,B3,"안국 방면9-1, 독립문 방면2-4",1200,1800-315,S
2026-08-07 15:39,1126533,승강기)에스컬레이터-경찰병원 3번출구 20호기,3호선,0341,경찰병원,351,20210527,상행,20,3,지하,B1,3번 출입구,지상,1,3번 출입구,1200,1809-394,M
2026-08-07 15:39,1204929,승강기)에스컬레이터-일원 1번출구 2호기,3호선,0338,일원,348,20210527,상행,2,1,지하,B1,1번 출입구,지상,1,1번 출입구,1200,1811-328,M
2026-08-07 15:39,1041483,승강기)에스컬레이터-경복궁 내부 2호기,3호선,0317,경복궁,327,20210527,상행,2,내부,지하,B3,"독립문 방면2-4, 안국 방면9-1",지하,B2,"독립문 방면2-4, 안국 방면9-1",1200,1800-308,M
2026-08-07 15:39,1126656,승강기)에스컬레이터-오금(3) 내부 1호기,3호선,0342,오금,352,20210527,상행,1,내부,지하,B2,경찰병원 방면2-2,지하,B3,경찰병원 방면2-2,1200,1809-360,M
2026-08-07 15:39,1204930,승강기)에스컬레이터-일원 2번출구 3호기,3호선,0338,일원,348,20210527,상행,3,2,지하,B1,2번 출입구,지상,1,2번 출입구,800,1811-301,M
2026-08-07 15:39,1041484,승강기)에스컬레이터-경복궁 내부 3호기,3호선,0317,경복궁,327,20210527,상행,3,내부,지하,B3,"안국 방면3-2, 독립문 방면8-3",지하,B2,"안국 방면3-2, 독립문 방면8-3",1200,1800-003,S
2026-08-07 15:39,1126657,승강기)에스컬레이터-오금(3) 내부 2호기,3호선,0342,오금,352,20210527,상행,2,내부,지하,B3,경찰병원 방면2-2,지하,B2,경찰병원 방면2-2,1200,1809-361,S
2026-08-07 15:39,1204931,승강기)에스컬레이터-일원 3번출구 4호기,3호선,0338,일원,348,20210527,상행,4,3,지상,1,3번 출입구,지하,B1,3번 출입구,1200,1811-302,M
2026-08-07 15:39,1041485,승강기)에스컬레이터-경복궁 내부 4호기,3호선,0317,경복궁,327,20210527,하행,4,내부,지하,B2,"안국 방면3-2, 독립문 방면8-3",지하,B3,"안국 방면3-2, 독립문 방면8-3",1200,1800-004,M
2026-08-07 15:39,1126660,승강기)에스컬레이터-오금(3) 내부 5호기,3호선,0342,오금,352,20210527,상행,5,내부,지하,B2,경찰병원 방면7-1,지하,B3,경찰병원 방면7-1,1200,1809-364,M
2026-08-07 15:39,1041486,승강기)에스컬레이터-경복궁 내부 5호기,3호선,0317,경복궁,327,20210527,하행,5,내부,지하,B1,대합실(E계단),지하,B2,대합실(E계단),1200,1800-309,M
2026-08-07 15:39,1126661,승강기)에스컬레이터-오금(3) 내부 6호기,3호선,0342,오금,352,20210527,하행,6,내부,지하,B3,오금 방면4-4,지하,B2,오금 방면4-4,1200,1809-365,M
2026-08-07 15:39,1041487,승강기)에스컬레이터-경복궁 내부 6호기,3호선,0317,경복궁,327,20210527,상행,6,내부,지하,B2,대합실(E계단),지하,B1,대합실(E계단),1200,1800-310,M
2026-08-07 15:39,1126664,승강기)에스컬레이터-오금(3) 내부 9호기,3호선,0342,오금,352,20210527,하행,9,내부,지하,B2,오금 방면9-3,지하,B3,오금 방면9-3,1200,1809-368,M
2026-08-07 15:39,1041488,승강기)에스컬레이터-경복궁 내부 7호기,3호선,0317,경복궁,327,20210527,하행,7,내부,지하,B1,대합실(H계단),지하,B2,대합실(H계단),1200,1800-005,M
2026-08-07 15:39,1126665,승강기)에스컬레이터-오금(3) 내부 10호기,3호선,0342,오금,352,20210527,하행,10,내부,지하,B3,오금 방면9-3,지하,B2,오금 방면9-3,1200,1809-369,M
2026-08-07 15:39,1041489,승강기)에스컬레이터-경복궁 내부 8호기,3호선,0317,경복궁,327,20210527,상행,8,내부,지하,B2,대합실(H계단),지하,B1,대합실(H계단),1200,1800-006,M
2026-08-07 15:39,1126666,승강기)에스컬레이터-오금(3) 환승 11호기,3호선,0342,오금,352,20210527,하행,11,내부,지하,B1,환승통로(5호선 방면),지하,B2,환승통로(5호선 방면),1200,1809-370,M
2026-08-07 15:39,1041502,승강기)에스컬레이터-고속터미널 내부 17호기,3호선,0329,고속터미널,339,20210527,하행,17,내부,지하,B1,환승통로(경부선 방면),지하,B2,환승통로(경부선 방면),1200,1809-326,M
2026-08-07 15:39,1126667,승강기)에스컬레이터-오금(3) 환승 12호기,3호선,0342,오금,352,20210527,상행,12,내부,지하,B2,환승통로(5호선 방면),지하,B1,환승통로(5호선 방면),1200,1809-371,S
2026-08-07 15:39,1041503,승강기)에스컬레이터-고속터미널 내부 18호기,3호선,0329,고속터미널,339,20210527,상행,18,내부,지하,B2,환승통로(경부선 방면),지하,B1,환승통로(경부선 방면),1200,1809-327,M
2026-08-07 15:39,1126668,승강기)에스컬레이터-오금 1번출구 13호기,3호선,0342,오금,352,20210527,하행,13,1,지상,1,1번 출입구,지하,B1,1번 출입구,1200,1809-372,M
2026-08-07 15:39,1041504,승강기)에스컬레이터-고속터미널 내부 19호기,3호선,0329,고속터미널,339,20210527,하행,19,내부,지하,B1,환승통로(경부선 방면),지하,B2,환승통로(경부선 방면),1200,1802-109,M
2026-08-07 15:39,1126669,승강기)에스컬레이터-오금 1번출구 14호기,3호선,0342,오금,352,20210527,상행,14,1,지하,B1,1번 출입구,지상,1,1번 출입구,1200,1809-373,M
2026-08-07 15:39,1041505,승강기)에스컬레이터-고속터미널 내부 20호기,3호선,0329,고속터미널,339,20210527,상행,20,내부,지하,B2,환승통로(경부선 방면),지하,B1,환승통로(경부선 방면),1200,1802-110,M
2026-08-07 15:39,1126670,승강기)에스컬레이터-오금 2번출구 15호기,3호선,0342,오금,352,20210527,상행,15,2,지하,B1,2번 출입구,지상,1,2번 출입구,1200,1809-374,M
2026-08-07 15:39,1041506,승강기)에스컬레이터-고속터미널 내부 21호기,3호선,0329,고속터미널,339,20210527,하행,21,내부,지하,B1,환승통로(경부선 방면),지하,B2,환승통로(경부선 방면),1200,1809-328,M
2026-08-07 15:39,1041507,승강기)에스컬레이터-고속터미널 내부 22호기,3호선,0329,고속터미널,339,20210527,상행,22,내부,지하,B2,환승통로(경부선 방면),지하,B1,환승통로(경부선 방면),1200,1809-329,M
2026-08-07 15:39,1041508,승강기)에스컬레이터-고속터미널 내부 23호기,3호선,0329,고속터미널,339,20210527,하행,23,내부,지하,B1,환승통로(경부선 방면),지하,B2,환승통로(경부선 방면),1200,1809-338,M
2026-08-07 15:39,1127054,승강기)에스컬레이터-신사 5번출구 하행3,3호선,0327,신사,337,20210527,하행,3,5,지상,1,5번 출입구,지하,B1,5번 출입구,1200,1802-051,M
2026-08-07 15:39,1041509,승강기)에스컬레이터-고속터미널 내부 24호기,3호선,0329,고속터미널,339,20210527,상행,24,내부,지하,B2,환승통로(경부선 방면),지하,B1,환승통로(경부선 방면),1200,1802-111,M
2026-08-07 15:39,1127055,승강기)에스컬레이터-신사 5번출구 상행4,3호선,0327,신사,337,20210527,상행,4,5,지하,B1,5번 출입구,지상,1,5번 출입구,1200,1802-052,M
2026-08-07 15:39,1041524,승강기)에스컬레이터-독립문 내부 1호기,3호선,0316,독립문,326,20210527,하행,1,내부,지하,B2,"무악재 방면4-4, 경복궁 방면7-1",지하,B3,"무악재 방면4-4, 경복궁 방면7-1",1200,1800-879,M
2026-08-07 15:39,1127056,승강기)에스컬레이터-신사 5번출구 하행5,3호선,0327,신사,337,20210527,하행,5,5,지상,1,5번 출입구,지하,B1,5번 출입구,1200,1802-053,M
2026-08-07 15:39,1041525,승강기)에스컬레이터-독립문 내부 2호기,3호선,0316,독립문,326,20210527,하행,2,내부,지하,B2,"무악재 방면7-4, 경복궁 방면4-1",지하,B3,"무악재 방면7-4, 경복궁 방면4-1",1200,1800-898,M
2026-08-07 15:39,1127057,승강기)에스컬레이터-신사 5번출구 상행6,3호선,0327,신사,337,20210527,상행,6,5,지하,B1,5번 출입구,지상,1,5번 출입구,1200,1802-054,S
2026-08-07 15:39,1041528,승강기)에스컬레이터-불광(3) 5번출구 하행1,3호선,0312,불광,322,20210527,하행,1,5,지상,1,5번 출입구,지하,B1,5번 출입구,800,1808-124,M
2026-08-07 15:39,1127060,승강기)에스컬레이터-양재 5번출구 하행1,3호선,0332,양재,342,20210527,하행,1,5,지상,1,5번 출입구,지하,B1,5번 출입구,1200,1802-398,M
2026-08-07 15:39,1041529,승강기)에스컬레이터-불광(3) 5번출구 상행2,3호선,0312,불광,322,20210527,상행,2,5,지하,B1,5번 출입구,지상,1,5번 출입구,800,1808-125,M
2026-08-07 15:39,1127061,승강기)에스컬레이터-양재 5번출구 상행2,3호선,0332,양재,342,20210527,상행,2,5,지하,B1,5번 출입구,지상,1,5번 출입구,1200,1802-399,M
2026-08-07 15:39,1041548,승강기)에스컬레이터-연신내(3) 2번출구 하행1,3호선,0311,연신내,321,20210527,하행,1,2,지상,1,2번 출입구,지하,B1,2번 출입구,800,1800-463,M
2026-08-07 15:39,1041549,승강기)에스컬레이터-연신내(3) 2번출구 상행2,3호선,0311,연신내,321,20210527,상행,2,2,지하,B1,2번 출입구,지상,1,2번 출입구,800,1800-464,M
2026-08-07 15:39,1041550,승강기)에스컬레이터-연신내(3) 4번출구 하행3,3호선,0311,연신내,321,20210527,하행,3,4,지상,1,4번 출입구,지하,B1,4번 출입구,800,1800-465,M
2026-08-07 15:39,1127068,승강기)에스컬레이터-압구정 1번출구 상행2,3호선,0326,압구정,336,20210527,상행,2,5,지하,B1,5번 출입구,지상,1,5번 출입구,1200,1809-341,M
2026-08-07 15:39,1041551,승강기)에스컬레이터-연신내(3) 4번출구 상행4,3호선,0311,연신내,321,20210527,상행,4,4,지하,B1,4번 출입구,지상,1,4번 출입구,800,1801-575,S
2026-08-07 15:39,1127069,승강기)에스컬레이터-압구정 5번출구 상행3,3호선,0326,압구정,336,20210527,상행,3,1,지하,B1,1번 출입구,지상,1,1번 출입구,1200,1809-342,M
2026-08-07 15:39,1127071,승강기)에스컬레이터-압구정 1번출구 하행1,3호선,0326,압구정,336,20210527,하행,1,1,지상,1,1번 출입구,지하,B1,1번 출입구,1200,1809-343,M
2026-08-07 15:39,1127087,승강기)에스컬레이터-남부터미널 6번출구 하행1,3호선,0331,남부터미널,341,20210527,하행,1,6,지상,1,6번 출입구,지하,B1,6번 출입구,1200,1802-115,M
2026-08-07 15:39,1127088,승강기)에스컬레이터-남부터미널 6번출구 상행2,3호선,0331,남부터미널,341,20210527,상행,2,6,지하,B1,6번 출입구,지상,1,6번 출입구,1200,1802-116,M
2026-08-07 15:39,1129152,승강기)에스컬레이터-경찰병원 1번출구 13호기,3호선,0341,경찰병원,351,20210527,하행,13,1,지상,1,1번 출입구,지하,B1,1번 출입구,1200,1809-387,M
2026-08-07 15:39,1129153,승강기)에스컬레이터-경찰병원 1번출구 14호기,3호선,0341,경찰병원,351,20210527,상행,14,1,지하,B1,1번 출입구,지상,1,1번 출입구,1200,1809-388,M
2026-08-07 15:39,1133710,승강기)에스컬레이터-옥수(3) 4번출구 1호기,3호선,0325,옥수,335,20210527,하행,1,4,지상,2,4번 출입구,지상,1,4번 출입구,1200,1806-299,M
2026-08-07 15:39,1133711,승강기)에스컬레이터-옥수(3) 4번출구 2호기,3호선,0325,옥수,335,20210527,상행,2,4,지상,1,4번 출입구,지상,2,4번 출입구,1200,1806-300,M
2026-08-07 15:39,1134080,승강기)에스컬레이터-금호 2번출구 하행1,3호선,0324,금호,334,20210527,하행,1,3,지상,1,3번 출입구,지하,B1,3번 출입구,1200,1800-224,M
2026-08-07 15:39,1134081,승강기)에스컬레이터-금호 2번출구 상행2,3호선,0324,금호,334,20210527,상행,2,3,지하,B1,3번 출입구,지상,1,3번 출입구,1200,1801-394,M
2026-08-07 15:39,1830548,승강기)에스컬레이터-오금(3) 내부 3호기,3호선,0342,오금,352,20251209,하행,3,내부,지하,B1,경찰병원 방면 4-2,지하,B4,경찰병원 방면 4-2,1200,1809-362,M
2026-08-07 15:39,1830549,승강기)에스컬레이터-오금(3) 내부 4호기,3호선,0342,오금,352,20251209,상행,4,내부,지하,B4,경찰병원 방면 4-2,지하,B1,경찰병원 방면 4-2,1200,1809-363,M
2026-08-07 15:39,1041638,승강기)에스컬레이터-종로3가(3) 3호선연결통로 1호기,3호선,0319,종로3가,329,20210527,하행,1,내부,지하,B2,환승통로(을지로3가 방면1-1 안국 방면10-4),지하,B4,환승통로(을지로3가 방면1-1 안국 방면10-4),1200,1800-338,M
2026-08-07 15:39,1830550,승강기)에스컬레이터-오금(3) 내부 7호기,3호선,0342,오금,352,20251209,하행,7,내부,지하,B1,오금 방면7-3,지하,B4,오금 방면7-3,1200,1809-366,M
2026-08-07 15:39,1041639,승강기)에스컬레이터-종로3가(3) 1호선연결통로 2호기,3호선,0319,종로3가,329,20210527,상행,2,내부,지하,B4,환승통로(을지로3가 방면1-1 안국 방면10-4),지하,B2,환승통로(을지로3가 방면1-1 안국 방면10-4),1200,1800-339,M
2026-08-07 15:39,1830551,승강기)에스컬레이터-오금(3) 내부 8호기,3호선,0342,오금,352,20251209,상행,8,내부,지하,B4,오금 방면7-3,지하,B1,오금 방면7-3,1200,1809-367,M
2026-08-07 15:39,1041640,승강기)에스컬레이터-교대(3) 하행(8-3) 1호기,3호선,0330,교대,340,20210527,하행,1,내부,지하,B2,"고속터미널 방면3-2, 남부터미널 방면8-3",지하,B3,"고속터미널 방면3-2, 남부터미널 방면8-3",1200,1809-330,M
2026-08-07 15:39,1830552,승강기)에스컬레이터-경찰병원 2번출구 15호기,3호선,0341,경찰병원,351,20251209,하행,15,2번 출입구,지상,1,2번 출입구,지하,B1,2번 출입구,800,1809-389,M
2026-08-07 15:39,1041641,승강기)에스컬레이터-교대(3) 상행(3-2) 2호기,3호선,0330,교대,340,20210527,상행,2,내부,지하,B3,"고속터미널 방면3-2, 남부터미널 방면8-3",지하,B2,"고속터미널 방면3-2, 남부터미널 방면8-3",1200,1809-331,M
2026-08-07 15:39,1135783,승강기)에스컬레이터-대치 4번출구 6호기,3호선,0335,대치,345,20210527,하행,5,4,지상,1,4번 출입구,지하,B1,4번 출입구,1200,1810-043,M
2026-08-07 15:39,1830553,승강기)에스컬레이터-경찰병원 2번출구 16호기,3호선,0341,경찰병원,351,20251209,상행,16,2번 출입구,지하,B1,2번 출입구,지상,1,2번 출입구,800,1809-390,M
2026-08-07 15:39,1135784,승강기)에스컬레이터-대치 4번출구 5호기,3호선,0335,대치,345,20210527,상행,6,4,지하,B1,4번 출입구,지상,1,4번 출입구,800,1810-044,M
2026-08-07 15:39,1041652,승강기)에스컬레이터-수서 1번출구 1호기,3호선,0339,수서,349,20210527,하행,1,1,지상,1,1번 출입구,지하,B1,1번 출입구,1200,1802-119,M
2026-08-07 15:39,1041653,승강기)에스컬레이터-수서 1번출구 2호기,3호선,0339,수서,349,20210527,상행,2,1,지하,B1,1번 출입구,지상,1,1번 출입구,1200,1802-120,M
2026-08-07 15:39,1833213,승강기)에스컬레이터-잠원 2번출구 1호기,3호선,0328,잠원,338,20260428,상행,1,2번 출입구,지하,B1,2번 출입구,지상,1,2번 출입구,1200,1811-240,M
2026-08-07 15:39,1833226,승강기)에스컬레이터-잠원 2번출구 2호기,3호선,0328,잠원,338,20260430,하행,2,2번 출입구,지상,1,2번 출입구,지하,B1,2번 출입구,1200,1811-241,M
2026-08-07 15:39,1779305,승강기)에스컬레이터-압구정 6번출구 상행8,3호선,0326,압구정,336,20220511,상행,8,6,지하,B1,6번 출입구,지상,1,6번 출입구,,1811-449,M
2026-08-07 15:39,1779306,승강기)에스컬레이터-압구정 6번출구 하행9,3호선,0326,압구정,336,20220511,하행,9,6,지상,1,6번 출입구,지하,B1,6번 출입구,,1811-450,M
2026-08-07 15:39,1041676,승강기)에스컬레이터-동대입구 6번출구 하행 1,3호선,0322,동대입구,332,20210527,하행,1,6,지상,1,6번 출입구,지하,B2,6번 출입구,1200,1801-712,M
2026-08-07 15:39,1041677,승강기)에스컬레이터-동대입구 6번출구 상행 2,3호선,0322,동대입구,332,20210527,상행,2,6,지하,B2,6번 출입구,지상,1,6번 출입구,1200,1801-711,M
2026-08-07 15:39,1143981,승강기)에스컬레이터-독립문 내부 3호기,3호선,0316,독립문,326,20210527,하행,3,내부,지하,B2,대합실(5번 출입구),지하,B1,대합실(5번 출입구),1200,1806-175,M
2026-08-07 15:39,1779315,승강기)에스컬레이터-구파발역 2번출구 3호기,3호선,0310,구파발,320,20220511,상행,3,2,지하,B1,2번 출입구,지상,1,2번 출입구,1200형,1813-947,M
2026-08-07 15:39,1779316,승강기)에스컬레이터-구파발역 2번출구 4호기,3호선,0310,구파발,320,20220511,하행,4,2,지상,1,2번 출입구,지하,B1,2번 출입구,1200형,1813-948,M
2026-08-07 15:39,1143988,승강기)에스컬레이터-금호 3번출구 하행3,3호선,0324,금호,334,20210527,하행,3,2,지상,1,2번 출입구,지하,B1,2번 출입구,1200,1807-016,M
2026-08-07 15:39,1143990,승강기)에스컬레이터-독립문 내부 4호기,3호선,0316,독립문,326,20210527,상행,4,내부,지하,B1,대합실(5번 출입구),지하,B2,대합실(5번 출입구),1200,1806-176,M
2026-08-07 15:39,1469259,승강기)에스컬레이터-일원 6번출구 5호기,3호선,0338,일원,348,20210527,상행,5,6,지하,B1,6번 출입구,지상,1,6번 출입구,800,1811-319,M
2026-08-07 15:39,1041690,승강기)에스컬레이터-수서 2번출구 3호기,3호선,0339,수서,349,20210527,하행,3,2,지상,1,2번 출입구,지하,B1,2번 출입구,1200,1802-055,M
2026-08-07 15:39,1469260,승강기)에스컬레이터-일원 6번출구 6호기,3호선,0338,일원,348,20210527,하행,6,6,지상,1,6번 출입구,지하,B1,6번 출입구,800,1811-320,M
2026-08-07 15:39,1041691,승강기)에스컬레이터-수서 2번출구 4호기,3호선,0339,수서,349,20210527,상행,4,2,지하,B1,2번 출입구,지상,1,2번 출입구,1200,1802-056,M
2026-08-07 15:39,1041692,승강기)에스컬레이터-수서 6번출구 5호기,3호선,0339,수서,349,20210527,하행,5,6,지상,1,6번 출입구,지하,B1,6번 출입구,1200,1802-117,M
2026-08-07 15:39,1143996,승강기)에스컬레이터-금호 3번출구 상행4,3호선,0324,금호,334,20210527,상행,4,2,지하,B1,2번 출입구,지상,1,2번 출입구,1200,1807-015,M
2026-08-07 15:39,1041693,승강기)에스컬레이터-수서 6번출구 6호기,3호선,0339,수서,349,20210527,상행,6,6,지하,B1,6번 출입구,지상,1,6번 출입구,1200,1802-118,M
2026-08-07 15:39,1145305,승강기)에스컬레이터-도곡 내부 1호기,3호선,0334,도곡,344,20210527,상행,1,내부,지하,B2,매봉 방면4-1,지하,B4,매봉 방면4-1,1200,1807-846,M
2026-08-07 15:39,1145306,승강기)에스컬레이터-도곡 내부 2호기,3호선,0334,도곡,344,20210527,상행,2,내부,지하,B4,매봉 방면4-1,지하,B2,매봉 방면4-1,1200,1807-847,M
2026-08-07 15:39,1145307,승강기)에스컬레이터-도곡 내부 3호기,3호선,0334,도곡,344,20210527,상행,3,내부,지하,B2,매봉 방면7-4,지하,B4,매봉 방면7-4,1200,1807-913,M
2026-08-07 15:39,1477863,승강기)에스컬레이터-녹번 1번출구 2호기,3호선,0313,녹번,323,20210527,상행,2,1,지하,B1,1번 출입구,지상,1,1번 출입구,1200,1813-890,M
2026-08-07 15:39,1145308,승강기)에스컬레이터-도곡 내부 4호기,3호선,0334,도곡,344,20210527,상행,4,내부,지하,B4,매봉 방면7-4,지하,B2,매봉 방면7-4,1200,1807-912,M
2026-08-07 15:39,1145309,승강기)에스컬레이터-도곡 내부 5호기,3호선,0334,도곡,344,20210527,하행,5,내부,지하,B2,대치 방면4-1,지하,B4,대치 방면4-1,1200,1807-915,M
2026-08-07 15:39,1477865,승강기)에스컬레이터-녹번 1번출구 1호기,3호선,0313,녹번,323,20210527,하행,1,1,지상,1,1번 출입구,지하,B1,1번 출입구,1200,1813-889,M
2026-08-07 15:39,1145310,승강기)에스컬레이터-도곡 내부 6호기,3호선,0334,도곡,344,20210527,하행,6,내부,지하,B4,대치 방면4-1,지하,B2,대치 방면4-1,1200,1807-914,M
2026-08-07 15:39,1041700,승강기)에스컬레이터-약수 5번출구 하행1,3호선,0323,약수,333,20210527,하행,1,5,지상,1,5번 출입구,지하,B1,5번 출입구,800,1801-061,M
2026-08-07 15:39,1145311,승강기)에스컬레이터-도곡 내부 7호기,3호선,0334,도곡,344,20210527,하행,7,내부,지하,B2,대치 방면7-4,지하,B4,대치 방면7-4,1200,1807-848,M
2026-08-07 15:39,1041701,승강기)에스컬레이터-약수 5번출구 상행2,3호선,0323,약수,333,20210527,상행,2,5,지하,B1,5번 출입구,지상,1,5번 출입구,800,1801-060,M
2026-08-07 15:39,1145312,승강기)에스컬레이터-도곡 내부 8호기,3호선,0334,도곡,344,20210527,하행,8,내부,지하,B4,대치 방면7-4,지하,B2,대치 방면7-4,1200,1807-849,M
2026-08-07 15:39,1145313,승강기)에스컬레이터-대치 내부 1호기,3호선,0335,대치,345,20210527,하행,1,내부,지하,B2,"도곡 방면1-1, 학여울 방면10-4",지하,B3,"도곡 방면1-1, 학여울 방면10-4",1200,1807-887,M
2026-08-07 15:39,1145314,승강기)에스컬레이터-대치 내부 2호기,3호선,0335,대치,345,20210527,상행,2,내부,지하,B3,"도곡 방면1-1, 학여울 방면10-4",지하,B2,"도곡 방면1-1, 학여울 방면10-4",1200,1807-854,M
2026-08-07 15:39,1145315,승강기)에스컬레이터-대치 내부 3호기,3호선,0335,대치,345,20210527,하행,3,내부,지하,B2,"도곡 방면10-4, 학여울 방면1-1",지하,B3,"도곡 방면10-4, 학여울 방면1-1",1200,1807-855,S
2026-08-07 15:39,1145316,승강기)에스컬레이터-대치 내부 4호기,3호선,0335,대치,345,20210527,상행,4,내부,지하,B3,"도곡 방면10-4, 학여울 방면1-1",지하,B2,"도곡 방면10-4, 학여울 방면1-1",1200,1807-888,M
2026-08-07 15:39,1041714,승강기)에스컬레이터-신사 8번출구 하행1,3호선,0327,신사,337,20210527,하행,1,8,지상,1,8번 출입구,지하,B1,8번 출입구,1200,1809-339,M
2026-08-07 15:39,1041715,승강기)에스컬레이터-신사 8번출구 상행2,3호선,0327,신사,337,20210527,상행,2,8,지하,B1,8번 출입구,지상,1,8번 출입구,1200,1809-340,M
2026-08-07 15:39,1146225,승강기)에스컬레이터-안국 5번출구 10호기,3호선,0318,안국,328,20210527,상행,10,5,지하,B1,5번 출입구,지상,1,5번 출입구,1200,1808-580,M
2026-08-07 15:39,1146226,승강기)에스컬레이터-안국 5번출구 9호기,3호선,0318,안국,328,20210527,하행,9,5,지상,1,5번 출입구,지하,B1,5번 출입구,1200,1808-579,M
2026-08-07 15:39,1041720,승강기)에스컬레이터-구파발 3번출구 1호기,3호선,0310,구파발,320,20210527,하행,1,3,지상,1,3번 출입구,지하,B1,3번 출입구,800,1808-122,M
2026-08-07 15:39,1041721,승강기)에스컬레이터-구파발 3번출구 2호기,3호선,0310,구파발,320,20210527,상행,2,3,지하,B1,3번 출입구,지상,1,3번 출입구,800,1808-123,M
2026-08-07 15:39,1781286,승강기)에스컬레이터-옥수(3) 3번출구 3호기,3호선,0325,옥수,335,20220814,상행,3,3,지상,1,3번 출입구,지상,2,3번 출입구,1200형,1810-844,M
2026-08-07 15:39,1781287,승강기)에스컬레이터-옥수(3) 3번출구 4호기,3호선,0325,옥수,335,20220814,하행,4,3,지상,2,3번 출입구,지상,1,3번 출입구,1200형,1810-845,M
2026-08-07 15:39,1041732,승강기)에스컬레이터-을지로3가(3) 내부 1호기,3호선,0320,을지로3가,330,20210527,하행,1,내부,지하,B3,"종로3가 방면4-2, 충무로 방면7-4",지하,B2,"종로3가 방면4-2, 충무로 방면7-4",1200,1800-477,M
2026-08-07 15:39,1041733,승강기)에스컬레이터-을지로3가(3) 내부 2호기,3호선,0320,을지로3가,330,20210527,하행,2,내부,지하,B3,"충무로 방면4-3, 종로3가 방면7-2",지하,B2,"충무로 방면4-3, 종로3가 방면7-2",1200,1801-129,M
2026-08-07 15:39,1041734,승강기)에스컬레이터-고속터미널 내부 7호기,3호선,0329,고속터미널,339,20210527,상행,7,내부,지하,B2,잠원 방면9-2,지하,B3,잠원 방면9-2,1200,1802-288,M
2026-08-07 15:39,1041735,승강기)에스컬레이터-고속터미널 내부 8호기,3호선,0329,고속터미널,339,20210527,상행,8,내부,지하,B3,잠원 방면9-2,지하,B2,잠원 방면9-2,1200,1802-289,M
2026-08-07 15:39,1041736,승강기)에스컬레이터-고속터미널 내부 13호기,3호선,0329,고속터미널,339,20210527,하행,13,내부,지하,B2,교대 방면7-2,지하,B3,교대 방면7-2,1200,1802-107,M
2026-08-07 15:39,1041737,승강기)에스컬레이터-고속터미널 내부 14호기,3호선,0329,고속터미널,339,20210527,하행,14,내부,지하,B3,교대 방면7-2,지하,B2,교대 방면7-2,1200,1802-108,M
2026-08-07 15:39,1151802,승강기)에스컬레이터-학여울 B3(대) 하행1,3호선,0336,학여울,346,20210527,하행,1,내부,지하,B2,대합실(1번출입구 방면),지하,B3,대합실(1번출입구 방면),1200,1809-355,M
2026-08-07 15:39,1151803,승강기)에스컬레이터-학여울 B3(대) 상행2,3호선,0336,학여울,346,20210527,상행,2,내부,지하,B3,대합실(1번출입구 방면),지하,B2,대합실(1번출입구 방면),1200,1809-354,M
2026-08-07 15:39,1151873,승강기)에스컬레이터-동대입구 5번출구 하행 3,3호선,0322,동대입구,332,20210527,하행,3,5,지상,1,5번 출입구,지하,B1,5번 출입구,1200,1810-107,M
2026-08-07 15:39,1151874,승강기)에스컬레이터-동대입구 5번출구 상행 4,3호선,0322,동대입구,332,20210527,상행,4,5,지하,B1,5번 출입구,지상,1,5번 출입구,1200,1810-108,M
2026-08-07 15:39,1784884,승강기)에스컬레이터-대치 8번출구 7호기,3호선,0335,대치,345,20221221,하행,7,8,지상,1,8번 출입구,지하,B1,8번 출입구,800형,1812-120,M
2026-08-07 15:39,1784885,승강기)에스컬레이터-대치 8번출구 8호기,3호선,0335,대치,345,20221221,상행,8,8,지하,B1,8번 출입구,지상,1,8번 출입구,800형,1812-119,M
2026-08-07 15:39,1061503,승강기)에스컬레이터-고속터미널 내부 3호기,3호선,0329,고속터미널,339,20210527,상행,3,내부,지하,B3,잠원 방면4-3,지하,B2,잠원 방면4-3,1200,1802-101,M
2026-08-07 15:39,1153339,승강기)에스컬레이터-경복궁 3-1번출구 9호기,3호선,0317,경복궁,327,20210527,하행,9,3-1,지상,1,3-1번 출입구,지하,B1,3-1번 출입구,800,1810-125,S
2026-08-07 15:39,1061504,승강기)에스컬레이터-고속터미널 내부 4호기,3호선,0329,고속터미널,339,20210527,상행,4,내부,지하,B2,잠원 방면4-3,지하,B3,잠원 방면4-3,1200,1802-102,M
2026-08-07 15:39,1153340,승강기)에스컬레이터-경복궁 3-1번출구 10호기,3호선,0317,경복궁,327,20210527,상행,10,3-1,지하,B1,3-1번 출입구,지상,1,3-1번 출입구,800,1810-126,M
2026-08-07 15:39,1061505,승강기)에스컬레이터-고속터미널 내부 9호기,3호선,0329,고속터미널,339,20210527,하행,9,내부,지하,B3,교대 방면2-3,지하,B2,교대 방면2-3,1200,1802-290,M
2026-08-07 15:39,1153341,승강기)에스컬레이터-대청 3번출구 하행3,3호선,0337,대청,347,20210527,하행,3,3,지상,1,3번 출입구,지하,B1,3번 출입구,1200,1811-189,M
2026-08-07 15:39,1061506,승강기)에스컬레이터-고속터미널 내부 10호기,3호선,0329,고속터미널,339,20210527,하행,10,내부,지하,B2,교대 방면2-3,지하,B3,교대 방면2-3,1200,1802-106,M
2026-08-07 15:39,1153342,승강기)에스컬레이터-대청 3번출구 상행4,3호선,0337,대청,347,20210527,상행,4,3,지하,B1,3번 출입구,지상,1,3번 출입구,1200,1811-190,M
2026-08-07 15:39,1153433,승강기)에스컬레이터-대청 6번출구 하행1,3호선,0337,대청,347,20210527,하행,1,6,지상,1,6번 출입구,지하,B1,6번 출입구,800,1807-886,M
2026-08-07 15:39,1153434,승강기)에스컬레이터-대청 6번출구 상행2,3호선,0337,대청,347,20210527,상행,2,6,지하,B1,6번 출입구,지상,1,6번 출입구,800,1807-885,M
2026-08-07 15:39,1153435,승강기)에스컬레이터-매봉 4번출구 하행1,3호선,0333,매봉,343,20210527,하행,1,4,지상,1,4번 출입구,지하,B1,4번 출입구,800,1807-907,S
2026-08-07 15:39,1567027,승강기)에스컬레이터-압구정 3번출구 상행4,3호선,0326,압구정,336,20210527,하행,4,3,지상,1,3번 출입구,지하,B1,3번 출입구,1200,1811-390,S
2026-08-07 15:39,1153436,승강기)에스컬레이터-매봉 4번출구 상행2,3호선,0333,매봉,343,20210527,상행,2,4,지하,B1,4번 출입구,지상,1,4번 출입구,800,1807-908,M
2026-08-07 15:39,1567028,승강기)에스컬레이터-압구정 3번출구 하행5,3호선,0326,압구정,336,20210527,상행,5,3,지하,B2,3번 출입구,지하,B1,3번 출입구,1200,1811-389,M
2026-08-07 15:39,1153437,승강기)에스컬레이터-매봉 1번출구 하행3,3호선,0333,매봉,343,20210527,하행,3,1,지상,1,1번 출입구,지하,B1,1번 출입구,1200,1809-591,M
2026-08-07 15:39,1567029,승강기)에스컬레이터-압구정 3번 출입구 6호기,3호선,0326,압구정,336,20210527,하행,6,3,지상,1,3번 출입구,지하,BM1,3번 출입구,1200,1811-391,M
2026-08-07 15:39,1153438,승강기)에스컬레이터-매봉 1번출구 상행4,3호선,0333,매봉,343,20210527,상행,4,1,지하,B1,1번 출입구,지상,1,1번 출입구,1200,1809-592,M
2026-08-07 15:39,1567030,승강기)에스컬레이터-압구정 3번 출입구 7호기,3호선,0326,압구정,336,20210527,상행,7,3,지하,BM1,3번 출입구,지상,1,3번 출입구,1200,1811-392,M
2026-08-07 15:39,1156458,승강기)에스컬레이터-독립문 3-1번출구 5호기,3호선,0316,독립문,326,20210527,하행,5,3-1,지상,1,3-1번 출입구,지하,B1,3-1번 출입구,800,1810-779,M
2026-08-07 15:39,1123283,승강기)에스컬레이터-안국 내부 1호기,3호선,0318,안국,328,20210527,하행,1,내부,지하,B3,"종로3가 방면7-2, 경복궁 방면4-3",지하,B4,"종로3가 방면7-2, 경복궁 방면4-3",1200,1801-132,M
2026-08-07 15:39,1156459,승강기)에스컬레이터-독립문 3-1번출구 6호기,3호선,0316,독립문,326,20210527,상행,6,3-1,지하,B1,3-1번 출입구,지상,1,3-1번 출입구,800,1810-780,M
2026-08-07 15:39,1123284,승강기)에스컬레이터-안국 내부 2호기,3호선,0318,안국,328,20210527,상행,2,내부,지하,B4,"경복궁 방면4-3, 종로3가 방면7-2",지하,B3,"경복궁 방면4-3, 종로3가 방면7-2",1200,1801-133,M
2026-08-07 15:39,1123285,승강기)에스컬레이터-안국 내부 3호기,3호선,0318,안국,328,20210527,하행,3,내부,지하,B3,"종로3가 방면4-4, 경복궁 방면7-1",지하,B4,"종로3가 방면4-4, 경복궁 방면7-1",1200,1801-134,M
2026-08-07 15:39,1123286,승강기)에스컬레이터-안국 내부 4호기,3호선,0318,안국,328,20210527,상행,4,내부,지하,B4,"경복궁 방면7-1, 종로3가 방면4-4",지하,B3,"경복궁 방면7-1, 종로3가 방면4-4",1200,1801-135,M
2026-08-07 15:39,1123287,승강기)에스컬레이터-안국 내부 5호기,3호선,0318,안국,328,20210527,하행,5,내부,지하,B2,대합실(5-1번 출입구),지하,B3,대합실(5-1번 출입구),1200,1801-136,M
2026-08-07 15:39,1123288,승강기)에스컬레이터-안국 내부 6호기,3호선,0318,안국,328,20210527,상행,6,내부,지하,B3,대합실(5-1번 출입구),지하,B2,대합실(5-1번 출입구),1200,1801-137,M
2026-08-07 15:39,1123289,승강기)에스컬레이터-안국 내부 7호기,3호선,0318,안국,328,20210527,하행,7,내부,지하,B2,"대합실(2,3,4,5번 출입구)",지하,B3,"대합실(2,3,4,5번 출입구)",1200,1801-138,M
2026-08-07 15:39,1798402,승강기)에스컬레이터-금호 4번 출입구 하행 5호기,3호선,0324,금호,334,20231103,하행,5,4,지상,1,4번 출입구,지하,B1,4번 출입구,1200형,1812-555,M
2026-08-07 15:39,1123290,승강기)에스컬레이터-안국 내부 8호기,3호선,0318,안국,328,20210527,상행,8,내부,지하,B3,"대합실(2,3,4,5번 출입구)",지하,B2,"대합실(2,3,4,5번 출입구)",1200,1801-139,M
2026-08-07 15:39,1798403,승강기)에스컬레이터-금호 4번 출입구 상행 6호기,3호선,0324,금호,334,20231103,상행,6,4,지하,B1,4번 출입구,지상,1,4번 출입구,1200형,1812-554,M
2026-08-07 15:39,1123291,"승강기)에스컬레이터-종로3가(3) 3,5연결통로 3호기",3호선,0319,종로3가,329,20210527,하행,3,내부,지하,B1,환승통로(5호선 방면),지하,B3,환승통로(5호선 방면),1200,1800-082,M
2026-08-07 15:39,1798404,승강기)에스컬레이터-독립문 4번 출입구 7호기,3호선,0316,독립문,326,20231103,하행,7,4,지상,1,4번 출입구,지하,B1,4번 출입구,800형,1815-111,M
2026-08-07 15:39,1123292,"승강기)에스컬레이터-종로3가(3) 3,5연결통로 4호기",3호선,0319,종로3가,329,20210527,상행,4,내부,지하,B3,환승통로(5호선 방면),지하,B1,환승통로(5호선 방면),1200,1800-083,M
2026-08-07 15:39,1798405,승강기)에스컬레이터-독립문 4번 출입구 8호기,3호선,0316,독립문,326,20231103,상행,8,4,지하,B1,4번 출입구,지상,1,4번 출입구,800형,1815-112,M
2026-08-07 15:39,1123293,승강기)에스컬레이터-고속터미널 내부 1호기,3호선,0329,고속터미널,339,20210527,상행,1,내부,지하,B2,잠원 방면2-3,지하,B3,잠원 방면2-3,1200,1802-099,M
2026-08-07 15:39,1123294,승강기)에스컬레이터-고속터미널 내부 2호기,3호선,0329,고속터미널,339,20210527,상행,2,내부,지하,B3,잠원 방면2-3,지하,B2,잠원 방면2-3,1200,1802-100,M
2026-08-07 15:39,1123295,승강기)에스컬레이터-고속터미널 내부 5호기,3호선,0329,고속터미널,339,20210527,상행,5,내부,지하,B2,잠원 방면7-2,지하,B3,잠원 방면7-2,1200,1802-103,M
2026-08-07 15:39,1123296,승강기)에스컬레이터-고속터미널 내부 6호기,3호선,0329,고속터미널,339,20210527,상행,6,내부,지하,B3,잠원 방면7-2,지하,B2,잠원 방면7-2,1200,1802-287,M
2026-08-07 15:39,1123297,승강기)에스컬레이터-고속터미널 내부 11호기,3호선,0329,고속터미널,339,20210527,하행,11,내부,지하,B2,교대 방면4-3,지하,B3,교대 방면4-3,1200,1802-291,M
2026-08-07 15:39,1123298,승강기)에스컬레이터-고속터미널 내부 12호기,3호선,0329,고속터미널,339,20210527,하행,12,내부,지하,B3,교대 방면4-3,지하,B2,교대 방면4-3,1200,1802-292,M
2026-08-07 15:39,1123299,승강기)에스컬레이터-고속터미널 내부 15호기,3호선,0329,고속터미널,339,20210527,하행,15,내부,지하,B2,교대 방면9-2,지하,B3,교대 방면9-2,1200,1802-104,M
2026-08-07 15:39,1123300,승강기)에스컬레이터-고속터미널 내부 16호기,3호선,0329,고속터미널,339,20210527,하행,16,내부,지하,B3,교대 방면9-2,지하,B2,교대 방면9-2,1200,1802-105,S
2026-08-07 15:39,1123310,승강기)에스컬레이터-종로3가(3) 3호선연결통 5호기,3호선,0319,종로3가,329,20210527,하행,5,내부,지하,B1,환승통로(안국 방면9-1 을지로3가 방면2-4),지하,B3,환승통로(안국 방면9-1 을지로3가 방면2-4),1200,1800-084,M
2026-08-07 15:39,1123311,승강기)에스컬레이터-종로3가(3) 2-1출구 6호기,3호선,0319,종로3가,329,20210527,상행,6,내부,지하,B3,환승통로(3호선 방면),지하,B1,환승통로(3호선 방면),1200,1800-085,S
2026-08-07 15:39,1126369,승강기)에스컬레이터-가락시장(3) 내부 1호기,3호선,0340,가락시장,350,20210527,상행,1,내부,지하,B2,수서 방면4-4,지하,B4,수서 방면4-4,1200,1809-395,M
2026-08-07 15:39,1126370,승강기)에스컬레이터-가락시장(3) 내부 2호기,3호선,0340,가락시장,350,20210527,상행,2,내부,지하,B4,수서 방면4-4,지하,B2,수서 방면4-4,1200,1809-396,M
2026-08-07 15:39,1126371,승강기)에스컬레이터-가락시장(3) 내부 3호기,3호선,0340,가락시장,350,20210527,상행,3,내부,지하,B2,수서 방면6-3,지하,B4,수서 방면6-3,1200,1809-397,S
2026-08-07 15:39,1126372,승강기)에스컬레이터-가락시장(3) 내부 4호기,3호선,0340,가락시장,350,20210527,상행,4,내부,지하,B4,수서 방면6-3,지하,B2,수서 방면6-3,1200,1809-398,M
2026-08-07 15:39,1126373,승강기)에스컬레이터-가락시장(3) 내부 5호기,3호선,0340,가락시장,350,20210527,상행,5,내부,지하,B3,수서 방면8-3,지하,B4,수서 방면8-3,1200,1809-399,M
2026-08-07 15:39,1126374,승강기)에스컬레이터-가락시장(3) 내부 6호기,3호선,0340,가락시장,350,20210527,상행,6,내부,지하,B4,수서 방면8-3,지하,B3,수서 방면8-3,1200,1809-400,M
2026-08-07 15:39,1126375,승강기)에스컬레이터-가락시장(3) 내부 7호기,3호선,0340,가락시장,350,20210527,상행,7,내부,지하,B4,수서 방면10-1,지하,B3,수서 방면10-1,1200,1808-601,M
2026-08-07 15:39,1126376,승강기)에스컬레이터-가락시장(3) 내부 8호기,3호선,0340,가락시장,350,20210527,하행,8,내부,지하,B4,경찰병원 방면2-1,지하,B3,경찰병원 방면2-1,1200,1808-602,M
2026-08-07 15:39,1126377,승강기)에스컬레이터-가락시장(3) 내부 9호기,3호선,0340,가락시장,350,20210527,하행,9,내부,지하,B3,경찰병원 방면3-2,지하,B4,경찰병원 방면3-2,1200,1808-603,M
2026-08-07 15:39,1126378,승강기)에스컬레이터-가락시장(3) 내부 10호기,3호선,0340,가락시장,350,20210527,하행,10,내부,지하,B4,경찰병원 방면3-2,지하,B3,경찰병원 방면3-2,1200,1808-604,M
2026-08-07 15:39,1126379,승강기)에스컬레이터-가락시장(3) 내부 11호기,3호선,0340,가락시장,350,20210527,하행,11,내부,지하,B2,경찰병원 방면5-2,지하,B4,경찰병원 방면5-2,1200,1808-605,S
2026-08-07 15:39,1126380,승강기)에스컬레이터-가락시장(3) 내부 12호기,3호선,0340,가락시장,350,20210527,하행,12,내부,지하,B4,경찰병원 방면5-2,지하,B2,경찰병원 방면5-2,1200,1808-606,M
2026-08-07 15:39,1126381,승강기)에스컬레이터-가락시장(3) 내부 13호기,3호선,0340,가락시장,350,20210527,하행,13,내부,지하,B2,경찰병원 방면7-1,지하,B4,경찰병원 방면7-1,1200,1808-607,M
2026-08-07 15:39,1126382,승강기)에스컬레이터-가락시장(3) 내부 14호기,3호선,0340,가락시장,350,20210527,하행,14,내부,지하,B4,경찰병원 방면7-1,지하,B2,경찰병원 방면7-1,1200,1808-608,M
2026-08-07 15:39,1202851,승강기)에스컬레이터-수서 내부 7호기,3호선,0339,수서,349,20210527,하행,7,내부,지하,B1,일원 방면9-3,지하,B2,일원 방면9-3,1200,1812-114,M
2026-08-07 15:39,1126383,승강기)에스컬레이터-가락시장(3) 내부 15호기,3호선,0340,가락시장,350,20210527,하행,15,내부,지하,B1,대합실(2번출입구 방면),지하,B2,대합실(2번출입구 방면),1200,1808-609,M
2026-08-07 15:39,1202852,승강기)에스컬레이터-수서 내부 8호기,3호선,0339,수서,349,20210527,상행,8,내부,지하,B2,일원 방면9-3,지하,B1,일원 방면9-3,1200,1812-113,M
2026-08-07 15:39,1126384,승강기)에스컬레이터-가락시장(3) 내부 16호기,3호선,0340,가락시장,350,20210527,상행,16,내부,지하,B2,대합실(2번출입구 방면),지하,B1,대합실(2번출입구 방면),1200,1808-610,M
2026-08-07 15:39,1202853,승강기)에스컬레이터-수서 내부 9호기,3호선,0339,수서,349,20210527,하행,9,내부,지하,B1,가락시장 방면2-2,지하,B2,가락시장 방면2-2,1200,1812-116,M
2026-08-07 15:39,1126385,승강기)에스컬레이터-가락시장(3) 내부 17호기,3호선,0340,가락시장,350,20210527,하행,17,내부,지하,B1,대합실(2번출입구 방면),지하,B2,대합실(2번출입구 방면),1200,1808-611,S
2026-08-07 15:39,1202854,승강기)에스컬레이터-수서 내부 10호기,3호선,0339,수서,349,20210527,상행,10,내부,지하,B2,가락시장 방면2-2,지하,B1,가락시장 방면2-2,1200,1812-115,M
2026-08-07 15:39,1126386,승강기)에스컬레이터-가락시장(3) 내부 18호기,3호선,0340,가락시장,350,20210527,상행,18,내부,지하,B2,대합실(2번출입구 방면),지하,B1,대합실(2번출입구 방면),1200,1808-612,M
2026-08-07 15:39,1126387,승강기)에스컬레이터-가락시장(3) 7번 출구 19호기,3호선,0340,가락시장,350,20210527,하행,19,7,지상,1,7번 출입구,지하,B1,7번 출입구,1200,1808-613,M
2026-08-07 15:39,1126388,승강기)에스컬레이터-가락시장(3) 7번 출구 20호기,3호선,0340,가락시장,350,20210527,상행,20,7,지하,B1,7번 출입구,지상,1,7번 출입구,1200,1808-614,M
2026-08-07 15:39,1126389,승강기)에스컬레이터-가락시장(3) 8번 출구 21호기,3호선,0340,가락시장,350,20210527,하행,21,8,지상,1,8번 출입구,지하,B2,8번 출입구,1200,1808-616,M
2026-08-07 15:39,1203062,승강기)에스컬레이터-수서 5번출구 11호기,3호선,0339,수서,349,20210527,하행,11,5,지상,1,5번 출입구,지하,B1,5번 출입구,1200,1812-970,M
2026-08-07 15:39,1126390,승강기)에스컬레이터-가락시장(3) 8번 출구 22호기,3호선,0340,가락시장,350,20210527,상행,22,8,지하,B2,8번 출입구,지상,1,8번 출입구,1200,1808-615,S
2026-08-07 15:39,1203063,승강기)에스컬레이터-수서 5번출구 12호기,3호선,0339,수서,349,20210527,상행,12,5,지하,B1,5번 출입구,지상,1,5번 출입구,1200,1812-969,M
2026-08-07 15:39,1126514,승강기)에스컬레이터-경찰병원 승강장(2-1) 1호기,3호선,0341,경찰병원,351,20210527,하행,1,내부,지하,B1,가락시장 방면2-1,지하,B2,가락시장 방면2-1,1200,1809-375,M
2026-08-07 15:39,1126515,승강기)에스컬레이터-경찰병원 승강장(2-1) 2호기,3호선,0341,경찰병원,351,20210527,상행,2,내부,지하,B2,가락시장 방면2-1,지하,B1,가락시장 방면2-1,1200,1809-376,M
2026-08-07 15:39,1126516,승강기)에스컬레이터-경찰병원 승강장(6-2) 3호기,3호선,0341,경찰병원,351,20210527,하행,3,내부,지하,B1,가락시장 방면6-2,지하,B2,가락시장 방면6-2,1200,1809-377,M
2026-08-07 15:39,1203763,승강기)에스컬레이터-동대문(4) 4호선연결 5호기,4호선,0421,동대문,421,20210527,하행,5,내부,지하,B1,대합실,지하,B2,대합실,1200,1800-340,M
2026-08-07 15:39,1203764,승강기)에스컬레이터-동대문(4) 1호선연결 6호기,4호선,0421,동대문,421,20210527,상행,6,1,지하,B2,대합실,지하,B1,대합실,1200,1800-341,M
2026-08-07 15:39,1824570,승강기)에스컬레이터-사당(4) 3번출구 7호기,4호선,0433,사당,433,20250408,상행,7,3,지하,B1,3번 출입구,지상,1,3번 출입구,800,1808-283,M
2026-08-07 15:39,1041574,승강기)에스컬레이터-삼각지(4) 2번출구 하행1,4호선,0428,삼각지,428,20210527,하행,1,2,지상,1,2번 출입구,지하,B1,2번 출입구,800,1801-578,M
2026-08-07 15:39,1041575,승강기)에스컬레이터-삼각지(4) 2번출구 상행2,4호선,0428,삼각지,428,20210527,상행,2,2,지하,B1,2번 출입구,지상,1,2번 출입구,800,1801-579,M
2026-08-07 15:39,1041576,승강기)에스컬레이터-삼각지 5번출구 하행3,4호선,0428,삼각지,428,20210527,하행,3,5,지상,1,5번 출입구,지하,B1,5번 출입구,800,1801-580,M
2026-08-07 15:39,1041577,승강기)에스컬레이터-삼각지 5번출구 상행4,4호선,0428,삼각지,428,20210527,상행,4,5,지하,B1,5번 출입구,지상,1,5번 출입구,800,1801-581,S
2026-08-07 15:39,1041580,승강기)에스컬레이터-충무로(4) 내부 9호기,4호선,0423,충무로,423,20210527,하행,9,내부,지하,B1,대합실(동대문역사문화공원 방면4-2),지하,B2,대합실(동대문역사문화공원 방면4-2),1200,1808-136,M
2026-08-07 15:39,1041581,승강기)에스컬레이터-충무로(4) 내부 10호기,4호선,0423,충무로,423,20210527,상행,10,내부,지하,B2,대합실(동대문역사문화공원 방면4-2),지하,B1,대합실(동대문역사문화공원 방면4-2),1200,1808-137,M
2026-08-07 15:39,1041582,승강기)에스컬레이터-충무로(4) 내부 11호기,4호선,0423,충무로,423,20210527,하행,11,내부,지하,B1,대합실(동대문역사문화공원 방면6-3),지하,B2,대합실(동대문역사문화공원 방면6-3),1200,1808-138,M
2026-08-07 15:39,1041583,승강기)에스컬레이터-충무로(4) 내부 12호기,4호선,0423,충무로,423,20210527,상행,12,내부,지하,B2,대합실(동대문역사문화공원 방면6-3),지하,B1,대합실(동대문역사문화공원 방면6-3),1200,1808-139,M
2026-08-07 15:39,1041584,승강기)에스컬레이터-충무로(4) 내부 13호기,4호선,0423,충무로,423,20210527,하행,13,내부,지하,B1,대합실(명동 방면5-2),지하,B2,대합실(명동 방면5-2),1200,1808-140,M
2026-08-07 15:39,1127085,승강기)에스컬레이터-쌍문 4번출구 하행1,4호선,0413,쌍문,413,20210527,하행,1,4,지상,1,4번 출입구,지하,B1,4번 출입구,1200,1803-299,M
2026-08-07 15:39,1041585,승강기)에스컬레이터-충무로(4) 내부 14호기,4호선,0423,충무로,423,20210527,상행,14,내부,지하,B2,대합실(명동 방면5-2),지하,B1,대합실(명동 방면5-2),1200,1808-141,M
2026-08-07 15:39,1041586,승강기)에스컬레이터-충무로(4) 내부 15호기,4호선,0423,충무로,423,20210527,하행,15,내부,지하,B1,대합실(명동 방면7-2),지하,B2,대합실(명동 방면7-2),1200,1808-142,M
2026-08-07 15:39,1041587,승강기)에스컬레이터-충무로(4) 내부 16호기,4호선,0423,충무로,423,20210527,상행,16,내부,지하,B2,대합실(명동 방면7-2),지하,B1,대합실(명동 방면7-2),1200,1808-143,M
2026-08-07 15:39,1041588,승강기)에스컬레이터-충무로(4) 내부 1호기,4호선,0423,충무로,423,20210527,상행,1,내부,지하,B3,동대문역사문화공원 방면4-2,지하,B2,동대문역사문화공원 방면4-2,1200,1808-128,M
2026-08-07 15:39,1041589,승강기)에스컬레이터-충무로(4) 내부 2호기,4호선,0423,충무로,423,20210527,상행,2,내부,지하,B3,동대문역사문화공원 방면4-2,지하,B2,동대문역사문화공원 방면4-2,1200,1808-129,M
2026-08-07 15:39,1041590,승강기)에스컬레이터-충무로(4) 내부 5호기,4호선,0423,충무로,423,20210527,하행,5,내부,지하,B2,명동 방면5-2,지하,B3,명동 방면5-2,1200,1808-132,M
2026-08-07 15:39,1041591,승강기)에스컬레이터-충무로(4) 내부 6호기,4호선,0423,충무로,423,20210527,하행,6,내부,지하,B2,동대문역사문화공원 방면5-2,지하,B3,동대문역사문화공원 방면5-2,1200,1808-133,M
2026-08-07 15:39,1041592,승강기)에스컬레이터-충무로(4) 내부 3호기,4호선,0423,충무로,423,20210527,상행,3,내부,지하,B2,명동 방면6-3,지하,B3,명동 방면6-3,1200,1808-130,M
2026-08-07 15:39,1041593,승강기)에스컬레이터-충무로(4) 내부 4호기,4호선,0423,충무로,423,20210527,상행,4,내부,지하,B3,동대문역사문화공원 방면6-3,지하,B2,동대문역사문화공원 방면6-3,1200,1808-131,M
2026-08-07 15:39,1127789,승강기)에스컬레이터-서울(4)역 9-1번출구 3호기,4호선,0426,서울역,426,20210527,하행,3,9-1,지상,1,9-1번 출입구(교통섬) 측,지하,B1,9-1번 출입구(교통섬) 측,1200,1801-348,M
2026-08-07 15:39,1041595,승강기)에스컬레이터-충무로(4) 내부 8호기,4호선,0423,충무로,423,20210527,하행,8,내부,지하,B3,동대문역사문화공원 방면7-2,지하,B2,동대문역사문화공원 방면7-2,1200,1808-135,M
2026-08-07 15:39,1127790,승강기)에스컬레이터-서울(4)역 9-1번출구 4호기,4호선,0426,서울역,426,20210527,상행,4,9-1,지하,B1,9-1번 출입구(교통섬) 측,지상,1,9-1번 출입구(교통섬) 측,1200,1801-316,M
2026-08-07 15:39,1132940,승강기)에스컬레이터-신용산 5번출구 1호기,4호선,0429,신용산,429,20210527,하행,1,5,지상,1,5번 출입구,지하,B1,5번 출입구,1200,1800-495,M
2026-08-07 15:39,1132942,승강기)에스컬레이터-신용산 5번출구 2호기,4호선,0429,신용산,429,20210527,상행,2,5,지하,B1,5번 출입구,지상,1,5번 출입구,1200,1800-496,M
2026-08-07 15:39,1135567,승강기)에스컬레이터-길음 3번출구 하행2,4호선,0417,길음,417,20210527,하행,2,3,지상,1,3번 출입구,지하,B1,3번 출입구,1200,1803-356,M
2026-08-07 15:39,1135568,승강기)에스컬레이터-길음 3번출구 상행3,4호선,0417,길음,417,20210527,상행,3,3,지하,B1,3번 출입구,지상,1,3번 출입구,1200,1803-355,M
2026-08-07 15:39,1041648,승강기)에스컬레이터-동역사(4) 하행(5-2) 3호기,4호선,0422,동대문역사문화공원,422,20210527,하행,3,내부,지하,B2,"동대문 방면6-3,충무로 방면5-2",지하,B3,"동대문 방면6-3,충무로 방면5-2",1200,1800-474,S
2026-08-07 15:39,1041649,승강기)에스컬레이터-동역사(4) 상행(6-3) 4호기,4호선,0422,동대문역사문화공원,422,20210527,상행,4,내부,지하,B3,"충무로 방면5-2,동대문 방면6-3",지하,B2,"충무로 방면5-2,동대문 방면6-3",1200,1800-475,M
2026-08-07 15:39,1135938,승강기)에스컬레이터-사당(4) 3번출구 6호기,4호선,0433,사당,433,20210527,하행,6,3,지상,1,3번 출입구,지하,B1,3번 출입구,1200,1807-301,M
2026-08-07 15:39,1041650,승강기)에스컬레이터-동역사(4) 하행(2-4) 5호기,4호선,0422,동대문역사문화공원,422,20210527,하행,5,내부,지하,B2,"충무로 방면2-4,동대문 방면9-1",지하,B3,"충무로 방면2-4,동대문 방면9-1",1200,1808-987,M
2026-08-07 15:39,1831500,승강기)에스컬레이터-노원(4) E/S 1200형 9호기,4호선,0411,노원,411,20251231,하행,9호기,10번 출입구,지상,2,10번 출입구,지상,1,10번 출입구,1200,1813-783,M
2026-08-07 15:39,1041651,승강기)에스컬레이터-동역사(4) 상행(9-1) 6호기,4호선,0422,동대문역사문화공원,422,20210527,상행,6,내부,지하,B3,"동대문 방면9-1,충무로 방면2-4",지하,B2,"동대문 방면9-1,충무로 방면2-4",1200,1808-988,M
2026-08-07 15:39,1831501,승강기)에스컬레이터-노원(4) E/S 800형 10호기,4호선,0411,노원,411,20251231,상행,10호기,10번 출입구,지상,1,10번 출입구,지상,2,10번 출입구,800,1813-784,M
2026-08-07 15:39,1137933,승강기)에스컬레이터-수유(강북구청) 3번출구 하행1,4호선,0414,수유,414,20210527,하행,1,3,지상,1,3번 출입구,지하,B1,3번 출입구,1200,1809-186,M
2026-08-07 15:39,1041654,승강기)에스컬레이터-노원(4) 1번출구 1호기,4호선,0411,노원,411,20210527,하행,1,1,지상,2,1번 출입구,지상,1,1번 출입구,1200,1806-720,M
2026-08-07 15:39,1137934,승강기)에스컬레이터-수유(강북구청) 3번출구 상행2,4호선,0414,수유,414,20210527,상행,2,3,지하,B1,3번 출입구,지상,1,3번 출입구,1200,1809-187,M
2026-08-07 15:39,1041655,승강기)에스컬레이터-노원(4) 1번출구 2호기,4호선,0411,노원,411,20210527,상행,2,1,지상,1,1번 출입구,지상,2,1번 출입구,1200,1803-067,M
2026-08-07 15:39,1137935,승강기)에스컬레이터-수유(강북구청) 8번출구 하행3,4호선,0414,수유,414,20210527,하행,3,8,지상,1,8번 출입구,지하,B1,8번 출입구,1200,1809-188,M
2026-08-07 15:39,1041656,승강기)에스컬레이터-이촌 2번출구 하행3,4호선,0430,이촌,430,20210527,하행,3,2,지상,1,2번 출입구,지하,B1,2번 출입구,800,1801-719,M
2026-08-07 15:39,1137936,승강기)에스컬레이터-수유(강북구청) 8번출구 상행4,4호선,0414,수유,414,20210527,상행,4,8,지하,B1,8번 출입구,지상,1,8번 출입구,1200,1809-189,M
2026-08-07 15:39,1041657,승강기)에스컬레이터-이촌 2번출구 상행4,4호선,0430,이촌,430,20210527,상행,4,2,지하,B1,2번 출입구,지상,1,2번 출입구,800,1801-720,M
2026-08-07 15:39,1833285,승강기)에스컬레이터-창동역 2번 출입구 E/S 1200형 7호기,4호선,0412,창동,412,20260514,하행,7호기,2번 출입구,지상,2,2번 출입구,지상,1,2번 출입구,1200,1813-785,S
2026-08-07 15:39,1833286,승강기)에스컬레이터-창동역 2번 출입구 E/S 1200형 8호기,4호선,0412,창동,412,20260514,상행,8호기,2번 출입구,지상,1,2번 출입구,지상,2,2번 출입구,1200,1813-786,M
2026-08-07 15:39,1779307,승강기)에스컬레이터-상계역 내부 에스컬레이터 1호기,4호선,0410,상계,410,20220511,하행,1,1,지상,2,1번 출입구,지상,1,1번 출입구,,1810-581,M
2026-08-07 15:39,1779308,승강기)에스컬레이터-상계역 내부 에스컬레이터 2호기,4호선,0410,상계,410,20220511,상행,2,1,지상,1,1번 출입구,지상,2,1번 출입구,,1810-582,M
2026-08-07 15:39,1779313,승강기)에스컬레이터-성신여대역 4번출구 에스컬레이터 4호기,4호선,0418,성신여대입구,418,20220511,하행,4,4,지상,1,4번 출입구,지하,B1,4번 출입구,,1810-583,S
2026-08-07 15:39,1779314,승강기)에스컬레이터-성신여대역 4번출구 에스컬레이터 3호기,4호선,0418,성신여대입구,418,20220511,상행,3,4,지하,B1,4번 출입구,지상,1,4번 출입구,,1806-697,M
2026-08-07 15:39,1041678,승강기)에스컬레이터-미아 3번 출입구 1호기,4호선,0415,미아,415,20210527,하행,1,3,지상,1,3번 출입구,지하,B1,3번 출입구,800,1806-719,M
2026-08-07 15:39,1041679,승강기)에스컬레이터-미아 3번 출입구 2호기,4호선,0415,미아,415,20210527,상행,2,3,지하,B1,3번 출입구,지상,1,3번 출입구,800,1806-718,M
2026-08-07 15:39,1041680,승강기)에스컬레이터-혜화 1번출구 하행1,4호선,0420,혜화,420,20210527,하행,1,1,지상,1,1번 출입구,지하,B1,1번 출입구,1200,1800-166,M
2026-08-07 15:39,1779319,승강기)에스컬레이터-명동역 내부 1호기,4호선,0424,명동,424,20220511,하행,1,내부,지하,B2,"회현 방면10-4,충무로 방면1-1",지하,B3,"회현 방면10-4,충무로 방면1-1",1200,1800-724,M
2026-08-07 15:39,1041681,승강기)에스컬레이터-혜화 1번출구 상행2,4호선,0420,혜화,420,20210527,상행,2,1,지하,B1,1번 출입구,지상,1,1번 출입구,1200,1800-165,S
2026-08-07 15:39,1041684,승강기)에스컬레이터-사당(4) 4번출구 2호기,4호선,0433,사당,433,20210527,하행,2,4,지상,1,4번 출입구,지하,B1,4번 출입구,1200,1808-282,M
2026-08-07 15:39,1041685,승강기)에스컬레이터-사당(4) 4번출구 3호기,4호선,0433,사당,433,20210527,상행,3,4,지하,B1,4번 출입구,지상,1,4번 출입구,1200,1808-281,M
2026-08-07 15:39,1143989,승강기)에스컬레이터-미아 1번 출입구 3호기,4호선,0415,미아,415,20210527,하행,3,1,지상,1,1번 출입구,지하,B1,1번 출입구,800,1806-894,M
2026-08-07 15:39,1469255,승강기)에스컬레이터-신용산 1번출구 6호기,4호선,0429,신용산,429,20210527,상행,6,1,지하,B1,1번 출입구,지상,1,1번 출입구,1200,1813-881,M
2026-08-07 15:39,1041686,승강기)에스컬레이터-사당(4) 9번출구 4호기,4호선,0433,사당,433,20210527,하행,4,9,지상,1,9번 출입구,지하,B1,9번 출입구,800,1804-714,M
2026-08-07 15:39,1469256,승강기)에스컬레이터-신용산 1번출구 7호기,4호선,0429,신용산,429,20210527,하행,7,1,지상,1,1번 출입구,지하,B1,1번 출입구,1200,1813-882,S
2026-08-07 15:39,1041687,승강기)에스컬레이터-사당(4) 9번출구 5호기,4호선,0433,사당,433,20210527,상행,5,9,지하,B1,9번 출입구,지상,1,9번 출입구,800,1804-713,M
2026-08-07 15:39,1469257,승강기)에스컬레이터-신용산 1번출구 8호기,4호선,0429,신용산,429,20210527,상행,8,1,지하,B1,1번 출입구,지상,1,1번 출입구,1200,1813-883,M
2026-08-07 15:39,1469258,승강기)에스컬레이터-신용산 1번출구 9호기,4호선,0429,신용산,429,20210527,하행,9,1,지상,1,1번 출입구,지하,B1,1번 출입구,1200,1813-884,M
2026-08-07 15:39,1143997,승강기)에스컬레이터-미아 1번 출입구 4호기,4호선,0415,미아,415,20210527,상행,4,1,지하,B1,1번 출입구,지상,1,1번 출입구,800,1806-895,M
2026-08-07 15:39,1041698,승강기)에스컬레이터-충무로(4) 1번출구 21호기,4호선,0423,충무로,423,20210527,하행,21,1,지상,1,1번 출입구,지하,B1,1번 출입구,1200,1806-330,M
2026-08-07 15:39,1041699,승강기)에스컬레이터-충무로(4) 1번출구 22호기,4호선,0423,충무로,423,20210527,상행,22,1,지하,B1,1번 출입구,지상,1,1번 출입구,1200,1806-329,M
2026-08-07 15:39,1146221,승강기)에스컬레이터-한성대입구 5번출구 상행2,4호선,0419,한성대입구,419,20210527,상행,2,5,지상,1,5번 출입구,지하,B1,5번 출입구,1200,1809-932,M
2026-08-07 15:39,1146222,승강기)에스컬레이터-한성대입구 5번출구 하행1,4호선,0419,한성대입구,419,20210527,하행,1,5,지하,B1,5번 출입구,지상,1,5번 출입구,1200,1809-931,M
2026-08-07 15:39,1146223,승강기)에스컬레이터-총신대입구 14번출구 2호기,4호선,0432,총신대입구,432,20210527,상행,2,14,지하,B1,14번 출입구,지상,1,14번 출입구,1200,1807-713,M
2026-08-07 15:39,1146224,승강기)에스컬레이터-총신대입구 14번출구 1호기,4호선,0432,총신대입구,432,20210527,하행,1,14,지상,1,14번 출입구,지하,B1,14번 출입구,1200,1807-714,M
2026-08-07 15:39,1041724,승강기)에스컬레이터-명동 B계단 옆 3호기,4호선,0424,명동,424,20210527,하행,3,내부,지하,B2,"충무로 방면10-4,회현 방면1-1",지하,B3,"충무로 방면10-4,회현 방면1-1",1200,1800-725,M
2026-08-07 15:39,1148651,승강기)에스컬레이터-쌍문 4번출구 상행2,4호선,0413,쌍문,413,20210527,상행,2,4,지하,B1,4번 출입구,지상,1,4번 출입구,1200,1803-300,M
2026-08-07 15:39,1041725,승강기)에스컬레이터-명동 B계단 옆 4호기,4호선,0424,명동,424,20210527,상행,4,내부,지하,B3,"회현 방면1-1,충무로 방면10-4",지하,B2,"회현 방면1-1,충무로 방면10-4",1200,1801-054,M
2026-08-07 15:39,1500050,승강기)에스컬레이터-미아 6번 출입구 5호기,4호선,0415,미아,415,20210527,하행,5,6,지상,1,6번 출입구,지하,B1,6번 출입구,800,1803-201,M
2026-08-07 15:39,1500051,승강기)에스컬레이터-미아 6번 출입구 6호기,4호선,0415,미아,415,20210527,상행,6,6,지하,B1,6번 출입구,지상,1,6번 출입구,800,1803-202,M
2026-08-07 15:39,1781388,승강기)에스컬레이터-노원(4) 내부 3호기,4호선,0411,노원,411,20220830,하행,3,2,지상,3,2번 출입구,지상,2,2번 출입구,1200형,1813-716,M
2026-08-07 15:39,1781389,승강기)에스컬레이터-노원(4) 내부 4호기,4호선,0411,노원,411,20220830,상행,4,2,지상,2,2번 출입구,지상,3,2번 출입구,800형,1813-715,M
2026-08-07 15:39,1781717,승강기)에스컬레이터-쌍문 3번출구 하행5,4호선,0413,쌍문,413,20221004,하행,5,3,지상,1,3번 출입구,지하,B1,3번 출입구,1200형,1813-707,S
2026-08-07 15:39,1781718,승강기)에스컬레이터-쌍문 3번출구 상행6,4호선,0413,쌍문,413,20221004,상행,6,3,지하,B1,3번 출입구,지상,1,3번 출입구,800형,1813-708,M
2026-08-07 15:39,1781719,"승강기)에스컬레이터-당고개 1,4번출구측 3호기",4호선,0409,불암산,409,20221004,하행,3,"1,4",지상,2,"1,4번 출입구",지상,1,"1,4번 출입구",1200형,1803-225,M
2026-08-07 15:39,1041738,승강기)에스컬레이터-동대문(4) 하행(7-4) 1호기,4호선,0421,동대문,421,20210527,하행,1,내부,지하,B2,"동대문역사문화공원 방면7-4,혜화 방면4-1",지하,B4,"동대문역사문화공원 방면7-4,혜화 방면4-1",1200,1801-111,M
2026-08-07 15:39,1781720,"승강기)에스컬레이터-당고개 1,4번출구측 4호기",4호선,0409,불암산,409,20221004,상행,4,"1,4",지상,1,"1,4번 출입구",지상,2,"1,4번 출입구",1200형,1815-715,M
2026-08-07 15:39,1041739,승강기)에스컬레이터-동대문(4) 상행(4-1) 2호기,4호선,0421,동대문,421,20210527,상행,2,내부,지하,B4,"혜화 방면4-1,동대문역사문화공원 방면7-4",지하,B2,"혜화 방면4-1,동대문역사문화공원 방면7-4",1200,1801-112,M
2026-08-07 15:39,1151800,승강기)에스컬레이터-남태령 내부(3-2) 1호기,4호선,0434,남태령,434,20210527,하행,1,내부,지하,B2,"사당 방면8-3,선바위 방면3-2",지하,B3,"사당 방면8-3,선바위 방면3-2",1200,1802-114,M
2026-08-07 15:39,1781721,승강기)에스컬레이터-당고개 내부 1호기,4호선,0409,불암산,409,20221004,하행,1,내부,지상,3,별내별가람 방면3-1,지상,2,별내별가람 방면3-1,1200형,1813-713,M
2026-08-07 15:39,1041740,승강기)에스컬레이터-동역사(4) 하행(8-3) 1호기,4호선,0422,동대문역사문화공원,422,20210527,하행,1,내부,지하,B1,"충무로 방면8-3,동대문 방면3-1",지하,B3,"충무로 방면8-3,동대문 방면3-1",1200,1801-576,M
2026-08-07 15:39,1151801,승강기)에스컬레이터-남태령 내부(8-3) 2호기,4호선,0434,남태령,434,20210527,상행,2,내부,지하,B3,"선바위 방면3-2,사당 방면8-3",지하,B2,"선바위 방면3-2,사당 방면8-3",1200,1802-113,M
2026-08-07 15:39,1781722,승강기)에스컬레이터-당고개 내부 2호기,4호선,0409,불암산,409,20221004,상행,2,내부,지상,2,별내별가람 방면3-1,지상,3,별내별가람 방면3-1,800형,1813-714,M
2026-08-07 15:39,1041741,승강기)에스컬레이터-동역사(4) 상행(3-1) 2호기,4호선,0422,동대문역사문화공원,422,20210527,상행,2,내부,지하,B3,"동대문 방면3-1,충무로 방면8-3",지하,B1,"동대문 방면3-1,충무로 방면8-3",1200,1801-577,M
2026-08-07 15:39,1041742,승강기)에스컬레이터-서울(4)역 사당방향(10-4) 1호기,4호선,0426,서울역,426,20210527,하행,1,내부,지하,B1,"숙대입구 방면10-4,회현 방면1-1",지하,B2,"숙대입구 방면10-4,회현 방면1-1",1200,1801-085,M
2026-08-07 15:39,1041743,승강기)에스컬레이터-서울(4)역 당고개방향(1-1) 2호기,4호선,0426,서울역,426,20210527,상행,2,내부,지하,B2,"회현 방면1-1,숙대입구 방면10-4",지하,B1,"회현 방면1-1,숙대입구 방면10-4",1200,1801-373,M
2026-08-07 15:39,1041744,승강기)에스컬레이터-사당(4) 내부 1호기,4호선,0433,사당,433,20210527,하행,1,내부,지하,B2,"남태령 방면1-1,총신대입구 방면10-4",지하,B3,"남태령 방면1-1,총신대입구 방면10-4",1200,1804-715,S
2026-08-07 15:39,1152859,승강기)에스컬레이터-동대문(4) 8번 출구 7호기,4호선,0421,동대문,421,20210527,하행,7,8,지상,1,8번 출입구,지하,B1,8번 출입구,1200,1808-172,M
2026-08-07 15:39,1784882,승강기)에스컬레이터-상계역 내부 에스컬레이터 3호기,4호선,0410,상계,410,20221221,상행,3,내부,지상,2,노원 방면2-1,지상,3,노원 방면2-1,800형,1810-594,M
2026-08-07 15:39,1152860,승강기)에스컬레이터-동대문(4) 8번 출구 8호기,4호선,0421,동대문,421,20210527,상행,8,8,지하,B1,8번 출입구,지상,1,8번 출입구,1200,1808-173,M
2026-08-07 15:39,1784883,승강기)에스컬레이터-상계역 내부 에스컬레이터 4호기,4호선,0410,상계,410,20221221,하행,4,내부,지상,3,노원 방면2-1,지상,2,노원 방면2-1,800형,1810-595,S
2026-08-07 15:39,1152861,승강기)에스컬레이터-동대문(4) 9번 출구 9호기,4호선,0421,동대문,421,20210527,하행,9,9,지상,1,9번 출입구,지하,B1,9번 출입구,1200,1810-701,M
2026-08-07 15:39,1547943,승강기)에스컬레이터-총신대입구 1번출구 3호기,4호선,0432,총신대입구,432,20210527,하행,3,1,지상,1,1번 출입구,지하,B1,1번 출입구,1200,1810-310,M
2026-08-07 15:39,1152862,승강기)에스컬레이터-동대문(4) 9번 출구 10호기,4호선,0421,동대문,421,20210527,상행,10,9,지하,B1,9번 출입구,지상,1,9번 출입구,1200,1810-702,M
2026-08-07 15:39,1547944,승강기)에스컬레이터-총신대입구 1번출구 4호기,4호선,0432,총신대입구,432,20210527,상행,4,1,지하,B1,1번 출입구,지상,1,1번 출입구,1200,1810-309,M
2026-08-07 15:39,1061507,승강기)에스컬레이터-동대문(4) 하행(3-3) 3호기,4호선,0421,동대문,421,20210527,하행,3,내부,지하,B2,"동대문역사문화공원 방면3-3,혜화 방면8-2",지하,B4,"동대문역사문화공원 방면3-3,혜화 방면8-2",1200,1801-113,M
2026-08-07 15:39,1153343,승강기)에스컬레이터-혜화 3번출구 하행3,4호선,0420,혜화,420,20210527,하행,3,3,지상,1,3번 출입구,지하,B1,3번 출입구,1200,1810-099,S
2026-08-07 15:39,1061508,승강기)에스컬레이터-동대문(4) 상행(8-2) 4호기,4호선,0421,동대문,421,20210527,상행,4,내부,지하,B4,"혜화 방면8-2,동대문역사문화공원 방면3-3",지하,B2,"혜화 방면8-2,동대문역사문화공원 방면3-3",1200,1801-114,M
2026-08-07 15:39,1153344,승강기)에스컬레이터-혜화 3번출구 상행4,4호선,0420,혜화,420,20210527,상행,4,3,지하,B1,3번 출입구,지상,1,3번 출입구,1200,1810-100,M
2026-08-07 15:39,1061509,승강기)에스컬레이터-충무로(4) 3호선환승 17호기,4호선,0423,충무로,423,20210527,상행,17,내부,지하,B4,환승통로(동대입구 방면5-2),지하,B2,환승통로(동대입구 방면5-2),1200,1800-486,M
2026-08-07 15:39,1153345,승강기)에스컬레이터-명동 1번출구 5호기,4호선,0424,명동,424,20210527,하행,5,1,지상,1,1번 출입구,지하,B1,1번 출입구,1200,1810-714,M
2026-08-07 15:39,1061510,승강기)에스컬레이터-충무로(4) 3호선환승 18호기,4호선,0423,충무로,423,20210527,상행,18,내부,지하,B4,환승통로(동대입구 방면5-2),지하,B2,환승통로(동대입구 방면5-2),1200,1800-487,M
2026-08-07 15:39,1153346,승강기)에스컬레이터-명동 1번출구 6호기,4호선,0424,명동,424,20210527,상행,6,1,지하,B1,1번 출입구,지상,1,1번 출입구,1200,1810-715,M
2026-08-07 15:39,1061511,승강기)에스컬레이터-충무로(4) 3호선환승 19호기,4호선,0423,충무로,423,20210527,하행,19,내부,지하,B2,환승통로(을지로3가 방면6-3),지하,B4,환승통로(을지로3가 방면6-3),1200,1801-479,M
2026-08-07 15:39,1061512,승강기)에스컬레이터-충무로(4) 3호선환승 20호기,4호선,0423,충무로,423,20210527,상행,20,내부,지하,B4,환승통로(을지로3가 방면6-3),지하,B2,환승통로(을지로3가 방면6-3),1200,1801-409,M
2026-08-07 15:39,1061513,승강기)에스컬레이터-미아사거리 3번출구 하행 1,4호선,0416,미아사거리,416,20210527,하행,1,3,지상,1,3번 출입구,지하,B1,3번 출입구,800,1806-716,M
2026-08-07 15:39,1061514,승강기)에스컬레이터-미아사거리 3번출구 상행 2,4호선,0416,미아사거리,416,20210527,상행,2,3,지하,B1,3번 출입구,지상,1,3번 출입구,800,1806-717,M
2026-08-07 15:39,1061515,승강기)에스컬레이터-회현 1,4호선,0425,회현,425,20210527,하행,1,내부,지하,B2,"서울역 방면10-4,명동 방면1-1",지하,B3,"서울역 방면10-4,명동 방면1-1",1200,1801-681,M
2026-08-07 15:39,1790211,승강기)에스컬레이터-충무로(4) 5번 출입구 23호기,4호선,0423,충무로,423,20230327,상행,23,5,지하,B1,(1F) 5번 출입구 근처,지상,1,(1F) 5번 출입구 근처,1200형,1810-866,M
2026-08-07 15:39,1061516,승강기)에스컬레이터-회현 2,4호선,0425,회현,425,20210527,상행,2,내부,지하,B3,"명동 방면1-1,서울역 방면10-4",지하,B2,"명동 방면1-1,서울역 방면10-4",1200,1801-682,M
2026-08-07 15:39,1790212,승강기)에스컬레이터-충무로(4) 5번 출입구 24호기,4호선,0423,충무로,423,20230327,하행,24,5,지하,B1,(1F) 5번 출입구 근처,지상,1,(1F) 5번 출입구 근처,1200형,1810-867,S
2026-08-07 15:39,1061517,승강기)에스컬레이터-회현 3,4호선,0425,회현,425,20210527,상행,3,내부,지하,B2,"명동 방면6-4,서울역 방면4-4",지하,B4,"명동 방면6-4,서울역 방면4-4",1200,1801-683,M
2026-08-07 15:39,1061518,승강기)에스컬레이터-회현 4,4호선,0425,회현,425,20210527,하행,4,내부,지하,B4,"서울역 방면4-4,명동 방면6-4",지하,B2,"서울역 방면4-4,명동 방면6-4",1200,1801-684,M
2026-08-07 15:39,1061519,승강기)에스컬레이터-회현 5,4호선,0425,회현,425,20210527,하행,5,내부,지하,B2,"서울역 방면1-4,명동 방면9-4",지하,B4,"서울역 방면1-4,명동 방면9-4",1200,1801-685,M
2026-08-07 15:39,1061520,승강기)에스컬레이터-회현 6,4호선,0425,회현,425,20210527,상행,6,내부,지하,B4,"명동 방면9-4,서울역 방면1-4",지하,B2,"명동 방면9-4,서울역 방면1-4",1200,1801-686,M
2026-08-07 15:39,1123226,승강기)에스컬레이터-창동 1번출구 하행1,4호선,0412,창동,412,20210527,하행,1,1,지상,2,1번 출입구,지상,1,1번 출입구,1200,1806-832,M
2026-08-07 15:39,1123227,승강기)에스컬레이터-창동 1번출구 상행2,4호선,0412,창동,412,20210527,상행,2,1,지상,1,1번 출입구,지상,2,1번 출입구,1200,1806-842,M
2026-08-07 15:39,1123228,승강기)에스컬레이터-길음 2번출구 상행1,4호선,0417,길음,417,20210527,상행,1,2,지하,B1,2번 출입구,지상,1,2번 출입구,1200,1806-831,S
2026-08-07 15:39,1156474,승강기)에스컬레이터-성신여대입구 1번출구 하행1,4호선,0418,성신여대입구,418,20210527,하행,1,1,지상,1,1번 출입구,지하,B1,1번 출입구,1200,1803-353,S
2026-08-07 15:39,1156475,승강기)에스컬레이터-성신여대입구 1번출구 상행2,4호선,0418,성신여대입구,418,20210527,상행,2,1,지하,B1,1번 출입구,지상,1,1번 출입구,1200,1803-354,M
2026-08-07 15:39,1156476,승강기)에스컬레이터-이촌 1번출구 하행1,4호선,0430,이촌,430,20210527,하행,1,1,지상,1,1번 출입구,지하,B1,1번 출입구,1200,1808-990,M
2026-08-07 15:39,1156477,승강기)에스컬레이터-이촌 1번출구 상행2,4호선,0430,이촌,430,20210527,상행,2,1,지하,B1,1번 출입구,지상,1,1번 출입구,1200,1808-989,M
2026-08-07 15:39,1801056,승강기)에스컬레이터-노원(4) 9번출입구 5호기,4호선,0411,노원,411,20231228,하행,5,9,지상,2,9번 출입구,지상,1,9번 출입구,1200형,1813-737,M
2026-08-07 15:39,1202774,승강기)에스컬레이터-쌍문 2번출구 하행3,4호선,0413,쌍문,413,20210527,하행,3,2,지상,1,2번 출입구,지하,B1,2번 출입구,1200,1810-171,M
2026-08-07 15:39,1801057,승강기)에스컬레이터-노원(4) 9번출입구 6호기,4호선,0411,노원,411,20231228,상행,6,9,지상,1,9번 출입구,지상,2,9번 출입구,1200형,1814-736,M
2026-08-07 15:39,1202775,승강기)에스컬레이터-쌍문 2번출구 상행4,4호선,0413,쌍문,413,20210527,상행,4,2,지하,B1,2번 출입구,지상,1,2번 출입구,1200,1810-172,M
2026-08-07 15:39,1801058,승강기)에스컬레이터-노원(4) 내부 7호기,4호선,0411,노원,411,20231228,하행,7,내부,지상,3,창동 방면2-4,지상,2,창동 방면2-4,1200형,1813-739,M
2026-08-07 15:39,1801059,승강기)에스컬레이터-노원(4) 내부 8호기,4호선,0411,노원,411,20231228,상행,8,내부,지상,2,창동 방면2-4,지상,3,창동 방면2-4,1200형,1813-738,M
2026-08-07 15:39,1202855,승강기)에스컬레이터-신용산 3번출구 3호기,4호선,0429,신용산,429,20210527,상행,3,3,지하,B1,3번 출입구,지상,1,3번 출입구,1200,1810-471,M
2026-08-07 15:39,1202856,승강기)에스컬레이터-신용산 4번출구 4호기,4호선,0429,신용산,429,20210527,하행,4,4,지하,B1,4번 출입구,지상,1,4번 출입구,1200,1810-472,M
2026-08-07 15:39,1202857,승강기)에스컬레이터-신용산 4번출구 5호기,4호선,0429,신용산,429,20210527,상행,5,4,지상,1,4번 출입구,지하,B1,4번 출입구,1200,1810-473,M
2026-08-07 15:39,1310811,승강기)에스컬레이터-개롱 외부1,5호선,2559,개롱,P553,20210527,하행,1,3,지상,1,3번 출입구,지하,B1,3번 출입구,800,1805-655,M
2026-08-07 15:39,1620300,승강기)에스컬레이터-하남풍산 내부 1호기,5호선,2564,하남풍산,556,20210527,상행,1,내부,지하,B2,미사 방면3-3,지하,B1,미사 방면3-3,1200형,3813-248,M
2026-08-07 15:39,1310812,승강기)에스컬레이터-개롱 외부2,5호선,2559,개롱,P553,20210527,상행,2,3,지하,B1,3번 출입구,지상,1,3번 출입구,800,1805-656,M
2026-08-07 15:39,1620301,승강기)에스컬레이터-하남풍산 내부 2호기,5호선,2564,하남풍산,556,20210527,하행,2,내부,지하,B1,미사 방면3-3,지하,B2,미사 방면3-3,1200형,3813-249,M
2026-08-07 15:39,1310816,승강기)에스컬레이터-거여 내부1,5호선,2560,거여,P554,20210527,상행,1,내부,지하,B1,2번 출입구,지하,BM1,2번 출입구,1200,1801-962,M
2026-08-07 15:39,1620302,승강기)에스컬레이터-하남풍산 내부 3호기,5호선,2564,하남풍산,556,20210527,상행,3,내부,지하,B2,하남시청 방면6-2,지하,B1,하남시청 방면6-2,1200형,3813-254,M
2026-08-07 15:39,1310817,승강기)에스컬레이터-거여 내부2,5호선,2560,거여,P554,20210527,상행,2,내부,지하,B1,"대합실(5,6번 출입구 방면)",지하,BM1,"대합실(5,6번 출입구 방면)",1200,1801-963,M
2026-08-07 15:39,1620303,승강기)에스컬레이터-하남풍산 내부 4호기,5호선,2564,하남풍산,556,20210527,하행,4,내부,지하,B1,하남시청 방면6-2,지하,B2,하남시청 방면6-2,1200형,3813-255,M
2026-08-07 15:39,1310819,승강기)에스컬레이터-마천역 내부 1호기,5호선,2561,마천,P555,20210527,상행,1,내부,지하,B4,거여 방면3-1,지하,B2,거여 방면3-1,800형,1801-971,M
2026-08-07 15:39,1620304,승강기)에스컬레이터-하남풍산 내부 5호기,5호선,2564,하남풍산,556,20210527,상행,5,내부,지하,B2,미사 방면6-1,지하,B1,미사 방면6-1,1200형,3813-250,M
2026-08-07 15:39,1310820,승강기)에스컬레이터-마천역 내부 2호기,5호선,2561,마천,P555,20210527,하행,2,내부,지하,B2,거여 방면3-1,지하,B4,거여 방면3-1,1200형,1801-972,M
2026-08-07 15:39,1620305,승강기)에스컬레이터-하남풍산 내부 6호기,5호선,2564,하남풍산,556,20210527,하행,6,내부,지하,B1,미사 방면6-1,지하,B2,미사 방면6-1,1200형,3813-251,M
2026-08-07 15:39,1310821,승강기)에스컬레이터-마천역 내부 3호기,5호선,2561,마천,P555,20210527,상행,3,내부,지하,B4,마천 방면6-4,지하,B2,마천 방면6-4,1200형,1801-973,M
2026-08-07 15:39,1620306,승강기)에스컬레이터-하남풍산 내부 7호기,5호선,2564,하남풍산,556,20210527,상행,7,내부,지하,B2,하남시청 방면3-4,지하,B1,하남시청 방면3-4,1200형,3813-252,M
2026-08-07 15:39,1310822,승강기)에스컬레이터-마천역 내부 4호기,5호선,2561,마천,P555,20210527,하행,4,내부,지하,B2,마천 방면6-4,지하,B4,마천 방면6-4,800형,1801-974,M
2026-08-07 15:39,1620307,승강기)에스컬레이터-하남풍산 내부 8호기,5호선,2564,하남풍산,556,20210527,하행,8,내부,지하,B1,하남시청 방면3-4,지하,B2,하남시청 방면3-4,1200형,3813-253,M
2026-08-07 15:39,1310825,승강기)에스컬레이터-마천역 내부 7호기,5호선,2561,마천,P555,20210527,하행,7,내부,지하,B1,대합실(2번 출입구 방면),지하,BM2,대합실(2번 출입구 방면),800형,1805-635,M
2026-08-07 15:39,1620308,승강기)에스컬레이터-하남풍산 내부 9호기,5호선,2564,하남풍산,556,20210527,상행,9,1,지하,B1,1번 출입구,지상,1,1번 출입구,1200형,3811-757,M
2026-08-07 15:39,1310826,승강기)에스컬레이터-마천역 내부 8호기,5호선,2561,마천,P555,20210527,상행,8,내부,지하,BM2,대합실(2번 출입구 방면),지하,B1,대합실(2번 출입구 방면),1200형,1805-636,M
2026-08-07 15:39,1620309,승강기)에스컬레이터-하남풍산 내부 10호기,5호선,2564,하남풍산,556,20210527,하행,10,1,지상,1,1번 출입구,지하,B1,1번 출입구,1200형,3811-758,M
2026-08-07 15:39,1310827,승강기)에스컬레이터-마천역 2번 출입구 9호기,5호선,2561,마천,P555,20210527,하행,9,2,지상,1,2번 출입구,지하,B1,2번 출입구,800형,1805-637,M
2026-08-07 15:39,1620310,승강기)에스컬레이터-하남풍산 내부 11호기,5호선,2564,하남풍산,556,20210527,상행,11,2,지하,B1,2번 출입구,지상,1,2번 출입구,1200형,3811-760,M
2026-08-07 15:39,1310828,승강기)에스컬레이터-마천역 2번 출입구 10호기,5호선,2561,마천,P555,20210527,상행,10,2,지하,B1,2번 출입구,지상,1,2번 출입구,1200형,1805-638,M
2026-08-07 15:39,1620311,승강기)에스컬레이터-하남풍산 내부 12호기,5호선,2564,하남풍산,556,20210527,하행,12,2,지상,1,2번 출입구,지하,B1,2번 출입구,1200형,3811-759,M
2026-08-07 15:39,1620312,승강기)에스컬레이터-하남풍산 내부 13호기,5호선,2564,하남풍산,556,20210527,상행,13,3,지하,B1,3번 출입구,지상,1,3번 출입구,1200형,3811-761,M
2026-08-07 15:39,1620313,승강기)에스컬레이터-하남풍산 내부 14호기,5호선,2564,하남풍산,556,20210527,하행,14,3,지상,1,3번 출입구,지하,B1,3번 출입구,1200형,3811-762,M
2026-08-07 15:39,1620314,승강기)에스컬레이터-하남풍산 내부 15호기,5호선,2564,하남풍산,556,20210527,상행,15,4,지하,B1,4번 출입구,지상,1,4번 출입구,1200형,3811-763,M
2026-08-07 15:39,1310384,승강기)에스컬레이터-송정 내부1,5호선,2514,송정,513,20210527,상행,1,내부,지하,B2,대합실(화장실 측),지하,B1,대합실(화장실 측),1200,1808-093,M
2026-08-07 15:39,1620315,승강기)에스컬레이터-하남풍산 내부 16호기,5호선,2564,하남풍산,556,20210527,하행,16,4,지상,1,4번 출입구,지하,B1,4번 출입구,1200형,3811-764,M
2026-08-07 15:39,1310385,승강기)에스컬레이터-송정 내부2,5호선,2514,송정,513,20210527,하행,2,내부,지하,B1,대합실(화장실 측),지하,B2,대합실(화장실 측),1200,1808-094,M
2026-08-07 15:39,1620316,승강기)에스컬레이터-하남풍산 내부 17호기,5호선,2564,하남풍산,556,20210527,상행,17,5,지하,B1,5번 출입구,지상,1,5번 출입구,1200형,3811-765,M
2026-08-07 15:39,1310386,승강기)에스컬레이터-송정 외부3,5호선,2514,송정,513,20210527,상행,3,4,지상,1,4번 출입구,지하,B1,4번 출입구,800,1808-095,M
2026-08-07 15:39,1620317,승강기)에스컬레이터-하남풍산 내부 18호기,5호선,2564,하남풍산,556,20210527,하행,18,5,지상,1,5번 출입구,지하,B1,5번 출입구,1200형,3811-766,M
2026-08-07 15:39,1310387,승강기)에스컬레이터-송정 외부4,5호선,2514,송정,513,20210527,하행,4,4,지하,B1,4번 출입구,지하,B1,4번 출입구,800,1808-096,M
2026-08-07 15:39,1620318,승강기)에스컬레이터-하남풍산 내부 19호기,5호선,2564,하남풍산,556,20210527,상행,19,6,지하,B1,6번 출입구,지상,1,6번 출입구,1200형,3811-767,M
2026-08-07 15:39,1310392,승강기)에스컬레이터-마곡 외부1,5호선,2515,마곡,514,20210527,상행,1,1,지하,B1,1번 출입구,지상,1,1번 출입구,1200,1807-781,M
2026-08-07 15:39,1620319,승강기)에스컬레이터-하남풍산 내부 20호기,5호선,2564,하남풍산,556,20210527,하행,20,6,지상,1,6번 출입구,지하,B1,6번 출입구,1200형,3811-768,M
2026-08-07 15:39,1310393,승강기)에스컬레이터-마곡 외부2,5호선,2515,마곡,514,20210527,하행,2,1,지상,1,1번 출입구,지하,B1,1번 출입구,1200,1807-782,S
2026-08-07 15:39,1620320,승강기)에스컬레이터-하남풍산 내부 21호기,5호선,2564,하남풍산,556,20210527,상행,21,7,지하,B1,7번 출입구,지상,1,7번 출입구,1200형,3811-769,M
2026-08-07 15:39,1310394,승강기)에스컬레이터-마곡 외부3,5호선,2515,마곡,514,20210527,상행,3,7,지하,B1,7번 출입구,지상,1,7번 출입구,1200,1807-783,M
2026-08-07 15:39,1620321,승강기)에스컬레이터-하남풍산 내부 22호기,5호선,2564,하남풍산,556,20210527,하행,22,7,지상,1,7번 출입구,지하,B1,7번 출입구,1200형,3811-770,M
2026-08-07 15:39,1310395,승강기)에스컬레이터-마곡 외부4,5호선,2515,마곡,514,20210527,하행,4,7,지상,1,7번 출입구,지하,B1,7번 출입구,1200,1807-784,M
2026-08-07 15:39,1620322,승강기)에스컬레이터-하남풍산 내부 23호기,5호선,2564,하남풍산,556,20210527,상행,23,8,지하,B1,8번 출입구,지상,1,8번 출입구,1200형,3811-771,M
2026-08-07 15:39,1310396,승강기)에스컬레이터-마곡 외부5,5호선,2515,마곡,514,20210527,상행,5,6,지하,B1,6번 출입구,지상,1,6번 출입구,1200,1807-785,M
2026-08-07 15:39,1620323,승강기)에스컬레이터-하남풍산 내부 24호기,5호선,2564,하남풍산,556,20210527,하행,24,8,지상,1,8번 출입구,지하,B1,8번 출입구,1200형,3811-772,M
2026-08-07 15:39,1310397,승강기)에스컬레이터-마곡 외부6,5호선,2515,마곡,514,20210527,하행,6,6,지상,1,6번 출입구,지하,B1,6번 출입구,1200,1807-786,M
2026-08-07 15:39,1310404,승강기)에스컬레이터-우장산 외부1,5호선,2517,우장산,516,20210527,상행,1,1,지하,B1,1번 출입구,지상,1,1번 출입구,800,1808-083,S
2026-08-07 15:39,1310405,승강기)에스컬레이터-우장산 외부2,5호선,2517,우장산,516,20210527,상행,2,2,지하,B1,2번 출입구,지상,1,2번 출입구,800,1808-084,M
2026-08-07 15:39,1774080,승강기)에스컬레이터-영등포시장 외부7,5호선,2525,영등포시장,524,20211025,상행,7,2,지하,B1,2번 출입구,지상,1,2번 출입구,800형,1814-607,M
2026-08-07 15:39,1310406,승강기)에스컬레이터-우장산 외부3,5호선,2517,우장산,516,20210527,상행,3,3,지하,B1,3번 출입구,지상,1,3번 출입구,800,1807-191,M
2026-08-07 15:39,1774081,승강기)에스컬레이터-영등포시장 외부8,5호선,2525,영등포시장,524,20211025,하행,8,2,지상,1,2번 출입구,지하,B1,2번 출입구,800형,1814-608,M
2026-08-07 15:39,1310407,승강기)에스컬레이터-우장산 외부4,5호선,2517,우장산,516,20210527,하행,4,3,지상,1,3번 출입구,지하,B1,3번 출입구,800,1807-192,M
2026-08-07 15:39,1774082,승강기)에스컬레이터-서대문역 외부9,5호선,2533,서대문,532,20211025,상행,9,4,지하,B1,4번 출입구,지상,1,4번 출입구,800형,1810-574,M
2026-08-07 15:39,1310410,승강기)에스컬레이터-화곡 내부1,5호선,2518,화곡,517,20210527,상행,1,내부,지하,B2,"3,4번 출입구 사이",지하,B1,"3,4번 출입구 사이",800,1810-191,M
2026-08-07 15:39,1774083,승강기)에스컬레이터-서대문역 외부10,5호선,2533,서대문,532,20211025,하행,10,4,지상,1,4번 출입구,지하,B1,4번 출입구,800형,1810-573,M
2026-08-07 15:39,1310411,승강기)에스컬레이터-화곡 내부2,5호선,2518,화곡,517,20210527,하행,2,내부,지하,B1,"3,4번 출입구 사이",지하,B2,"3,4번 출입구 사이",800,1810-192,M
2026-08-07 15:39,1310412,승강기)에스컬레이터-화곡 외부3,5호선,2518,화곡,517,20210527,상행,3,3,지하,B1,3번 출입구,지상,1,3번 출입구,800,1810-193,M
2026-08-07 15:39,1310413,승강기)에스컬레이터-화곡 외부4,5호선,2518,화곡,517,20210527,하행,4,3,지상,1,3번 출입구,지하,B1,3번 출입구,800,1810-194,M
2026-08-07 15:39,1310415,승강기)에스컬레이터-까치산 내부1,5호선,2519,까치산,518,20210527,하행,1,내부,지하,B1,화곡 방면2-3,지하,B5,화곡 방면2-3,1200,1807-670,M
2026-08-07 15:39,1310416,승강기)에스컬레이터-까치산 내부2,5호선,2519,까치산,518,20210527,상행,2,내부,지하,B5,화곡 방면2-3,지하,B1,화곡 방면2-3,1200,1807-671,M
2026-08-07 15:39,1774088,승강기)에스컬레이터-하남시청역 내부 1호기,5호선,2565,하남시청,557,20211025,상행,1,내부,지하,B2,하남풍산 방면3-3,지하,B1,하남풍산 방면3-3,1200형,3811-949,M
2026-08-07 15:39,1310417,승강기)에스컬레이터-까치산 내부3,5호선,2519,까치산,518,20210527,하행,3,내부,지하,B1,신정 방면7-2,지하,B5,신정 방면7-2,1200,1808-073,M
2026-08-07 15:39,1774089,승강기)에스컬레이터-하남시청역 내부 2호기,5호선,2565,하남시청,557,20211025,하행,2,내부,지하,B1,하남풍산 방면3-3,지하,B2,하남풍산 방면3-3,1200형,3811-950,M
2026-08-07 15:39,1310418,승강기)에스컬레이터-까치산 내부4,5호선,2519,까치산,518,20210527,상행,4,내부,지하,B5,신정 방면7-2,지하,B1,신정 방면7-2,1200,1808-074,M
2026-08-07 15:39,1774090,승강기)에스컬레이터-하남시청역 내부 3호기,5호선,2565,하남시청,557,20211025,상행,3,내부,지하,B2,하남검단산 방면6-2,지하,B1,하남검단산 방면6-2,1200형,3811-951,M
2026-08-07 15:39,1310419,승강기)에스컬레이터-까치산 내부5,5호선,2519,까치산,518,20210527,상행,5,내부,지하,B5,화곡 방면7-3,지하,B1,화곡 방면7-3,1200,1807-711,M
2026-08-07 15:39,1774091,승강기)에스컬레이터-하남시청역 내부 4호기,5호선,2565,하남시청,557,20211025,하행,4,내부,지하,B1,하남검단산 방면6-2,지하,B2,하남검단산 방면6-2,1200형,3811-952,M
2026-08-07 15:39,1310420,승강기)에스컬레이터-까치산 내부6,5호선,2519,까치산,518,20210527,하행,6,내부,지하,B1,화곡 방면7-3,지하,B5,화곡 방면7-3,1200,1807-712,M
2026-08-07 15:39,1774092,승강기)에스컬레이터-하남시청역 내부 5호기,5호선,2565,하남시청,557,20211025,상행,5,내부,지하,B2,하남풍산 방면6-2,지하,B1,하남풍산 방면6-2,1200형,3811-955,M
2026-08-07 15:39,1310421,승강기)에스컬레이터-까치산 내부7,5호선,2519,까치산,518,20210527,상행,7,내부,지하,B5,신정 방면2-2,지하,B1,신정 방면2-2,1200,1808-077,M
2026-08-07 15:39,1774093,승강기)에스컬레이터-하남시청역 내부 6호기,5호선,2565,하남시청,557,20211025,하행,6,내부,지하,B1,하남풍산 방면6-2,지하,B2,하남풍산 방면6-2,1200형,3811-956,M
2026-08-07 15:39,1310422,승강기)에스컬레이터-까치산 내부8,5호선,2519,까치산,518,20210527,하행,8,내부,지하,B1,신정 방면2-2,지하,B5,신정 방면2-2,1200,1808-078,M
2026-08-07 15:39,1774094,승강기)에스컬레이터-하남시청역 내부 7호기,5호선,2565,하남시청,557,20211025,상행,7,내부,지하,B2,하남검단산 방면3-3,지하,B1,하남검단산 방면3-3,1200형,3811-953,M
2026-08-07 15:39,1310423,승강기)에스컬레이터-까치산 외부9,5호선,2519,까치산,518,20210527,상행,9,1,지하,B1,1번 출입구,지상,1,1번 출입구,800,1808-079,M
2026-08-07 15:39,1774095,승강기)에스컬레이터-하남시청역 내부 8호기,5호선,2565,하남시청,557,20211025,하행,8,내부,지하,B1,하남검단산 방면3-3,지하,B2,하남검단산 방면3-3,1200형,3811-954,M
2026-08-07 15:39,1310424,승강기)에스컬레이터-까치산 외부10,5호선,2519,까치산,518,20210527,하행,10,1,지상,1,1번 출입구,지하,B1,1번 출입구,800,1808-080,M
2026-08-07 15:39,1774096,승강기)에스컬레이터-하남시청역 내부 9호기,5호선,2565,하남시청,557,20211025,상행,9,내부,지하,B1,대합실,,1,대합실,1200형,3811-947,M
2026-08-07 15:39,1310425,승강기)에스컬레이터-까치산 외부11,5호선,2519,까치산,518,20210527,하행,11,3,지상,1,3번 출입구,지하,B1,3번 출입구,800,1804-466,M
2026-08-07 15:39,1774097,승강기)에스컬레이터-하남시청역 내부 10호기,5호선,2565,하남시청,557,20211025,하행,10,내부,,M1,대합실,지하,B1,대합실,1200형,3811-948,M
2026-08-07 15:39,1310426,승강기)에스컬레이터-까치산 외부12,5호선,2519,까치산,518,20210527,상행,12,3,지하,B1,3번 출입구,지상,1,3번 출입구,800,1804-467,M
2026-08-07 15:39,1774098,승강기)에스컬레이터-하남시청역 내부 11호기,5호선,2565,하남시청,557,20211025,상행,11,내부,지하,B1,대합실,,1,대합실,1200형,3811-945,M
2026-08-07 15:39,1310436,승강기)에스컬레이터-신정 내부1,5호선,2520,신정,519,20210527,상행,1,내부,지하,B3,까치산 방면1-1,지하,B2,까치산 방면1-1,1200,1811-085,M
2026-08-07 15:39,1774099,승강기)에스컬레이터-하남시청역 내부 12호기,5호선,2565,하남시청,557,20211025,하행,12,내부,,M1,대합실,지하,B1,대합실,1200형,3811-946,M
2026-08-07 15:39,1310437,승강기)에스컬레이터-신정 내부2,5호선,2520,신정,519,20210527,하행,2,내부,지하,B2,까치산 방면1-1,지하,B3,까치산 방면1-1,1200,1811-086,M
2026-08-07 15:39,1774100,승강기)에스컬레이터-하남시청역 내부 13호기,5호선,2565,하남시청,557,20211025,상행,13,내부,지하,B1,"대합실(1,2번 출입구)",,1,"대합실(1,2번 출입구)",1200형,3811-986,M
2026-08-07 15:39,1310438,승강기)에스컬레이터-신정 내부3,5호선,2520,신정,519,20210527,상행,3,내부,지하,B3,목동 방면8-4,지하,B2,목동 방면8-4,1200,1811-087,M
2026-08-07 15:39,1774101,승강기)에스컬레이터-하남시청역 내부 14호기,5호선,2565,하남시청,557,20211025,하행,14,내부,,M1,"대합실(1,2번 출입구)",지하,B1,"대합실(1,2번 출입구)",1200형,3811-985,M
2026-08-07 15:39,1310439,승강기)에스컬레이터-신정 내부4,5호선,2520,신정,519,20210527,하행,4,내부,지하,B2,목동 방면8-4,지하,B3,목동 방면8-4,1200,1811-088,M
2026-08-07 15:39,1774102,승강기)에스컬레이터-하남시청역 내부 15호기,5호선,2565,하남시청,557,20211025,상행,15,1,,M1,1번 출입구,지상,1,1번 출입구,1200형,3811-984,M
2026-08-07 15:39,1310440,승강기)에스컬레이터-신정 내부5,5호선,2520,신정,519,20210527,상행,5,1,지하,B2,"대합실(1,4,5번 출입구 방향)",지하,B1,"대합실(1,4,5번 출입구 방향)",1200,1808-065,M
2026-08-07 15:39,1774103,승강기)에스컬레이터-하남시청역 내부 16호기,5호선,2565,하남시청,557,20211025,하행,16,1,지상,1,1번 출입구,,1,1번 출입구,1200형,3811-983,M
2026-08-07 15:39,1310441,승강기)에스컬레이터-신정 내부6,5호선,2520,신정,519,20210527,하행,6,1,지하,B1,"대합실(1,4,5번 출입구 방향)",지하,B2,"대합실(1,4,5번 출입구 방향)",1200,1808-066,M
2026-08-07 15:39,1774104,승강기)에스컬레이터-하남시청역 내부 17호기,5호선,2565,하남시청,557,20211025,상행,17,2,,M1,2번 출입구,지상,1,2번 출입구,1200형,3811-975,M
2026-08-07 15:39,1310445,승강기)에스컬레이터-목동 외부1,5호선,2521,목동,520,20210527,하행,1,1,지하,B1,1번 출입구,지상,1,1번 출입구,800,1804-711,M
2026-08-07 15:39,1774105,승강기)에스컬레이터-하남시청역 내부 18호기,5호선,2565,하남시청,557,20211025,하행,18,2,지상,1,2번 출입구,,1,2번 출입구,1200형,3811-982,M
2026-08-07 15:39,1310446,승강기)에스컬레이터-목동 외부2,5호선,2521,목동,520,20210527,상행,2,1,지상,1,1번 출입구,지하,B1,1번 출입구,800,1804-712,M
2026-08-07 15:39,1774106,승강기)에스컬레이터-하남시청역 내부 19호기,5호선,2565,하남시청,557,20211025,상행,19,3,,M1,3번 출입구,지상,1,3번 출입구,1200형,3811-939,M
2026-08-07 15:39,1310453,승강기)에스컬레이터-오목교 내부1,5호선,2522,오목교,521,20210527,상행,1,3,지하,B2,3번 출입구,지상,1,3번 출입구,1200,1808-058,M
2026-08-07 15:39,1774107,승강기)에스컬레이터-하남시청역 내부 20호기,5호선,2565,하남시청,557,20211025,하행,20,3,지상,1,3번 출입구,,1,3번 출입구,1200형,3811-940,M
2026-08-07 15:39,1310454,승강기)에스컬레이터-오목교 내부2,5호선,2522,오목교,521,20210527,상행,2,1,지하,B2,1번 출입구,지상,1,1번 출입구,1200,1808-059,M
2026-08-07 15:39,1774108,승강기)에스컬레이터-하남시청역 내부 21호기,5호선,2565,하남시청,557,20211025,상행,21,4,지하,B1,4번 출입구,,1,4번 출입구,1200형,3811-941,M
2026-08-07 15:39,1310455,승강기)에스컬레이터-오목교 내부3,5호선,2522,오목교,521,20210527,상행,3,5,지하,B2,5번 출입구,,1,5번 출입구,1200,1808-060,M
2026-08-07 15:39,1774109,승강기)에스컬레이터-하남시청역 내부 22호기,5호선,2565,하남시청,557,20211025,하행,22,4,,M1,4번 출입구,지하,B1,4번 출입구,1200형,3811-942,M
2026-08-07 15:39,1310456,승강기)에스컬레이터-오목교 내부4,5호선,2522,오목교,521,20210527,하행,4,내부,지하,B1,"대합실(1,3출입구방향 통로)",지하,B2,"대합실(1,3출입구방향 통로)",1200,1804-416,M
2026-08-07 15:39,1774110,승강기)에스컬레이터-하남시청역 내부 23호기,5호선,2565,하남시청,557,20211025,상행,23,5,지하,B1,5번 출입구,지상,1,5번 출입구,1200형,3811-943,M
2026-08-07 15:39,1310457,승강기)에스컬레이터-오목교 내부5,5호선,2522,오목교,521,20210527,상행,5,내부,지하,B2,"대합실(1,3출입구방향 통로)",지하,B1,"대합실(1,3출입구방향 통로)",1200,1804-417,M
2026-08-07 15:39,1774111,승강기)에스컬레이터-하남시청역 내부 24호기,5호선,2565,하남시청,557,20211025,하행,24,5,지상,1,5번 출입구,지하,B1,5번 출입구,1200형,3811-944,M
2026-08-07 15:39,1310458,승강기)에스컬레이터-오목교 내부6,5호선,2522,오목교,521,20210527,상행,6,1,지하,B1,1번 출입구,지하,BM1,1번 출입구,800,1804-418,M
2026-08-07 15:39,1774112,승강기)에스컬레이터-하남시청역 내부 25호기,5호선,2565,하남시청,557,20211025,상행,25,내부,지하,B1,대합실(6번 출입구 측),,1,대합실(6번 출입구 측),1200형,3811-937,M
2026-08-07 15:39,1310459,승강기)에스컬레이터-오목교 내부7,5호선,2522,오목교,521,20210527,상행,7,내부,지하,B3,목동 방면6-3,지하,B2,목동 방면6-3,1200,1809-956,M
2026-08-07 15:39,1774113,승강기)에스컬레이터-하남시청역 내부 26호기,5호선,2565,하남시청,557,20211025,하행,26,내부,지상,1,대합실(6번 출입구 측),,1,대합실(6번 출입구 측),1200형,3811-938,M
2026-08-07 15:39,1310463,승강기)에스컬레이터-양평 내부1,5호선,2523,양평,522,20210527,하행,1,내부,지하,B1,고객안전실 측(지하1층),지하,B3,고객안전실 측(지하1층),1200,1808-097,M
2026-08-07 15:39,1774114,승강기)에스컬레이터-하남시청역 내부 27호기,5호선,2565,하남시청,557,20211025,상행,27,6,,M1,6번 출입구,지상,1,6번 출입구,1200형,3811-935,M
2026-08-07 15:39,1310464,승강기)에스컬레이터-양평 내부2,5호선,2523,양평,522,20210527,하행,2,내부,지하,B1,고객안전실 측(지하1층),지하,B3,고객안전실 측(지하1층),1200,1808-098,M
2026-08-07 15:39,1774115,승강기)에스컬레이터-하남시청역 내부 28호기,5호선,2565,하남시청,557,20211025,하행,28,6,지상,1,6번 출입구,,1,6번 출입구,1200형,3811-936,M
2026-08-07 15:39,1310465,승강기)에스컬레이터-양평 내부3,5호선,2523,양평,522,20210527,상행,3,내부,지하,B3,고객안전실 측(지하1층),지하,B1,고객안전실 측(지하1층),1200,1808-099,M
2026-08-07 15:39,1774116,승강기)에스컬레이터-하남검단산역 내부 1호기,5호선,2566,하남검단산,558,20211025,상행,1,내부,지하,B3,하남시청 방면2-4,지하,B2,하남시청 방면2-4,1200형,3811-859,M
2026-08-07 15:39,1310466,승강기)에스컬레이터-양평 내부4,5호선,2523,양평,522,20210527,상행,4,내부,지하,B3,고객안전실 측(지하1층),지하,B1,고객안전실 측(지하1층),1200,1808-100,M
2026-08-07 15:39,1774117,승강기)에스컬레이터-하남검단산역 내부 2호기,5호선,2566,하남검단산,558,20211025,하행,2,내부,지하,B2,하남시청 방면2-4,지하,B3,하남시청 방면2-4,1200형,3811-860,M
2026-08-07 15:39,1310467,승강기)에스컬레이터-양평 외부5,5호선,2523,양평,522,20210527,상행,5,2,지하,BM1,2번 출입구,지상,1,2번 출입구,800,1804-419,M
2026-08-07 15:39,1774118,승강기)에스컬레이터-하남검단산역 내부 3호기,5호선,2566,하남검단산,558,20211025,상행,3,내부,지하,B3,하남검단산 방면7-1,지하,B2,하남검단산 방면7-1,1200형,3811-861,M
2026-08-07 15:39,1310468,승강기)에스컬레이터-양평 외부6,5호선,2523,양평,522,20210527,하행,6,2,지상,1,2번 출입구,지하,BM1,2번 출입구,800,1804-420,M
2026-08-07 15:39,1774119,승강기)에스컬레이터-하남검단산역 내부 4호기,5호선,2566,하남검단산,558,20211025,하행,4,내부,지하,B2,하남검단산 방면7-1,지하,B3,하남검단산 방면7-1,1200형,3811-862,M
2026-08-07 15:39,1310469,승강기)에스컬레이터-양평 내부7,5호선,2523,양평,522,20210527,상행,7,내부,지하,B4,"대합실(E/L 1,2호기 앞)",지하,B3,"대합실(E/L 1,2호기 앞)",1200,1812-613,M
2026-08-07 15:39,1774120,승강기)에스컬레이터-하남검단산역 내부 5호기,5호선,2566,하남검단산,558,20211025,상행,5,내부,지하,B3,하남시청 방면6-2,지하,B2,하남시청 방면6-2,1200형,3811-863,M
2026-08-07 15:39,1310470,승강기)에스컬레이터-양평 내부8,5호선,2523,양평,522,20210527,하행,8,내부,지하,B3,"대합실(E/L 1,2호기 앞)",지하,B4,"대합실(E/L 1,2호기 앞)",1200,1812-614,M
2026-08-07 15:39,1774121,승강기)에스컬레이터-하남검단산역 내부 6호기,5호선,2566,하남검단산,558,20211025,하행,6,내부,지하,B2,하남시청 방면6-2,지하,B3,하남시청 방면6-2,1200형,3811-864,M
2026-08-07 15:39,1310474,승강기)에스컬레이터-영등포구청 내부1,5호선,2524,영등포구청,523,20210527,하행,1,내부,지하,B1,대합실,지하,B3,대합실,1200,1808-371,M
2026-08-07 15:39,1774122,승강기)에스컬레이터-하남검단산역 내부 7호기,5호선,2566,하남검단산,558,20211025,상행,7,내부,지하,B3,하남검단산 방면3-3,지하,B2,하남검단산 방면3-3,1200형,3811-865,M
2026-08-07 15:39,1310475,승강기)에스컬레이터-영등포구청 내부2,5호선,2524,영등포구청,523,20210527,하행,2,내부,지하,B1,대합실,지하,B3,대합실,1200,1808-372,M
2026-08-07 15:39,1774123,승강기)에스컬레이터-하남검단산역 내부 8호기,5호선,2566,하남검단산,558,20211025,하행,8,내부,지하,B2,하남검단산 방면3-3,지하,B3,하남검단산 방면3-3,1200형,3811-866,M
2026-08-07 15:39,1825577,승강기)에스컬레이터-김포공항(5) 내부 1호기,5호선,2513,김포공항,512,20250625,하행,1호기,내부,지하,B2,개화산 방면3-4,지하,B3,개화산 방면3-4,1200형,1808-085,M
2026-08-07 15:39,1310476,승강기)에스컬레이터-영등포구청 내부3,5호선,2524,영등포구청,523,20210527,상행,3,내부,지하,B3,대합실,지하,B1,대합실,1200,1808-373,M
2026-08-07 15:39,1774124,승강기)에스컬레이터-하남검단산역 내부 9호기,5호선,2566,하남검단산,558,20211025,상행,9,내부,지하,B2,"대합실(1,2,4번 출입구 방향)",지하,B1,"대합실(1,2,4번 출입구 방향)",1200형,3811-867,M
2026-08-07 15:39,1825578,승강기)에스컬레이터-김포공항(5) 내부 2호기,5호선,2513,김포공항,512,20250625,상행,2호기,내부,지하,B3,개화산 방면3-4,지하,B2,개화산 방면3-4,1200형,1808-086,M
2026-08-07 15:39,1310477,승강기)에스컬레이터-영등포구청 내부4,5호선,2524,영등포구청,523,20210527,상행,4,내부,지하,B3,대합실,지하,B1,대합실,1200,1808-374,M
2026-08-07 15:39,1774125,승강기)에스컬레이터-하남검단산역 내부 10호기,5호선,2566,하남검단산,558,20211025,하행,10,내부,지하,B1,"대합실(1,2,4번 출입구 방향)",지하,B2,"대합실(1,2,4번 출입구 방향)",1200형,3811-868,M
2026-08-07 15:39,1310478,승강기)에스컬레이터-영등포구청 내부5,5호선,2524,영등포구청,523,20210527,하행,5,내부,지하,B1,환승통로(2호선 방면),지하,B4,환승통로(2호선 방면),1200,1804-456,M
2026-08-07 15:39,1774126,승강기)에스컬레이터-하남검단산역 내부 11호기,5호선,2566,하남검단산,558,20211025,상행,11,내부,지하,B2,대합실(3번 출입구 방향),지하,B1,대합실(3번 출입구 방향),1200형,3811-869,M
2026-08-07 15:39,1310479,승강기)에스컬레이터-영등포구청 내부6,5호선,2524,영등포구청,523,20210527,상행,6,내부,지하,B4,환승통로(2호선 방면),지하,B1,환승통로(2호선 방면),1200,1804-457,M
2026-08-07 15:39,1774127,승강기)에스컬레이터-하남검단산역 내부 12호기,5호선,2566,하남검단산,558,20211025,하행,12,내부,지하,B1,대합실(3번 출입구 방향),지하,B2,대합실(3번 출입구 방향),1200형,3811-870,M
2026-08-07 15:39,1310481,승강기)에스컬레이터-영등포구청 내부8,5호선,2524,영등포구청,523,20210527,하행,8,내부,지하,B4,양평 방면7-2,지하,B5,양평 방면7-2,1200,1808-284,M
2026-08-07 15:39,1774128,승강기)에스컬레이터-하남검단산역 1번 출입구 13호기,5호선,2566,하남검단산,558,20211025,상행,13,1,지하,B2,1번 출입구,지상,1,1번 출입구,1200형,3811-871,M
2026-08-07 15:39,1310482,승강기)에스컬레이터-영등포구청 내부9,5호선,2524,영등포구청,523,20210527,상행,9,내부,지하,B5,양평 방면7-2,지하,B4,양평 방면7-2,1200,1808-285,M
2026-08-07 15:39,1774129,승강기)에스컬레이터-하남검단산역 1번 출입구 14호기,5호선,2566,하남검단산,558,20211025,하행,14,1,지상,1,1번 출입구,지하,B2,1번 출입구,1200형,3811-872,M
2026-08-07 15:39,1310483,승강기)에스컬레이터-영등포구청 내부10,5호선,2524,영등포구청,523,20210527,상행,10,내부,지하,B5,영등포시장 방면2-3,지하,B4,영등포시장 방면2-3,1200,1808-375,M
2026-08-07 15:39,1774130,승강기)에스컬레이터-하남검단산역 2번 출입구 15호기,5호선,2566,하남검단산,558,20211025,상행,15,2,지하,B2,2번 출입구,지상,1,2번 출입구,1200형,3811-875,M
2026-08-07 15:39,1310484,승강기)에스컬레이터-영등포구청 외부11,5호선,2524,영등포구청,523,20210527,하행,11,7,지상,1,7번 출입구,지하,B1,7번 출입구,800,1808-376,M
2026-08-07 15:39,1774131,승강기)에스컬레이터-하남검단산역 2번 출입구 16호기,5호선,2566,하남검단산,558,20211025,하행,16,2,지상,1,2번 출입구,지하,B2,2번 출입구,1200형,3811-876,M
2026-08-07 15:39,1310485,승강기)에스컬레이터-영등포구청 외부12,5호선,2524,영등포구청,523,20210527,상행,12,7,지하,B1,7번 출입구,지상,1,7번 출입구,800,1808-377,M
2026-08-07 15:39,1774132,승강기)에스컬레이터-하남검단산역 3번 출입구 17호기,5호선,2566,하남검단산,558,20211025,상행,17,3,지하,B2,3번 출입구,지상,1,3번 출입구,1200형,3811-877,M
2026-08-07 15:39,1310486,승강기)에스컬레이터-영등포구청 내부13,5호선,2524,영등포구청,523,20210527,상행,13,내부,지하,B4,7번 출입구(중간계단),지하,B3,7번 출입구(중간계단),1200,1812-609,M
2026-08-07 15:39,1774133,승강기)에스컬레이터-하남검단산역 3번 출입구 18호기,5호선,2566,하남검단산,558,20211025,하행,18,3,지상,1,3번 출입구,지하,B2,3번 출입구,1200형,3811-878,M
2026-08-07 15:39,1310487,승강기)에스컬레이터-영등포구청 내부14,5호선,2524,영등포구청,523,20210527,하행,14,내부,지하,B3,7번 출입구(중간계단),지하,B4,7번 출입구(중간계단),1200,1812-610,M
2026-08-07 15:39,1774134,승강기)에스컬레이터-하남검단산역 4번 출입구 19호기,5호선,2566,하남검단산,558,20211025,상행,19,4,지하,B2,4번 출입구,지상,1,4번 출입구,1200형,3811-873,M
2026-08-07 15:39,1310493,승강기)에스컬레이터-영등포시장 내부1,5호선,2525,영등포시장,524,20210527,하행,1,내부,지하,B3,대합실,지하,B5,대합실,1200,1804-459,M
2026-08-07 15:39,1774135,승강기)에스컬레이터-하남검단산역 4번 출입구 20호기,5호선,2566,하남검단산,558,20211025,하행,20,4,지상,1,4번 출입구,지하,B2,4번 출입구,1200형,3811-874,M
2026-08-07 15:39,1310494,승강기)에스컬레이터-영등포시장 내부2,5호선,2525,영등포시장,524,20210527,상행,2,내부,지하,B5,대합실,지하,B3,대합실,1200,1804-460,M
2026-08-07 15:39,1774136,승강기)에스컬레이터-강일역 내부 1호기,5호선,2562,강일,554,20211025,상행,1,내부,지하,B3,상일동 방면2-3,지하,B2,상일동 방면2-3,1200형,1811-741,M
2026-08-07 15:39,1310495,승강기)에스컬레이터-영등포시장 내부3,5호선,2525,영등포시장,524,20210527,상행,3,내부,지하,B2,대합실,지하,B1,대합실,1200,1809-955,M
2026-08-07 15:39,1774137,승강기)에스컬레이터-강일역 내부 2호기,5호선,2562,강일,554,20211025,하행,2,내부,지하,B2,상일동 방면2-3,지하,B3,상일동 방면2-3,1200형,1811-742,M
2026-08-07 15:39,1310496,승강기)에스컬레이터-영등포시장 내부4,5호선,2525,영등포시장,524,20210527,하행,4,내부,지하,B1,대합실,지하,B2,대합실,1200,1809-954,M
2026-08-07 15:39,1774138,승강기)에스컬레이터-강일역 내부 3호기,5호선,2562,강일,554,20211025,상행,3,내부,지하,B3,미사 방면7-2,지하,B2,미사 방면7-2,1200형,1811-743,M
2026-08-07 15:39,1310497,승강기)에스컬레이터-영등포시장 내부5,5호선,2525,영등포시장,524,20210527,하행,5,내부,지하,B2,대합실,지하,B3,대합실,1200,1809-960,M
2026-08-07 15:39,1774139,승강기)에스컬레이터-강일역 내부 4호기,5호선,2562,강일,554,20211025,하행,4,내부,지하,B2,미사 방면7-2,지하,B3,미사 방면7-2,1200형,1811-744,M
2026-08-07 15:39,1310498,승강기)에스컬레이터-영등포시장 내부6,5호선,2525,영등포시장,524,20210527,상행,6,내부,지하,B3,대합실,지하,B2,대합실,1200,1809-961,M
2026-08-07 15:39,1774140,승강기)에스컬레이터-강일역 내부 5호기,5호선,2562,강일,554,20211025,상행,5,내부,지하,B3,상일동 방면7-2,지하,B2,상일동 방면7-2,1200형,1811-745,M
2026-08-07 15:39,1310505,승강기)에스컬레이터-신길 3번 출입구 1호기,5호선,2526,신길,525,20210527,상행,1,3,지하,B3,3번 출입구,지상,1,3번 출입구,1200,1804-421,M
2026-08-07 15:39,1774141,승강기)에스컬레이터-강일역 내부 6호기,5호선,2562,강일,554,20211025,하행,6,내부,지하,B2,상일동 방면7-2,지하,B3,상일동 방면7-2,1200형,1811-746,M
2026-08-07 15:39,1831408,승강기)에스컬레이터-왕십리 내부1,5호선,2541,왕십리,540,20251219,하행,1,내부,지하,B2,지하철경찰대 측(지하4층),지하,B4,지하철경찰대 측(지하4층),1200,1800-560,M
2026-08-07 15:39,1310506,승강기)에스컬레이터-신길 3번 출입구 2호기,5호선,2526,신길,525,20210527,하행,2,3,지상,1,3번 출입구,지하,B3,3번 출입구,1200,1804-422,M
2026-08-07 15:39,1774142,승강기)에스컬레이터-강일역 내부 7호기,5호선,2562,강일,554,20211025,상행,7,내부,지하,B3,미사 방면2-3,지하,B2,미사 방면2-3,1200형,1811-747,M
2026-08-07 15:39,1831409,승강기)에스컬레이터-왕십리 내부2,5호선,2541,왕십리,540,20251219,하행,2,내부,지하,B2,지하철경찰대 측(지하4층),지하,B4,지하철경찰대 측(지하4층),1200,1800-561,M
2026-08-07 15:39,1310507,승강기)에스컬레이터-신길 내부 3호기,5호선,2526,신길,525,20210527,하행,3,내부,지하,B1,환승통로(1호선 방면),지하,B3,환승통로(1호선 방면),1200,1804-423,S
2026-08-07 15:39,1774143,승강기)에스컬레이터-강일역 내부 8호기,5호선,2562,강일,554,20211025,하행,8,내부,지하,B2,미사 방면2-3,지하,B3,미사 방면2-3,1200형,1811-748,M
2026-08-07 15:39,1831410,승강기)에스컬레이터-왕십리 내부3,5호선,2541,왕십리,540,20251219,상행,3,내부,지하,B4,지하철경찰대 측(지하4층),지하,B2,지하철경찰대 측(지하4층),1200,1800-562,M
2026-08-07 15:39,1310508,승강기)에스컬레이터-신길 내부 4호기,5호선,2526,신길,525,20210527,하행,4,내부,지하,B1,환승통로(1호선 방면),지하,B3,환승통로(1호선 방면),1200,1804-424,M
2026-08-07 15:39,1774144,승강기)에스컬레이터-강일역 1번 출입구 9호기,5호선,2562,강일,554,20211025,상행,9,1,지하,B2,1번 출입구,지상,1,1번 출입구,1200형,1811-749,M
2026-08-07 15:39,1831411,승강기)에스컬레이터-왕십리 내부4,5호선,2541,왕십리,540,20251219,상행,4,내부,지하,B4,지하철경찰대 측(지하4층),지하,B2,지하철경찰대 측(지하4층),1200,1800-563,M
2026-08-07 15:39,1310509,승강기)에스컬레이터-신길 내부 5호기,5호선,2526,신길,525,20210527,상행,5,내부,지하,B3,환승통로(1호선 방면),지하,B1,환승통로(1호선 방면),1200,1804-425,M
2026-08-07 15:39,1774145,승강기)에스컬레이터-강일역 1번 출입구 10호기,5호선,2562,강일,554,20211025,하행,10,1,지상,1,1번 출입구,지하,B2,1번 출입구,1200형,1811-750,S
2026-08-07 15:39,1831412,승강기)에스컬레이터-왕십리 내부5,5호선,2541,왕십리,540,20251219,상행,5,내부,지하,B4,환승통로(2호선 시청방면),지하,B2,환승통로(2호선 시청방면),1200,1800-564,M
2026-08-07 15:39,1310510,승강기)에스컬레이터-신길 내부 6호기,5호선,2526,신길,525,20210527,상행,6,내부,지하,B3,환승통로(1호선 방면),지하,B1,환승통로(1호선 방면),1200,1804-426,M
2026-08-07 15:39,1774146,승강기)에스컬레이터-강일역 3번 출입구 13호기,5호선,2562,강일,554,20211025,상행,13,3,지하,B2,3번 출입구,지상,1,3번 출입구,1200형,1811-751,M
2026-08-07 15:39,1831413,승강기)에스컬레이터-왕십리 내부6,5호선,2541,왕십리,540,20251219,상행,6,내부,지하,B4,환승통로(2호선 시청방면),지하,B2,환승통로(2호선 시청방면),1200,1800-565,M
2026-08-07 15:39,1310511,승강기)에스컬레이터-신길 내부 7호기,5호선,2526,신길,525,20210527,하행,7,내부,지하,B3,영등포시장 방면7-3,지하,B4,영등포시장 방면7-3,1200,1804-427,M
2026-08-07 15:39,1774147,승강기)에스컬레이터-강일역 3번 출입구 14호기,5호선,2562,강일,554,20211025,하행,14,3,지상,1,3번 출입구,지하,B2,3번 출입구,1200형,1811-752,M
2026-08-07 15:39,1831414,승강기)에스컬레이터-왕십리 내부7,5호선,2541,왕십리,540,20251219,하행,7,내부,지하,B2,환승통로(2호선 시청방면),지하,B4,환승통로(2호선 시청방면),1200,1800-566,M
2026-08-07 15:39,1310516,승강기)에스컬레이터-여의도 내부1,5호선,2527,여의도,526,20210527,하행,1,내부,지하,B1,대합실,지하,B3,대합실,1200,1804-452,M
2026-08-07 15:39,1774148,승강기)에스컬레이터-강일역 4번 출입구 15호기,5호선,2562,강일,554,20211025,상행,15,4,지하,B2,4번 출입구,지상,1,4번 출입구,1200형,1811-753,M
2026-08-07 15:39,1831415,승강기)에스컬레이터-왕십리 내부8,5호선,2541,왕십리,540,20251219,상행,8,내부,지하,B4,환승통로(2호선 시청방면),지하,B2,환승통로(2호선 시청방면),1200,1800-567,M
2026-08-07 15:39,1310517,승강기)에스컬레이터-여의도 내부2,5호선,2527,여의도,526,20210527,상행,2,내부,지하,B3,대합실,지하,B1,대합실,1200,1804-453,M
2026-08-07 15:39,1774149,승강기)에스컬레이터-강일역 4번 출입구 16호기,5호선,2562,강일,554,20211025,하행,16,4,지상,1,4번 출입구,지하,B2,4번 출입구,1200형,1811-754,M
2026-08-07 15:39,1310518,승강기)에스컬레이터-여의도 내부3,5호선,2527,여의도,526,20210527,상행,3,내부,지하,B3,대합실,지하,B1,대합실,1200,1804-454,M
2026-08-07 15:39,1774710,승강기)에스컬레이터-목동 외부 3호기,5호선,2521,목동,520,20211125,하행,3,3,지상,1,3번 출입구,지하,B1,3번 출입구,1200형,1814-777,M
2026-08-07 15:39,1310519,승강기)에스컬레이터-여의도 내부4,5호선,2527,여의도,526,20210527,하행,4,내부,지하,B1,대합실,지하,B3,대합실,1200,1804-455,M
2026-08-07 15:39,1774712,승강기)에스컬레이터-목동 외부 4호기,5호선,2521,목동,520,20211125,상행,4,3,지하,B1,3번 출입구,지상,1,3번 출입구,1200형,1814-778,M
2026-08-07 15:39,1831907,승강기)에스컬레이터-김포공항 내부3,5호선,2513,김포공항,512,20260112,하행,E/S 3호기,내부,지하,B2,송정 방면3-4,지하,B3,송정 방면3-4,1200,1808-087,M
2026-08-07 15:39,1310523,승강기)에스컬레이터-여의나루 내부1,5호선,2528,여의나루,527,20210527,상행,1,내부,지하,B4,대합실,지하,B2,대합실,1200,1808-383,M
2026-08-07 15:39,1774716,승강기)에스컬레이터-마천역 1번 출입구 5호기,5호선,2561,마천,P555,20211125,하행,5,1,지상,1,1번 출입구,지하,B1,1번 출입구,1200형,1801-975,M
2026-08-07 15:39,1831908,승강기)에스컬레이터-김포공항 내부4,5호선,2513,김포공항,512,20260112,상행,E/S 4호기,내부,지하,B3,송정 방면3-4,지하,B2,송정 방면3-4,1200,1808-088,M
2026-08-07 15:39,1310524,승강기)에스컬레이터-여의나루 내부2,5호선,2528,여의나루,527,20210527,상행,2,내부,지하,B4,대합실,지하,B2,대합실,1200,1808-384,M
2026-08-07 15:39,1774718,승강기)에스컬레이터-마천역 1번 출입구 6호기,5호선,2561,마천,P555,20211125,상행,6,1,지하,B1,1번 출입구,지상,1,1번 출입구,1200형,1801-976,M
2026-08-07 15:39,1831909,승강기)에스컬레이터-김포공항 내부5,5호선,2513,김포공항,512,20260112,상행,E/S 5호기,내부,지하,B3,개화산 방면5-4,지하,B2,개화산 방면5-4,1200,1808-089,M
2026-08-07 15:39,1310525,승강기)에스컬레이터-여의나루 내부3,5호선,2528,여의나루,527,20210527,하행,3,내부,지하,B2,대합실,지하,B4,대합실,1200,1808-385,M
2026-08-07 15:39,1831910,승강기)에스컬레이터-김포공항 내부6,5호선,2513,김포공항,512,20260112,상행,E/S 6호기,내부,지하,B3,개화산 방면5-4,지하,B2,개화산 방면5-4,1200,1808-090,M
2026-08-07 15:39,1310526,승강기)에스컬레이터-여의나루 내부4,5호선,2528,여의나루,527,20210527,하행,4,내부,지하,B2,대합실,지하,B4,대합실,1200,1808-386,M
2026-08-07 15:39,1831911,승강기)에스컬레이터-김포공항 내부7,5호선,2513,김포공항,512,20260112,상행,E/S 7호기,내부,지하,B3,송정 방면5-4,지하,B2,송정 방면5-4,1200,1808-091,M
2026-08-07 15:39,1310527,승강기)에스컬레이터-여의나루 내부5,5호선,2528,여의나루,527,20210527,상행,5,내부,지하,B2,대합실,지하,B1,대합실,1200,1808-379,M
2026-08-07 15:39,1831912,승강기)에스컬레이터-김포공항 내부8,5호선,2513,김포공항,512,20260112,하행,E/S 8호기,내부,지하,B2,송정 방면5-4,지하,B3,송정 방면5-4,1200,1808-092,M
2026-08-07 15:39,1310528,승강기)에스컬레이터-여의나루 내부6,5호선,2528,여의나루,527,20210527,하행,6,내부,지하,B1,대합실,지하,B2,대합실,1200,1808-378,M
2026-08-07 15:39,1310529,승강기)에스컬레이터-여의나루 내부7,5호선,2528,여의나루,527,20210527,상행,7,내부,지하,B1,대합실,지하,BM1,대합실,1200,1808-380,M
2026-08-07 15:39,1310530,승강기)에스컬레이터-여의나루 내부8,5호선,2528,여의나루,527,20210527,상행,8,내부,지하,B1,대합실,지하,BM1,대합실,1200,1808-381,M
2026-08-07 15:39,1310531,승강기)에스컬레이터-여의나루 내부9,5호선,2528,여의나루,527,20210527,하행,9,내부,지하,BM1,대합실,지하,B1,대합실,1200,1808-382,M
2026-08-07 15:39,1310532,승강기)에스컬레이터-여의나루 외부10,5호선,2528,여의나루,527,20210527,하행,10,4,지상,1,4번 출입구,지하,B1,4번 출입구,1200,1808-296,M
2026-08-07 15:39,1833227,승강기)에스컬레이터-둔촌동 1번 출입구 5호기,5호선,2555,둔촌동,P549,20260430,상행,5,1번 출입구,지하,B1,1번 출입구,지상,1,1번 출입구,1200,1817-713,M
2026-08-07 15:39,1310533,승강기)에스컬레이터-여의나루 외부11,5호선,2528,여의나루,527,20210527,상행,11,4,지하,B1,4번 출입구,지상,1,4번 출입구,1200,1808-297,M
2026-08-07 15:39,1833228,승강기)에스컬레이터-둔촌동 1번 출입구 6호기,5호선,2555,둔촌동,P549,20260430,하행,6,1번 출입구,지상,1,1번 출입구,지하,B1,1번 출입구,1200,1817-714,M
2026-08-07 15:39,1310536,승강기)에스컬레이터-마포 내부1,5호선,2529,마포,528,20210527,하행,1,내부,지하,B1,대합실,지하,B3,대합실,1200,1808-186,M
2026-08-07 15:39,1833229,승강기)에스컬레이터-둔촌동 2번 출입구 7호기,5호선,2555,둔촌동,P549,20260430,하행,7,2번 출입구,지상,1,2번 출입구,지하,B1,2번 출입구,1200,1817-759,M
2026-08-07 15:39,1310537,승강기)에스컬레이터-마포 내부2,5호선,2529,마포,528,20210527,상행,2,내부,지하,B3,대합실,지하,B1,대합실,1200,1808-187,M
2026-08-07 15:39,1833230,승강기)에스컬레이터-둔촌동 2번 출입구 8호기,5호선,2555,둔촌동,P549,20260430,상행,8,2번 출입구,지하,B1,2번 출입구,지상,1,2번 출입구,1200,1817-760,M
2026-08-07 15:39,1310538,승강기)에스컬레이터-마포 내부3,5호선,2529,마포,528,20210527,상행,3,내부,지하,B3,대합실,지하,B1,대합실,1200,1800-849,M
2026-08-07 15:39,1310539,승강기)에스컬레이터-마포 내부4,5호선,2529,마포,528,20210527,하행,4,내부,지하,B1,대합실,지하,B3,대합실,1200,1800-850,M
2026-08-07 15:39,1310540,승강기)에스컬레이터-마포 외부5,5호선,2529,마포,528,20210527,하행,5,2,지상,1,2번 출입구,지하,B1,2번 출입구,1200,1800-568,M
2026-08-07 15:39,1310541,승강기)에스컬레이터-마포 외부6,5호선,2529,마포,528,20210527,상행,6,2,지하,B1,2번 출입구,지상,1,2번 출입구,1200,1800-569,M
2026-08-07 15:39,1310542,승강기)에스컬레이터-마포 내부7,5호선,2529,마포,528,20210527,하행,7,내부,지하,B3,대합실,지하,B4,대합실,1200,1801-001,M
2026-08-07 15:39,1310543,승강기)에스컬레이터-마포 내부8,5호선,2529,마포,528,20210527,상행,8,내부,지하,B4,대합실,지하,B3,대합실,1200,1801-002,M
2026-08-07 15:39,1310544,승강기)에스컬레이터-마포 외부9,5호선,2529,마포,528,20210527,상행,9,3,지하,B1,3번 출입구,지상,1,3번 출입구,1200,1800-848,M
2026-08-07 15:39,1310545,승강기)에스컬레이터-마포 외부10,5호선,2529,마포,528,20210527,하행,10,3,지상,1,3번 출입구,지하,B1,3번 출입구,1200,1800-847,M
2026-08-07 15:39,1310548,승강기)에스컬레이터-공덕 내부1,5호선,2530,공덕,529,20210527,상행,1,내부,지하,B3,환승통로(애오개 방면8-4 마포 방면1-1),지하,B2,환승통로(애오개 방면8-4 마포 방면1-1),800,1808-903,M
2026-08-07 15:39,1310549,승강기)에스컬레이터-공덕 내부2,5호선,2530,공덕,529,20210527,하행,2,내부,지하,B2,환승통로(애오개 방면8-4 마포 방면1-1),지하,B3,환승통로(애오개 방면8-4 마포 방면1-1),800,1808-904,M
2026-08-07 15:39,1310550,승강기)에스컬레이터-공덕 내부3,5호선,2530,공덕,529,20210527,상행,3,내부,지하,B3,"마포 방면1-1, 애오개 방면8-4",지하,B2,"마포 방면1-1, 애오개 방면8-4",800,1808-905,M
2026-08-07 15:39,1310551,승강기)에스컬레이터-공덕 내부4,5호선,2530,공덕,529,20210527,하행,4,내부,지하,B2,"마포 방면1-1, 애오개 방면8-4",지하,B3,"마포 방면1-1, 애오개 방면8-4",800,1808-906,M
2026-08-07 15:39,1310552,승강기)에스컬레이터-공덕 내부5,5호선,2530,공덕,529,20210527,상행,5,내부,지하,B2,대합실,지하,B1,대합실,1200,1800-482,M
2026-08-07 15:39,1310553,승강기)에스컬레이터-공덕 내부6,5호선,2530,공덕,529,20210527,하행,6,내부,지하,B1,대합실,지하,B2,대합실,1200,1800-483,M
2026-08-07 15:39,1310554,승강기)에스컬레이터-공덕 내부7,5호선,2530,공덕,529,20210527,하행,7,내부,지하,B1,대합실,지하,B2,대합실,1200,1808-907,M
2026-08-07 15:39,1310555,승강기)에스컬레이터-공덕 내부8,5호선,2530,공덕,529,20210527,상행,8,내부,지하,B2,대합실,지하,B1,대합실,1200,1808-908,M
2026-08-07 15:39,1310556,승강기)에스컬레이터-공덕 외부9,5호선,2530,공덕,529,20210527,하행,9,4,지상,1,4번 출입구,지하,B1,4번 출입구,800,1808-909,M
2026-08-07 15:39,1310557,승강기)에스컬레이터-공덕 외부10,5호선,2530,공덕,529,20210527,상행,10,4,지하,B1,4번 출입구,지상,1,4번 출입구,800,1808-910,M
2026-08-07 15:39,1780768,승강기)에스컬레이터-군자(5) 1번 출입구 외부 5호기,5호선,2545,군자,544,20220616,상행,5,1,지하,B1,1번 출입구,지상,1,1번 출입구,1200형,1811-760,M
2026-08-07 15:39,1310558,승강기)에스컬레이터-공덕 내부11,5호선,2530,공덕,529,20210527,상행,11,내부,지하,B1,대합실,지하,BM1,대합실,1200,1808-911,M
2026-08-07 15:39,1780769,승강기)에스컬레이터-군자(5) 1번 출입구 외부 6호기,5호선,2545,군자,544,20220616,하행,6,1,지상,1,1번 출입구,지하,B1,1번 출입구,1200형,1811-761,M
2026-08-07 15:39,1310564,승강기)에스컬레이터-애오개 내부1,5호선,2531,애오개,530,20210527,상행,1,내부,지하,B3,대합실,지하,B1,대합실,1200,1800-593,M
2026-08-07 15:39,1780952,승강기)에스컬레이터-신금호 4번 출입구 외부 11호기,5호선,2539,신금호,538,20220709,상행,11,4,지하,B1,4번 출입구,지상,1,4번 출입구,800형,1812-507,M
2026-08-07 15:39,1310565,승강기)에스컬레이터-애오개 내부2,5호선,2531,애오개,530,20210527,하행,2,내부,지하,B1,대합실,지하,B3,대합실,1200,1800-594,M
2026-08-07 15:39,1780953,승강기)에스컬레이터-신금호 4번 출입구 외부 12호기,5호선,2539,신금호,538,20220709,하행,12,4,지상,1,4번 출입구,지하,B1,4번 출입구,800형,1812-508,M
2026-08-07 15:39,1310566,승강기)에스컬레이터-애오개 내부3,5호선,2531,애오개,530,20210527,상행,3,내부,지하,B3,대합실,지하,B1,대합실,1200,1810-123,M
2026-08-07 15:39,1310567,승강기)에스컬레이터-애오개 내부4,5호선,2531,애오개,530,20210527,하행,4,내부,지하,B1,대합실,지하,B3,대합실,1200,1810-124,M
2026-08-07 15:39,1310568,승강기)에스컬레이터-애오개 외부5,5호선,2531,애오개,530,20210527,상행,5,4,지하,BM1,4번 출입구,지상,1,4번 출입구,1200,1808-126,M
2026-08-07 15:39,1780957,승강기)에스컬레이터-상일동 5번 출입구 외부 11호기,5호선,2554,상일동,553,20220709,상행,11,5,지하,B1,5번 출입구,지상,1,5번 출입구,,1811-737,M
2026-08-07 15:39,1310569,승강기)에스컬레이터-애오개 외부6,5호선,2531,애오개,530,20210527,하행,6,4,지상,1,4번 출입구,지하,BM1,4번 출입구,1200,1808-127,M
2026-08-07 15:39,1780958,승강기)에스컬레이터-상일동 5번 출입구 외부 12호기,5호선,2554,상일동,553,20220709,하행,12,5,지상,1,5번 출입구,지하,B1,5번 출입구,,1811-738,M
2026-08-07 15:39,1310572,승강기)에스컬레이터-충정로(5) 내부 1호기,5호선,2532,충정로,531,20210527,상행,1,내부,지하,B4,대합실,지하,B2,대합실,1200,1800-576,M
2026-08-07 15:39,1780959,승강기)에스컬레이터-상일동 6번 출입구 외부 13호기,5호선,2554,상일동,553,20220709,상행,13,6,지하,B1,6번 출입구,지상,1,6번 출입구,,1811-739,M
2026-08-07 15:39,1310573,승강기)에스컬레이터-충정로(5) 내부 2호기,5호선,2532,충정로,531,20210527,상행,2,내부,지하,B4,대합실,지하,B2,대합실,1200,1800-577,M
2026-08-07 15:39,1780960,승강기)에스컬레이터-상일동 6번 출입구 외부 14호기,5호선,2554,상일동,553,20220709,하행,14,6,지상,1,6번 출입구,지하,B1,6번 출입구,,1811-740,M
2026-08-07 15:39,1310574,승강기)에스컬레이터-충정로(5) 내부 3호기,5호선,2532,충정로,531,20210527,하행,3,내부,지하,B2,대합실,지하,B4,대합실,1200,1800-578,M
2026-08-07 15:39,1780961,승강기)에스컬레이터-상일동 7번 출입구 외부 15호기,5호선,2554,상일동,553,20220709,상행,15,7,지하,B1,7번 출입구,지상,1,7번 출입구,,1811-723,M
2026-08-07 15:39,1310575,승강기)에스컬레이터-충정로(5) 내부 4호기,5호선,2532,충정로,531,20210527,하행,4,내부,지하,B2,대합실,지하,B4,대합실,1200,1800-579,M
2026-08-07 15:39,1780962,승강기)에스컬레이터-상일동 7번 출입구 외부 16호기,5호선,2554,상일동,553,20220709,하행,16,7,지상,1,7번 출입구,지하,B1,7번 출입구,,1811-724,M
2026-08-07 15:39,1310579,승강기)에스컬레이터-서대문 내부1,5호선,2533,서대문,532,20210527,하행,1,내부,지하,B1,아이센터 측(지하1층),지하,B3,아이센터 측(지하1층),1200,1800-347,M
2026-08-07 15:39,1780963,승강기)에스컬레이터-상일동 8번 출입구 외부 17호기,5호선,2554,상일동,553,20220709,상행,17,8,지하,B1,8번 출입구,지상,1,8번 출입구,,1811-725,M
2026-08-07 15:39,1310580,승강기)에스컬레이터-서대문 내부2,5호선,2533,서대문,532,20210527,상행,2,내부,지하,B3,아이센터 측(지하1층),지하,B1,아이센터 측(지하1층),1200,1800-348,M
2026-08-07 15:39,1780964,승강기)에스컬레이터-상일동 8번 출입구 외부 18호기,5호선,2554,상일동,553,20220709,하행,18,8,지상,1,8번 출입구,지하,B1,8번 출입구,,1811-726,M
2026-08-07 15:39,1310581,승강기)에스컬레이터-서대문 내부3,5호선,2533,서대문,532,20210527,상행,3,내부,지하,B3,아이센터 측(지하1층),지하,B1,아이센터 측(지하1층),1200,1800-349,M
2026-08-07 15:39,1310582,승강기)에스컬레이터-서대문 내부4,5호선,2533,서대문,532,20210527,하행,4,내부,지하,B1,아이센터 측(지하1층),지하,B3,아이센터 측(지하1층),1200,1800-350,M
2026-08-07 15:39,1310583,승강기)에스컬레이터-서대문 외부5,5호선,2533,서대문,532,20210527,상행,5,6,지하,BM1,6번 출입구,지상,1,6번 출입구,1200,1801-032,M
2026-08-07 15:39,1486111,승강기)에스컬레이터-강동 내부 7호기,5호선,2549,강동,548,20210527,하행,7,내부,지하,B3,둔촌동 방면1-1,지하,B4,둔촌동 방면1-1,1200형,1802-525,M
2026-08-07 15:39,1310584,승강기)에스컬레이터-서대문 외부6,5호선,2533,서대문,532,20210527,하행,6,6,지상,1,6번 출입구,지하,BM1,6번 출입구,1200,1801-033,M
2026-08-07 15:39,1486112,승강기)에스컬레이터-강동 내부 8호기,5호선,2549,강동,548,20210527,상행,8,내부,지하,B4,둔촌동 방면1-1,지하,B3,둔촌동 방면1-1,1200형,1802-526,M
2026-08-07 15:39,1310585,승강기)에스컬레이터-서대문 외부7,5호선,2533,서대문,532,20210527,하행,7,5,지상,1,5번 출입구,지하,B1,5번 출입구,1200,1800-484,M
2026-08-07 15:39,1486113,승강기)에스컬레이터-강동 4번 출입구 11호기,5호선,2549,강동,548,20210527,상행,11,4,지하,B1,4번 출입구,지상,1,4번 출입구,1200형,1805-633,M
2026-08-07 15:39,1310586,승강기)에스컬레이터-서대문 외부8,5호선,2533,서대문,532,20210527,상행,8,5,지하,B1,5번 출입구,지상,1,5번 출입구,1200,1800-485,M
2026-08-07 15:39,1486114,승강기)에스컬레이터-강동 4번 출입구 12호기,5호선,2549,강동,548,20210527,하행,12,4,지하,B1,4번 출입구,지상,1,4번 출입구,1200형,1805-634,M
2026-08-07 15:39,1310589,승강기)에스컬레이터-광화문 내부1,5호선,2534,광화문,533,20210527,상행,1,내부,지하,B3,"서대문 방면1-1, 종로3가 방면8-4",지하,B2,"서대문 방면1-1, 종로3가 방면8-4",1200,1800-311,M
2026-08-07 15:39,1310590,승강기)에스컬레이터-광화문 내부2,5호선,2534,광화문,533,20210527,하행,2,내부,지하,B2,"서대문 방면1-1, 종로3가 방면8-4",지하,B3,"서대문 방면1-1, 종로3가 방면8-4",1200,1800-312,M
2026-08-07 15:39,1310591,승강기)에스컬레이터-광화문 내부3,5호선,2534,광화문,533,20210527,상행,3,내부,지하,B2,대합실(광장 측),지하,B1,대합실(광장 측),1200,1800-313,M
2026-08-07 15:39,1310592,승강기)에스컬레이터-광화문 내부4,5호선,2534,광화문,533,20210527,하행,4,내부,지하,B1,대합실(광장 측),지하,B2,대합실(광장 측),1200,1800-314,M
2026-08-07 15:39,1310598,승강기)에스컬레이터-종로3가(5) 내부 1호기,5호선,2535,종로3가,534,20210527,상행,1,내부,지하,B5,"광화문 방면1-1, 을지로4가 방면8-4",지하,B3,"광화문 방면1-1, 을지로4가 방면8-4",1200,1800-008,M
2026-08-07 15:39,1781114,승강기)에스컬레이터-마곡 3번 출입구 외부 7호기,5호선,2515,마곡,514,20220730,상행,7,3,지하,B1,3번 출입구,지상,1,3번 출입구,1200형,1814-757,M
2026-08-07 15:39,1310599,승강기)에스컬레이터-종로3가(5) 내부 2호기,5호선,2535,종로3가,534,20210527,하행,2,내부,지하,B3,"광화문 방면1-1, 을지로4가 방면8-4",지하,B5,"광화문 방면1-1, 을지로4가 방면8-4",1200,1800-009,M
2026-08-07 15:39,1781115,승강기)에스컬레이터-마곡 3번 출입구 외부 8호기,5호선,2515,마곡,514,20220730,하행,8,3,지상,1,3번 출입구,지하,B1,3번 출입구,1200형,1814-758,M
2026-08-07 15:39,1310600,승강기)에스컬레이터-종로3가(5) 내부 3호기,5호선,2535,종로3가,534,20210527,상행,3,내부,지하,B3,"대합실(4,5번 출입구 사이)",지하,B1,"대합실(4,5번 출입구 사이)",1200,1800-010,M
2026-08-07 15:39,1781116,승강기)에스컬레이터-마곡 4번 출입구 외부 9호기,5호선,2515,마곡,514,20220730,상행,9,4,지하,B1,4번 출입구,지상,1,4번 출입구,1200형,1814-759,S
2026-08-07 15:39,1310601,승강기)에스컬레이터-종로3가(5) 내부 4호기,5호선,2535,종로3가,534,20210527,하행,4,내부,지하,B1,"대합실(4,5번 출입구 사이)",지하,B3,"대합실(4,5번 출입구 사이)",1200,1800-011,M
2026-08-07 15:39,1781117,승강기)에스컬레이터-마곡 4번 출입구 외부 10호기,5호선,2515,마곡,514,20220730,하행,10,4,지상,1,4번 출입구,지하,B1,4번 출입구,1200형,1814-760,M
2026-08-07 15:39,1310602,승강기)에스컬레이터-종로3가(5) 내부 5호기,5호선,2535,종로3가,534,20210527,하행,5,내부,지하,B3,환승통로(광화문 방면8-4 을지로4가 방면1-1),지하,B4,환승통로(광화문 방면8-4 을지로4가 방면1-1),1200,1800-012,M
2026-08-07 15:39,1781118,승강기)에스컬레이터-마곡 5번 출입구 외부 11호기,5호선,2515,마곡,514,20220730,상행,11,5,지하,B1,5번 출입구,지상,1,5번 출입구,1200형,1814-761,M
2026-08-07 15:39,1310603,승강기)에스컬레이터-종로3가(5) 내부 6호기,5호선,2535,종로3가,534,20210527,하행,6,내부,지하,B3,환승통로(광화문 방면8-4 을지로4가 방면1-1),지하,B4,환승통로(광화문 방면8-4 을지로4가 방면1-1),1200,1800-013,M
2026-08-07 15:39,1781119,승강기)에스컬레이터-마곡 5번 출입구 외부 12호기,5호선,2515,마곡,514,20220730,하행,12,5,지상,1,5번 출입구,지하,B1,5번 출입구,1200형,1814-762,M
2026-08-07 15:39,1310604,승강기)에스컬레이터-종로3가(5) 내부 7호기,5호선,2535,종로3가,534,20210527,상행,7,내부,지하,B4,환승통로(광화문 방면8-4 을지로4가 방면1-1),지하,B3,환승통로(광화문 방면8-4 을지로4가 방면1-1),1200,1800-014,M
2026-08-07 15:39,1781120,승강기)에스컬레이터-신길 내부 8호기,5호선,2526,신길,525,20220730,상행,8,내부,지하,B4,영등포시장 방면7-3,지하,B3,영등포시장 방면7-3,1200형,1804-428,M
2026-08-07 15:39,1310605,승강기)에스컬레이터-종로3가(5) 내부 8호기,5호선,2535,종로3가,534,20210527,상행,8,내부,지하,B4,환승통로(광화문 방면8-4 을지로4가 방면1-1),지하,B3,환승통로(광화문 방면8-4 을지로4가 방면1-1),1200,1800-017,M
2026-08-07 15:39,1781121,승강기)에스컬레이터-신길 내부 9호기,5호선,2526,신길,525,20220730,상행,9,내부,지하,B4,여의도 방면2-2,지하,B3,여의도 방면2-2,1200형,1804-429,M
2026-08-07 15:39,1310606,승강기)에스컬레이터-종로3가(5) 내부 9호기,5호선,2535,종로3가,534,20210527,하행,9,4,지상,1,4번 출입구,지하,B1,4번 출입구,800,1800-015,M
2026-08-07 15:39,1310607,승강기)에스컬레이터-종로3가(5) 내부 10호기,5호선,2535,종로3가,534,20210527,상행,10,4,지하,B1,4번 출입구,지상,1,4번 출입구,800,1800-016,M
2026-08-07 15:39,1310610,승강기)에스컬레이터-을지로4가 내부1,5호선,2536,을지로4가,535,20210527,하행,1,내부,지하,B2,대합실(아이센터 측),지하,B4,대합실(아이센터 측),1200,1800-744,M
2026-08-07 15:39,1310611,승강기)에스컬레이터-을지로4가 내부2,5호선,2536,을지로4가,535,20210527,상행,2,내부,지하,B4,대합실(아이센터 측),지하,B2,대합실(아이센터 측),1200,1800-743,M
2026-08-07 15:39,1310612,승강기)에스컬레이터-을지로4가 내부3,5호선,2536,을지로4가,535,20210527,하행,3,내부,지하,B2,환승통로(동역사 방면1-4 종로3가 방면8-1),지하,B4,환승통로(동역사 방면1-4 종로3가 방면8-1),1200,1800-746,M
2026-08-07 15:39,1781288,승강기)에스컬레이터-강일역 2번 출입구 11호기,5호선,2562,강일,554,20220814,상행,11,2,지하,B1,2번 출입구,지상,1,2번 출입구,,1811-829,M
2026-08-07 15:39,1310613,승강기)에스컬레이터-을지로4가 내부4,5호선,2536,을지로4가,535,20210527,상행,4,내부,지하,B4,환승통로(동역사 방면1-4 종로3가 방면8-1),지하,B2,환승통로(동역사 방면1-4 종로3가 방면8-1),1200,1800-745,M
2026-08-07 15:39,1781289,승강기)에스컬레이터-강일역 2번 출입구 12호기,5호선,2562,강일,554,20220814,하행,12,2,지상,1,2번 출입구,지하,B1,2번 출입구,,1811-830,M
2026-08-07 15:39,1310614,승강기)에스컬레이터-을지로4가 내부5,5호선,2536,을지로4가,535,20210527,하행,5,내부,지하,B3,환승통로(동역사 방면1-1 종로3가 방면8-4),지하,B5,환승통로(동역사 방면1-1 종로3가 방면8-4),1200,1800-747,M
2026-08-07 15:39,1310615,승강기)에스컬레이터-을지로4가 내부6,5호선,2536,을지로4가,535,20210527,상행,6,내부,지하,B5,환승통로(동역사 방면1-1 종로3가 방면8-4),지하,B3,환승통로(동역사 방면1-1 종로3가 방면8-4),1200,1800-748,M
2026-08-07 15:39,1310616,승강기)에스컬레이터-을지로4가 내부7,5호선,2536,을지로4가,535,20210527,하행,7,내부,지하,B1,대합실(아이센터 측),지하,B2,대합실(아이센터 측),1200,1800-466,M
2026-08-07 15:39,1310617,승강기)에스컬레이터-을지로4가 내부8,5호선,2536,을지로4가,535,20210527,상행,8,내부,지하,B2,대합실(아이센터 측),지하,B1,대합실(아이센터 측),1200,1800-467,M
2026-08-07 15:39,1310618,승강기)에스컬레이터-을지로4가 내부9,5호선,2536,을지로4가,535,20210527,상행,9,내부,지하,B3,환승통로(2호선 동대문역사문화공원 방면),지하,B2,환승통로(2호선 동대문역사문화공원 방면),1200,1800-468,M
2026-08-07 15:39,1500601,승강기)에스컬레이터-둔촌동 내부1,5호선,2555,둔촌동,P549,20210527,상행,1,내부,지하,B1,1번 출입구,지하,BM1,1번 출입구,1200,1801-842,M
2026-08-07 15:39,1310619,승강기)에스컬레이터-을지로4가 외부10,5호선,2536,을지로4가,535,20210527,상행,10,4,지하,B1,4번 출입구,지상,1,4번 출입구,800,1809-477,M
2026-08-07 15:39,1500603,승강기)에스컬레이터-둔촌동 내부2,5호선,2555,둔촌동,P549,20210527,하행,2,2,지하,BM1,2번 출입구,지하,B1,2번 출입구,1200,1801-843,D
2026-08-07 15:39,1310620,승강기)에스컬레이터-을지로4가 외부11,5호선,2536,을지로4가,535,20210527,하행,11,4,지상,1,4번 출입구,지하,B1,4번 출입구,800,1809-478,M
2026-08-07 15:39,1500605,승강기)에스컬레이터-둔촌동 내부3,5호선,2555,둔촌동,P549,20210527,상행,3,내부,지하,B1,3번 출입구,지하,BM1,3번 출입구,1200,1801-844,M
2026-08-07 15:39,1310640,승강기)에스컬레이터-행당 내부1,5호선,2540,행당,539,20210527,상행,1,내부,지하,B3,대합실,지하,B1,대합실,1200,1808-971,M
2026-08-07 15:39,1500607,승강기)에스컬레이터-둔촌동 내부4,5호선,2555,둔촌동,P549,20210527,상행,4,내부,지하,BM1,4번 출입구,지하,B1,4번 출입구,1200,1801-845,M
2026-08-07 15:39,1310641,승강기)에스컬레이터-행당 내부2,5호선,2540,행당,539,20210527,하행,2,내부,지하,B1,대합실,지하,B3,대합실,1200,1808-972,M
2026-08-07 15:39,1500609,승강기)에스컬레이터-오금(5) 3번 출입구 1호기,5호선,2558,오금,P552,20210527,하행,1,내부,지하,BM1,"3,4번 출입구",지하,B1,"3,4번 출입구",1200형,1801-959,M
2026-08-07 15:39,1310642,승강기)에스컬레이터-행당 외부3,5호선,2540,행당,539,20210527,상행,3,1,지하,B1,1번 출입구,지상,1,1번 출입구,800,1809-471,M
2026-08-07 15:39,1500611,승강기)에스컬레이터-오금(5) 3번 출입구 2호기,5호선,2558,오금,P552,20210527,상행,2,내부,지하,B1,"3,4번 출입구",지하,BM1,"3,4번 출입구",1200형,1801-960,M
2026-08-07 15:39,1310643,승강기)에스컬레이터-행당 외부4,5호선,2540,행당,539,20210527,하행,4,1,지상,1,1번 출입구,지하,B1,1번 출입구,800,1809-472,M
2026-08-07 15:39,1500613,승강기)에스컬레이터-오금(5) 5번 출입구 3호기,5호선,2558,오금,P552,20210527,상행,3,내부,지하,B1,5번 출입구,지하,BM1,5번 출입구,1200형,1801-961,M
2026-08-07 15:39,1310644,승강기)에스컬레이터-행당 내부5,5호선,2540,행당,539,20210527,상행,5,내부,지하,BM4,대합실,지하,B3,대합실,1200,1808-973,M
2026-08-07 15:39,1500615,승강기)에스컬레이터-동대문역사문화공원(5) 내부1,5호선,2537,동대문역사문화공원,536,20210527,상행,1,내부,지하,B4,"대합실(6,7번 출입구 사이)",지하,B2,"대합실(6,7번 출입구 사이)",1200,1808-962,M
2026-08-07 15:39,1310645,승강기)에스컬레이터-행당 내부6,5호선,2540,행당,539,20210527,하행,6,내부,지하,B3,대합실,지하,BM4,대합실,1200,1808-974,M
2026-08-07 15:39,1500617,승강기)에스컬레이터-동대문역사문화공원(5) 내부2,5호선,2537,동대문역사문화공원,536,20210527,하행,2,내부,지하,B2,"대합실(6,7번 출입구 사이)",지하,B4,"대합실(6,7번 출입구 사이)",1200,1808-963,S
2026-08-07 15:39,1310646,승강기)에스컬레이터-행당 외부7,5호선,2540,행당,539,20210527,상행,7,4,지하,B1,4번 출입구,지상,1,4번 출입구,800,1809-473,M
2026-08-07 15:39,1500619,승강기)에스컬레이터-동대문역사문화공원(5) 내부3,5호선,2537,동대문역사문화공원,536,20210527,하행,3,내부,지하,B2,"환승통로(2,4호선 방면)",지하,B4,"환승통로(2,4호선 방면)",1200,1808-964,M
2026-08-07 15:39,1310647,승강기)에스컬레이터-행당 외부8,5호선,2540,행당,539,20210527,하행,8,4,지상,1,4번 출입구,지하,B1,4번 출입구,800,1809-474,M
2026-08-07 15:39,1500621,승강기)에스컬레이터-동대문역사문화공원(5) 내부4,5호선,2537,동대문역사문화공원,536,20210527,상행,4,내부,지하,B4,"환승통로(2,4호선 방면)",지하,B2,"환승통로(2,4호선 방면)",1200,1808-965,M
2026-08-07 15:39,1310661,승강기)에스컬레이터-마장 외부1,5호선,2542,마장,541,20210527,상행,1,4,지하,BM1,4번 출입구,지상,1,4번 출입구,800,1800-689,M
2026-08-07 15:39,1500623,승강기)에스컬레이터-동대문역사문화공원(5) 내부5,5호선,2537,동대문역사문화공원,536,20210527,상행,5,내부,지하,B4,"환승통로(2,4호선 방면)",지하,B2,"환승통로(2,4호선 방면)",1200,1808-966,M
2026-08-07 15:39,1310662,승강기)에스컬레이터-마장 외부2,5호선,2542,마장,541,20210527,하행,2,4,지상,1,4번 출입구,지하,BM1,4번 출입구,800,1800-690,M
2026-08-07 15:39,1310663,승강기)에스컬레이터-마장 내부3,5호선,2542,마장,541,20210527,상행,3,내부,지하,BM2,대합실,지하,B1,대합실,1200,1800-877,M
2026-08-07 15:39,1310664,승강기)에스컬레이터-마장 내부4,5호선,2542,마장,541,20210527,하행,4,내부,지하,B1,대합실,지하,BM2,대합실,1200,1800-878,M
2026-08-07 15:39,1310671,승강기)에스컬레이터-답십리 외부1,5호선,2543,답십리,542,20210527,상행,1,1,지하,B1,1번 출입구,지상,1,1번 출입구,1200,1800-469,M
2026-08-07 15:39,1310672,승강기)에스컬레이터-답십리 외부2,5호선,2543,답십리,542,20210527,하행,2,1,지상,1,1번 출입구,지하,B1,1번 출입구,1200,1800-476,M
2026-08-07 15:39,1548107,승강기)에스컬레이터-오목교 내부8,5호선,2522,오목교,521,20210527,하행,8,내부,지하,B2,목동 방면6-3,지하,B3,목동 방면6-3,1200,1809-957,M
2026-08-07 15:39,1785788,승강기)에스컬레이터-방화 내부 E/S 1200형 1호기,5호선,2511,방화,510,20230110,상행,1,내부,지하,B1,"1,2번 출입구 사이(중간계단)",지하,BM1,"1,2번 출입구 사이(중간계단)",1200형,1814-795,M
2026-08-07 15:39,1310673,승강기)에스컬레이터-답십리 외부3,5호선,2543,답십리,542,20210527,하행,3,5,지상,1,5번 출입구,지하,BM1,5번 출입구,1200,1809-476,M
2026-08-07 15:39,1548109,승강기)에스컬레이터-오목교 내부9,5호선,2522,오목교,521,20210527,상행,9,내부,지하,B3,양평 방면3-2,지하,B2,양평 방면3-2,1200,1809-958,M
2026-08-07 15:39,1785790,승강기)에스컬레이터-방화 내부 E/S 1200형 2호기,5호선,2511,방화,510,20230110,하행,2,내부,지하,BM1,"1,2번 출입구 사이(중간계단)",지하,B1,"1,2번 출입구 사이(중간계단)",1200형,1814-796,M
2026-08-07 15:39,1310674,승강기)에스컬레이터-답십리 외부4,5호선,2543,답십리,542,20210527,상행,4,5,지하,BM1,5번 출입구,지상,1,5번 출입구,1200,1809-475,M
2026-08-07 15:39,1548111,승강기)에스컬레이터-오목교 내부10,5호선,2522,오목교,521,20210527,하행,10,내부,지하,B2,양평 방면3-2,지하,B3,양평 방면3-2,1200,1809-959,M
2026-08-07 15:39,1785792,승강기)에스컬레이터-방화 1번출입구 E/S 1200형 3호기,5호선,2511,방화,510,20230110,상행,3,1,지하,BM1,1번 출입구,지상,1,1번 출입구,1200형,1814-793,M
2026-08-07 15:39,1310679,승강기)에스컬레이터-장한평 내부1,5호선,2544,장한평,543,20210527,하행,1,내부,지하,B1,대합실,지하,B2,대합실,1200,1803-265,M
2026-08-07 15:39,1785794,승강기)에스컬레이터-방화 1번출입구 E/S 1200형 4호기,5호선,2511,방화,510,20230110,하행,4,1,지상,1,1번 출입구,지하,BM1,1번 출입구,1200형,1814-794,M
2026-08-07 15:39,1310680,승강기)에스컬레이터-장한평 내부2,5호선,2544,장한평,543,20210527,상행,2,내부,지하,B2,대합실,지하,B1,대합실,1200,1803-266,M
2026-08-07 15:39,1785796,승강기)에스컬레이터-방화 2번출입구 E/S 1200형 5호기,5호선,2511,방화,510,20230110,상행,5,2,지하,BM1,2번 출입구,지상,1,2번 출입구,1200형,1814-791,M
2026-08-07 15:39,1310681,승강기)에스컬레이터-장한평 외부3,5호선,2544,장한평,543,20210527,하행,3,3,지상,1,3번 출입구,지하,BM1,3번 출입구,1200,1809-107,M
2026-08-07 15:39,1785798,승강기)에스컬레이터-방화 2번출입구 E/S 1200형 6호기,5호선,2511,방화,510,20230110,하행,6,2,지상,1,2번 출입구,지하,BM1,2번 출입구,1200형,1814-792,M
2026-08-07 15:39,1310682,승강기)에스컬레이터-장한평 외부4,5호선,2544,장한평,543,20210527,상행,4,3,지하,BM1,3번 출입구,지상,1,3번 출입구,1200,1809-106,M
2026-08-07 15:39,1310687,승강기)에스컬레이터-군자 외부1,5호선,2545,군자,544,20210527,상행,1,5,지하,B1,5번 출입구,지상,1,5번 출입구,800,1802-499,M
2026-08-07 15:39,1310688,승강기)에스컬레이터-군자 외부2,5호선,2545,군자,544,20210527,하행,2,5,지상,1,5번 출입구,지하,B1,5번 출입구,800,1802-500,S
2026-08-07 15:39,1548376,승강기)에스컬레이터-천호(5) 외부15,5호선,2548,천호,547,20210527,상행,15,6,지하,B1,6번 출입구,지상,1,6번 출입구,800,1810-789,M
2026-08-07 15:39,1786693,승강기)에스컬레이터-군자역 8번출입구 E/S 1200형 7호기,5호선,2545,군자,544,20230120,상행,7,8,지하,B1,8번 출입구,지상,1,8번 출입구,1200형,1811-831,M
2026-08-07 15:39,1310689,승강기)에스컬레이터-군자 외부3,5호선,2545,군자,544,20210527,상행,3,4,지하,B1,4번 출입구,지상,1,4번 출입구,1200,1808-589,M
2026-08-07 15:39,1548378,승강기)에스컬레이터-천호(5) 외부16,5호선,2548,천호,547,20210527,하행,16,6,지상,1,6번 출입구,지하,B1,6번 출입구,800,1810-790,M
2026-08-07 15:39,1786695,승강기)에스컬레이터-군자역 8번출입구 E/S 1200형 8호기,5호선,2545,군자,544,20230120,하행,8,8,지상,1,8번 출입구,지하,B1,8번 출입구,1200형,1811-832,M
2026-08-07 15:39,1310690,승강기)에스컬레이터-군자 외부4,5호선,2545,군자,544,20210527,하행,4,4,지상,1,4번 출입구,지하,B1,4번 출입구,1200,1808-590,M
2026-08-07 15:39,1310694,승강기)에스컬레이터-아차산 외부1,5호선,2546,아차산,545,20210527,상행,1,1,지하,B1,1번 출입구,지상,1,1번 출입구,800,1803-348,M
2026-08-07 15:39,1310695,승강기)에스컬레이터-아차산 외부2,5호선,2546,아차산,545,20210527,하행,2,1,지상,1,1번 출입구,지하,B1,1번 출입구,800,1803-349,M
2026-08-07 15:39,1310696,승강기)에스컬레이터-아차산 내부3,5호선,2546,아차산,545,20210527,상행,3,내부,지하,B2,대합실,지하,B1,대합실,1200,1809-087,M
2026-08-07 15:39,1548572,승강기)에스컬레이터-신정 내부7,5호선,2520,신정,519,20210527,상행,7,1,지하,B2,1번 출입구,지하,B1,1번 출입구,800,1808-069,M
2026-08-07 15:39,1310697,승강기)에스컬레이터-아차산 내부4,5호선,2546,아차산,545,20210527,하행,4,내부,지하,B1,대합실,지하,B2,대합실,1200,1809-088,M
2026-08-07 15:39,1548574,승강기)에스컬레이터-신정 내부8,5호선,2520,신정,519,20210527,하행,8,1,지하,B1,1번 출입구,지하,B2,1번 출입구,800,1808-070,M
2026-08-07 15:39,1310698,승강기)에스컬레이터-아차산 외부5,5호선,2546,아차산,545,20210527,상행,5,3,지하,B1,3번 출입구,지상,1,3번 출입구,1200,1809-085,M
2026-08-08 10:10,1127063,승강기)에스컬레이터-제기동 2번출구 하행1,1호선,0157,제기동,125,20210527,하행,1,2,지상,1,2번 출입구,지하,B1,2번 출입구,800,1809-138,S
2026-08-08 10:10,1041613,승강기)에스컬레이터-동묘앞(1) 시청방향(2-4) 6호기,1호선,0159,동묘앞,127,20210527,상행,6,내부,지하,B2,동대문 방면2-4,지하,B1,동대문 방면2-4,1200,1800-062,M
2026-08-08 10:10,1133896,승강기)에스컬레이터-시청(1) 5번출구 1호기,1호선,0151,시청,132,20210527,하행,1,5,지상,1,5번 출입구,지하,B1,5번 출입구,1200,1808-119,S
2026-08-08 10:10,1547942,승강기)에스컬레이터-서울(1)역 4번출구 5호기,1호선,0150,서울역,133,20210527,상행,5,4,지상,1,4번 출입구,지하,B1,4번 출입구,1200,1810-817,S
2026-08-08 10:10,1041668,승강기)에스컬레이터-성수 3번출구 5호기,2호선,0211,성수,211,20210527,하행,5,3,지상,2,3번 출입구,지상,1,3번 출입구,1200,1809-490,M
2026-08-08 10:10,1041672,승강기)에스컬레이터-건대입구 6번출구 하행1,2호선,0212,건대입구,212,20210527,하행,1,6,지상,2,6번 출입구,지상,1,6번 출입구,800,1801-062,M
2026-08-08 10:10,1834782,승강기)에스컬레이터-구의 3번 출입구 상행7,2호선,0213,구의,213,20260805,상행,7,3번 출입구,지하,B1,3번 출입구,지상,1,3번 출입구,1200,1817-705,S
2026-08-08 10:10,1041673,승강기)에스컬레이터-건대입구 6번출구 상행2,2호선,0212,건대입구,212,20210527,상행,2,6,지상,1,6번 출입구,지상,2,6번 출입구,800,1801-063,M
2026-08-08 10:10,1497812,승강기)에스컬레이터-대림 8번출구 상행4,2호선,0233,대림,233,20210527,상행,4,8,지상,1,8번 출입구,지상,2,8번 출입구,1200,1803-791,M
2026-08-08 10:10,1203541,승강기)에스컬레이터-을지로입구 1번출구 상행4,2호선,0202,을지로입구,202,20210527,상행,4,1,지하,B1,1번 출입구,지상,1,1번 출입구,1200,1800-931,M
2026-08-08 10:10,1204928,승강기)에스컬레이터-일원 1번출구 1호기,3호선,0338,일원,348,20210527,하행,1,1,지상,1,1번 출입구,지하,B1,1번 출입구,1200,1811-327,S
2026-08-08 10:10,1041482,승강기)에스컬레이터-경복궁 내부 1호기,3호선,0317,경복궁,327,20210527,하행,1,내부,지하,B2,"안국 방면9-1, 독립문 방면2-4",지하,B3,"안국 방면9-1, 독립문 방면2-4",1200,1800-315,M
2026-08-08 10:10,1041550,승강기)에스컬레이터-연신내(3) 4번출구 하행3,3호선,0311,연신내,321,20210527,하행,3,4,지상,1,4번 출입구,지하,B1,4번 출입구,800,1800-465,S
2026-08-08 10:10,1041551,승강기)에스컬레이터-연신내(3) 4번출구 상행4,3호선,0311,연신내,321,20210527,상행,4,4,지하,B1,4번 출입구,지상,1,4번 출입구,800,1801-575,M
2026-08-08 10:10,1145309,승강기)에스컬레이터-도곡 내부 5호기,3호선,0334,도곡,344,20210527,하행,5,내부,지하,B2,대치 방면4-1,지하,B4,대치 방면4-1,1200,1807-915,S
2026-08-08 10:10,1145311,승강기)에스컬레이터-도곡 내부 7호기,3호선,0334,도곡,344,20210527,하행,7,내부,지하,B2,대치 방면7-4,지하,B4,대치 방면7-4,1200,1807-848,S
2026-08-08 10:10,1145315,승강기)에스컬레이터-대치 내부 3호기,3호선,0335,대치,345,20210527,하행,3,내부,지하,B2,"도곡 방면10-4, 학여울 방면1-1",지하,B3,"도곡 방면10-4, 학여울 방면1-1",1200,1807-855,M
2026-08-08 10:10,1041733,승강기)에스컬레이터-을지로3가(3) 내부 2호기,3호선,0320,을지로3가,330,20210527,하행,2,내부,지하,B3,"충무로 방면4-3, 종로3가 방면7-2",지하,B2,"충무로 방면4-3, 종로3가 방면7-2",1200,1801-129,S
2026-08-08 10:10,1153435,승강기)에스컬레이터-매봉 4번출구 하행1,3호선,0333,매봉,343,20210527,하행,1,4,지상,1,4번 출입구,지하,B1,4번 출입구,800,1807-907,M
2026-08-08 10:10,1567027,승강기)에스컬레이터-압구정 3번출구 상행4,3호선,0326,압구정,336,20210527,하행,4,3,지상,1,3번 출입구,지하,B1,3번 출입구,1200,1811-390,M
2026-08-08 10:10,1126371,승강기)에스컬레이터-가락시장(3) 내부 3호기,3호선,0340,가락시장,350,20210527,상행,3,내부,지하,B2,수서 방면6-3,지하,B4,수서 방면6-3,1200,1809-397,M
2026-08-08 10:10,1126385,승강기)에스컬레이터-가락시장(3) 내부 17호기,3호선,0340,가락시장,350,20210527,하행,17,내부,지하,B1,대합실(2번출입구 방면),지하,B2,대합실(2번출입구 방면),1200,1808-611,M
2026-08-08 10:10,1126390,승강기)에스컬레이터-가락시장(3) 8번 출구 22호기,3호선,0340,가락시장,350,20210527,상행,22,8,지하,B2,8번 출입구,지상,1,8번 출입구,1200,1808-615,M
2026-08-08 10:10,1041577,승강기)에스컬레이터-삼각지 5번출구 상행4,4호선,0428,삼각지,428,20210527,상행,4,5,지하,B1,5번 출입구,지상,1,5번 출입구,800,1801-581,M
2026-08-08 10:10,1041648,승강기)에스컬레이터-동역사(4) 하행(5-2) 3호기,4호선,0422,동대문역사문화공원,422,20210527,하행,3,내부,지하,B2,"동대문 방면6-3,충무로 방면5-2",지하,B3,"동대문 방면6-3,충무로 방면5-2",1200,1800-474,M
2026-08-08 10:10,1041650,승강기)에스컬레이터-동역사(4) 하행(2-4) 5호기,4호선,0422,동대문역사문화공원,422,20210527,하행,5,내부,지하,B2,"충무로 방면2-4,동대문 방면9-1",지하,B3,"충무로 방면2-4,동대문 방면9-1",1200,1808-987,S
2026-08-08 10:10,1779313,승강기)에스컬레이터-성신여대역 4번출구 에스컬레이터 4호기,4호선,0418,성신여대입구,418,20220511,하행,4,4,지상,1,4번 출입구,지하,B1,4번 출입구,,1810-583,M
2026-08-08 10:10,1041681,승강기)에스컬레이터-혜화 1번출구 상행2,4호선,0420,혜화,420,20210527,상행,2,1,지하,B1,1번 출입구,지상,1,1번 출입구,1200,1800-165,M
2026-08-08 10:10,1041685,승강기)에스컬레이터-사당(4) 4번출구 3호기,4호선,0433,사당,433,20210527,상행,3,4,지하,B1,4번 출입구,지상,1,4번 출입구,1200,1808-281,S
2026-08-08 10:10,1781717,승강기)에스컬레이터-쌍문 3번출구 하행5,4호선,0413,쌍문,413,20221004,하행,5,3,지상,1,3번 출입구,지하,B1,3번 출입구,1200형,1813-707,M
2026-08-08 10:10,1784883,승강기)에스컬레이터-상계역 내부 에스컬레이터 4호기,4호선,0410,상계,410,20221221,하행,4,내부,지상,3,노원 방면2-1,지상,2,노원 방면2-1,800형,1810-595,M
2026-08-08 10:10,1790212,승강기)에스컬레이터-충무로(4) 5번 출입구 24호기,4호선,0423,충무로,423,20230327,하행,24,5,지하,B1,(1F) 5번 출입구 근처,지상,1,(1F) 5번 출입구 근처,1200형,1810-867,M
2026-08-08 10:10,1123228,승강기)에스컬레이터-길음 2번출구 상행1,4호선,0417,길음,417,20210527,상행,1,2,지하,B1,2번 출입구,지상,1,2번 출입구,1200,1806-831,M
2026-08-08 10:10,1156474,승강기)에스컬레이터-성신여대입구 1번출구 하행1,4호선,0418,성신여대입구,418,20210527,하행,1,1,지상,1,1번 출입구,지하,B1,1번 출입구,1200,1803-353,M
2026-08-08 10:10,1310426,승강기)에스컬레이터-까치산 외부12,5호선,2519,까치산,518,20210527,상행,12,3,지하,B1,3번 출입구,지상,1,3번 출입구,800,1804-467,S
2026-08-08 10:10,1310507,승강기)에스컬레이터-신길 내부 3호기,5호선,2526,신길,525,20210527,하행,3,내부,지하,B1,환승통로(1호선 방면),지하,B3,환승통로(1호선 방면),1200,1804-423,M
2026-08-08 10:10,1774145,승강기)에스컬레이터-강일역 1번 출입구 10호기,5호선,2562,강일,554,20211025,하행,10,1,지상,1,1번 출입구,지하,B2,1번 출입구,1200형,1811-750,M
2026-08-08 10:10,1310558,승강기)에스컬레이터-공덕 내부11,5호선,2530,공덕,529,20210527,상행,11,내부,지하,B1,대합실,지하,BM1,대합실,1200,1808-911,S
2026-08-08 10:10,1781116,승강기)에스컬레이터-마곡 4번 출입구 외부 9호기,5호선,2515,마곡,514,20220730,상행,9,4,지하,B1,4번 출입구,지상,1,4번 출입구,1200형,1814-759,M
2026-08-08 10:10,1500617,승강기)에스컬레이터-동대문역사문화공원(5) 내부2,5호선,2537,동대문역사문화공원,536,20210527,하행,2,내부,지하,B2,"대합실(6,7번 출입구 사이)",지하,B4,"대합실(6,7번 출입구 사이)",1200,1808-963,M
2026-08-08 10:10,1785792,승강기)에스컬레이터-방화 1번출입구 E/S 1200형 3호기,5호선,2511,방화,510,20230110,상행,3,1,지하,BM1,1번 출입구,지상,1,1번 출입구,1200형,1814-793,S
2026-08-08 10:10,1310679,승강기)에스컬레이터-장한평 내부1,5호선,2544,장한평,543,20210527,하행,1,내부,지하,B1,대합실,지하,B2,대합실,1200,1803-265,S
2026-08-08 10:10,1310688,승강기)에스컬레이터-군자 외부2,5호선,2545,군자,544,20210527,하행,2,5,지상,1,5번 출입구,지하,B1,5번 출입구,800,1802-500,M
2026-08-08 10:10,1548572,승강기)에스컬레이터-신정 내부7,5호선,2520,신정,519,20210527,상행,7,1,지하,B2,1번 출입구,지하,B1,1번 출입구,800,1808-069,S
2026-08-09 10:15,1141455,승강기)에스컬레이터-시청(1) 5번출구 2호기,1호선,0151,시청,132,20210527,상행,2,5,지하,B1,5번 출입구,지상,1,5번 출입구,1200,1808-120,S
2026-08-09 10:15,1823976,승강기)에스컬레이터-신림 5번 출구측 6호기,2호선,0230,신림,230,20250310,상행,6,5,지하,B1,5번 출입구,지상,1,5번 출입구,1200,1816-377,S
2026-08-09 10:15,1127094,승강기)에스컬레이터-신촌 7번출구 하행1,2호선,0240,신촌,240,20210527,하행,1,7,지상,1,7번 출입구,지하,B1,7번 출입구,1200,1808-986,S
2026-08-09 10:15,1132957,승강기)에스컬레이터-한양대 2번출구 상행 2,2호선,0209,한양대,209,20210527,상행,2,1,지상,2,1번 출입구,지상,1,1번 출입구,1200,1800-555,S
2026-08-09 10:15,1143614,승강기)에스컬레이터-시청(2) 내부화장실 근접 5호기,2호선,0201,시청,201,20210527,하행,5,내부,지하,B1,환승통로(1호선 방면 내부화장실 근접),지하,B2,환승통로(1호선 방면 내부화장실 근접),1200,1808-576,S
2026-08-09 10:15,1477423,승강기)에스컬레이터-아현 1번출구 1호기,2호선,0242,아현,242,20210527,하행,1,1,지상,1,1번 출입구,지하,B1,1번 출입구,1200,1810-493,S
2026-08-09 10:15,1145414,승강기)에스컬레이터-서초 3번출구 하행 3,2호선,0224,서초,224,20210527,하행,3,3,지상,1,3번 출입구,지하,B1,3번 출입구,1200,1806-990,S
2026-08-09 10:15,1061496,승강기)에스컬레이터-사당(2) 외선(3-3) 2호기,2호선,0226,사당,226,20210527,상행,2,내부,지하,B2,방배 방면3-3,지하,B1,방배 방면3-3,1200,1804-274,S
2026-08-09 10:15,1204929,승강기)에스컬레이터-일원 1번출구 2호기,3호선,0338,일원,348,20210527,상행,2,1,지하,B1,1번 출입구,지상,1,1번 출입구,1200,1811-328,S
2026-08-09 10:15,1126656,승강기)에스컬레이터-오금(3) 내부 1호기,3호선,0342,오금,352,20210527,상행,1,내부,지하,B2,경찰병원 방면2-2,지하,B3,경찰병원 방면2-2,1200,1809-360,S
2026-08-09 10:15,1041548,승강기)에스컬레이터-연신내(3) 2번출구 하행1,3호선,0311,연신내,321,20210527,하행,1,2,지상,1,2번 출입구,지하,B1,2번 출입구,800,1800-463,S
2026-08-09 10:15,1041638,승강기)에스컬레이터-종로3가(3) 3호선연결통로 1호기,3호선,0319,종로3가,329,20210527,하행,1,내부,지하,B2,환승통로(을지로3가 방면1-1 안국 방면10-4),지하,B4,환승통로(을지로3가 방면1-1 안국 방면10-4),1200,1800-338,S
2026-08-09 10:15,1041640,승강기)에스컬레이터-교대(3) 하행(8-3) 1호기,3호선,0330,교대,340,20210527,하행,1,내부,지하,B2,"고속터미널 방면3-2, 남부터미널 방면8-3",지하,B3,"고속터미널 방면3-2, 남부터미널 방면8-3",1200,1809-330,S
2026-08-09 10:15,1041641,승강기)에스컬레이터-교대(3) 상행(3-2) 2호기,3호선,0330,교대,340,20210527,상행,2,내부,지하,B3,"고속터미널 방면3-2, 남부터미널 방면8-3",지하,B2,"고속터미널 방면3-2, 남부터미널 방면8-3",1200,1809-331,S
2026-08-09 10:15,1135784,승강기)에스컬레이터-대치 4번출구 5호기,3호선,0335,대치,345,20210527,상행,6,4,지하,B1,4번 출입구,지상,1,4번 출입구,800,1810-044,S
2026-08-09 10:15,1779306,승강기)에스컬레이터-압구정 6번출구 하행9,3호선,0326,압구정,336,20220511,하행,9,6,지상,1,6번 출입구,지하,B1,6번 출입구,,1811-450,S
2026-08-09 10:15,1477863,승강기)에스컬레이터-녹번 1번출구 2호기,3호선,0313,녹번,323,20210527,상행,2,1,지하,B1,1번 출입구,지상,1,1번 출입구,1200,1813-890,S
2026-08-09 10:15,1477865,승강기)에스컬레이터-녹번 1번출구 1호기,3호선,0313,녹번,323,20210527,하행,1,1,지상,1,1번 출입구,지하,B1,1번 출입구,1200,1813-889,S
2026-08-09 10:15,1041721,승강기)에스컬레이터-구파발 3번출구 2호기,3호선,0310,구파발,320,20210527,상행,2,3,지하,B1,3번 출입구,지상,1,3번 출입구,800,1808-123,S
2026-08-09 10:15,1061504,승강기)에스컬레이터-고속터미널 내부 4호기,3호선,0329,고속터미널,339,20210527,상행,4,내부,지하,B2,잠원 방면4-3,지하,B3,잠원 방면4-3,1200,1802-102,S
2026-08-09 10:15,1153340,승강기)에스컬레이터-경복궁 3-1번출구 10호기,3호선,0317,경복궁,327,20210527,상행,10,3-1,지하,B1,3-1번 출입구,지상,1,3-1번 출입구,800,1810-126,S
2026-08-09 10:15,1061506,승강기)에스컬레이터-고속터미널 내부 10호기,3호선,0329,고속터미널,339,20210527,하행,10,내부,지하,B2,교대 방면2-3,지하,B3,교대 방면2-3,1200,1802-106,S
2026-08-09 10:15,1153436,승강기)에스컬레이터-매봉 4번출구 상행2,3호선,0333,매봉,343,20210527,상행,2,4,지하,B1,4번 출입구,지상,1,4번 출입구,800,1807-908,S
2026-08-09 10:15,1123299,승강기)에스컬레이터-고속터미널 내부 15호기,3호선,0329,고속터미널,339,20210527,하행,15,내부,지하,B2,교대 방면9-2,지하,B3,교대 방면9-2,1200,1802-104,S
2026-08-09 10:15,1126381,승강기)에스컬레이터-가락시장(3) 내부 13호기,3호선,0340,가락시장,350,20210527,하행,13,내부,지하,B2,경찰병원 방면7-1,지하,B4,경찰병원 방면7-1,1200,1808-607,S
2026-08-09 10:15,1126382,승강기)에스컬레이터-가락시장(3) 내부 14호기,3호선,0340,가락시장,350,20210527,하행,14,내부,지하,B4,경찰병원 방면7-1,지하,B2,경찰병원 방면7-1,1200,1808-608,S
2026-08-09 10:15,1202852,승강기)에스컬레이터-수서 내부 8호기,3호선,0339,수서,349,20210527,상행,8,내부,지하,B2,일원 방면9-3,지하,B1,일원 방면9-3,1200,1812-113,S
2026-08-09 10:15,1202853,승강기)에스컬레이터-수서 내부 9호기,3호선,0339,수서,349,20210527,하행,9,내부,지하,B1,가락시장 방면2-2,지하,B2,가락시장 방면2-2,1200,1812-116,S
2026-08-09 10:15,1041582,승강기)에스컬레이터-충무로(4) 내부 11호기,4호선,0423,충무로,423,20210527,하행,11,내부,지하,B1,대합실(동대문역사문화공원 방면6-3),지하,B2,대합실(동대문역사문화공원 방면6-3),1200,1808-138,S
2026-08-09 10:15,1041585,승강기)에스컬레이터-충무로(4) 내부 14호기,4호선,0423,충무로,423,20210527,상행,14,내부,지하,B2,대합실(명동 방면5-2),지하,B1,대합실(명동 방면5-2),1200,1808-141,S
2026-08-09 10:15,1041588,승강기)에스컬레이터-충무로(4) 내부 1호기,4호선,0423,충무로,423,20210527,상행,1,내부,지하,B3,동대문역사문화공원 방면4-2,지하,B2,동대문역사문화공원 방면4-2,1200,1808-128,S
2026-08-09 10:15,1041699,승강기)에스컬레이터-충무로(4) 1번출구 22호기,4호선,0423,충무로,423,20210527,상행,22,1,지하,B1,1번 출입구,지상,1,1번 출입구,1200,1806-329,S
2026-08-09 10:15,1146224,승강기)에스컬레이터-총신대입구 14번출구 1호기,4호선,0432,총신대입구,432,20210527,하행,1,14,지상,1,14번 출입구,지하,B1,14번 출입구,1200,1807-714,S
2026-08-09 10:15,1041741,승강기)에스컬레이터-동역사(4) 상행(3-1) 2호기,4호선,0422,동대문역사문화공원,422,20210527,상행,2,내부,지하,B3,"동대문 방면3-1,충무로 방면8-3",지하,B1,"동대문 방면3-1,충무로 방면8-3",1200,1801-577,S
2026-08-09 10:15,1061509,승강기)에스컬레이터-충무로(4) 3호선환승 17호기,4호선,0423,충무로,423,20210527,상행,17,내부,지하,B4,환승통로(동대입구 방면5-2),지하,B2,환승통로(동대입구 방면5-2),1200,1800-486,S
2026-08-09 10:15,1202775,승강기)에스컬레이터-쌍문 2번출구 상행4,4호선,0413,쌍문,413,20210527,상행,4,2,지하,B1,2번 출입구,지상,1,2번 출입구,1200,1810-172,S
2026-08-09 10:15,1202857,승강기)에스컬레이터-신용산 4번출구 5호기,4호선,0429,신용산,429,20210527,상행,5,4,지상,1,4번 출입구,지하,B1,4번 출입구,1200,1810-473,S
2026-08-09 10:15,1310386,승강기)에스컬레이터-송정 외부3,5호선,2514,송정,513,20210527,상행,3,4,지상,1,4번 출입구,지하,B1,4번 출입구,800,1808-095,S
2026-08-10 10:17,1127064,승강기)에스컬레이터-제기동 2번출구 상행2,1호선,0157,제기동,125,20210527,상행,2,2,지하,B1,2번 출입구,지상,1,2번 출입구,800,1809-139,S
2026-08-10 10:17,1834782,승강기)에스컬레이터-구의 3번 출입구 상행7,2호선,0213,구의,213,20260805,상행,7,3번 출입구,지하,B1,3번 출입구,지상,1,3번 출입구,1200,1817-705,M
2026-08-10 10:17,1126521,승강기)에스컬레이터-경찰병원 승강장(4-1) 8호기,3호선,0341,경찰병원,351,20210527,상행,8,내부,지하,B2,오금 방면4-1,지하,B1,오금 방면4-1,1200,1809-382,S
2026-08-10 10:17,1126524,승강기)에스컬레이터-경찰병원 승강장(9-4) 11호기,3호선,0341,경찰병원,351,20210527,하행,11,내부,지하,B1,오금 방면9-4,지하,B2,오금 방면9-4,1200,1809-385,S
2026-08-10 10:17,1041484,승강기)에스컬레이터-경복궁 내부 3호기,3호선,0317,경복궁,327,20210527,상행,3,내부,지하,B3,"안국 방면3-2, 독립문 방면8-3",지하,B2,"안국 방면3-2, 독립문 방면8-3",1200,1800-003,M
2026-08-10 10:17,1126667,승강기)에스컬레이터-오금(3) 환승 12호기,3호선,0342,오금,352,20210527,상행,12,내부,지하,B2,환승통로(5호선 방면),지하,B1,환승통로(5호선 방면),1200,1809-371,M
2026-08-10 10:17,1127057,승강기)에스컬레이터-신사 5번출구 상행6,3호선,0327,신사,337,20210527,상행,6,5,지하,B1,5번 출입구,지상,1,5번 출입구,1200,1802-054,M
2026-08-10 10:17,1123311,승강기)에스컬레이터-종로3가(3) 2-1출구 6호기,3호선,0319,종로3가,329,20210527,상행,6,내부,지하,B3,환승통로(3호선 방면),지하,B1,환승통로(3호선 방면),1200,1800-085,M
2026-08-10 10:17,1126387,승강기)에스컬레이터-가락시장(3) 7번 출구 19호기,3호선,0340,가락시장,350,20210527,하행,19,7,지상,1,7번 출입구,지하,B1,7번 출입구,1200,1808-613,S
2026-08-10 10:17,1127085,승강기)에스컬레이터-쌍문 4번출구 하행1,4호선,0413,쌍문,413,20210527,하행,1,4,지상,1,4번 출입구,지하,B1,4번 출입구,1200,1803-299,S
2026-08-10 10:17,1469256,승강기)에스컬레이터-신용산 1번출구 7호기,4호선,0429,신용산,429,20210527,하행,7,1,지상,1,1번 출입구,지하,B1,1번 출입구,1200,1813-882,M
2026-08-10 10:17,1041724,승강기)에스컬레이터-명동 B계단 옆 3호기,4호선,0424,명동,424,20210527,하행,3,내부,지하,B2,"충무로 방면10-4,회현 방면1-1",지하,B3,"충무로 방면10-4,회현 방면1-1",1200,1800-725,S
2026-08-10 10:17,1041744,승강기)에스컬레이터-사당(4) 내부 1호기,4호선,0433,사당,433,20210527,하행,1,내부,지하,B2,"남태령 방면1-1,총신대입구 방면10-4",지하,B3,"남태령 방면1-1,총신대입구 방면10-4",1200,1804-715,M
2026-08-10 10:17,1061514,승강기)에스컬레이터-미아사거리 3번출구 상행 2,4호선,0416,미아사거리,416,20210527,상행,2,3,지하,B1,3번 출입구,지상,1,3번 출입구,800,1806-717,S
2026-08-10 10:17,1310422,승강기)에스컬레이터-까치산 내부8,5호선,2519,까치산,518,20210527,하행,8,내부,지하,B1,신정 방면2-2,지하,B5,신정 방면2-2,1200,1808-078,S
2026-08-10 10:17,1310591,승강기)에스컬레이터-광화문 내부3,5호선,2534,광화문,533,20210527,상행,3,내부,지하,B2,대합실(광장 측),지하,B1,대합실(광장 측),1200,1800-313,S
2026-08-11 10:15,1041456,승강기)에스컬레이터-역삼 외부 1호기,2호선,0221,역삼,221,20210527,하행,1,내부,지상,1,"대합실(1,2,5,6,7,8번 출입구 방면)",지하,B1,"대합실(1,2,5,6,7,8번 출입구 방면)",1200,1805-221,S
2026-08-11 10:15,1133555,승강기)에스컬레이터-신대방 외선(3-1) 6호기,2호선,0231,신대방,231,20210527,상행,6,내부,지상,2,구로디지털 방면3-1,지상,3,구로디지털 방면3-1,1200,1803-541,S
2026-08-11 10:15,1134947,승강기)에스컬레이터-봉천 6번출구 5호기,2호선,0229,봉천,229,20210527,하행,5,6,지상,1,6번 출입구,지하,B1,6번 출입구,1200,1807-214,S
2026-08-11 10:15,1041669,승강기)에스컬레이터-성수 3번출구 6호기,2호선,0211,성수,211,20210527,상행,6,3,지상,1,3번 출입구,지상,2,3번 출입구,1200,1809-491,S
2026-08-11 10:15,1041670,승강기)에스컬레이터-성수 4번출구 7호기,2호선,0211,성수,211,20210527,하행,7,4,지상,2,4번 출입구,지상,1,4번 출입구,1200,1809-492,S
2026-08-11 10:15,1041682,승강기)에스컬레이터-영등포구청 1번출구 하행1,2호선,0236,영등포구청,236,20210527,하행,1,1,지상,1,1번 출입구,지하,B1,1번 출입구,800,1803-525,S
2026-08-11 10:15,1041716,승강기)에스컬레이터-종합운동장 4번출구 1호기,2호선,0218,종합운동장,218,20210527,하행,1,4,지상,1,4번 출입구,지하,B1,4번 출입구,1200,1801-772,S
2026-08-11 10:15,1153335,승강기)에스컬레이터-낙성대 1번출구 하행3,2호선,0227,낙성대,227,20210527,하행,3,1,지상,1,1번 출입구,지하,B1,1번 출입구,1200,1807-749,S
2026-08-11 10:15,1061500,승강기)에스컬레이터-사당(2) 내선(3-3) 5호기,2호선,0226,사당,226,20210527,하행,5,내부,지하,B1,낙성대 방면3-3,지하,B2,낙성대 방면3-3,1200,1804-021,S
2026-08-11 10:15,1153336,승강기)에스컬레이터-낙성대 1번출구 상행4,2호선,0227,낙성대,227,20210527,상행,4,1,지하,B1,1번 출입구,지상,1,1번 출입구,1200,1807-750,S
2026-08-11 10:15,1126666,승강기)에스컬레이터-오금(3) 환승 11호기,3호선,0342,오금,352,20210527,하행,11,내부,지하,B1,환승통로(5호선 방면),지하,B2,환승통로(5호선 방면),1200,1809-370,S
2026-08-11 10:15,1041528,승강기)에스컬레이터-불광(3) 5번출구 하행1,3호선,0312,불광,322,20210527,하행,1,5,지상,1,5번 출입구,지하,B1,5번 출입구,800,1808-124,S
2026-08-11 10:15,1127069,승강기)에스컬레이터-압구정 5번출구 상행3,3호선,0326,압구정,336,20210527,상행,3,1,지하,B1,1번 출입구,지상,1,1번 출입구,1200,1809-342,S
2026-08-11 10:15,1143990,승강기)에스컬레이터-독립문 내부 4호기,3호선,0316,독립문,326,20210527,상행,4,내부,지하,B1,대합실(5번 출입구),지하,B2,대합실(5번 출입구),1200,1806-176,S
2026-08-11 10:15,1041690,승강기)에스컬레이터-수서 2번출구 3호기,3호선,0339,수서,349,20210527,하행,3,2,지상,1,2번 출입구,지하,B1,2번 출입구,1200,1802-055,S
2026-08-11 10:15,1153438,승강기)에스컬레이터-매봉 1번출구 상행4,3호선,0333,매봉,343,20210527,상행,4,1,지하,B1,1번 출입구,지상,1,1번 출입구,1200,1809-592,S
2026-08-11 10:15,1137936,승강기)에스컬레이터-수유(강북구청) 8번출구 상행4,4호선,0414,수유,414,20210527,상행,4,8,지하,B1,8번 출입구,지상,1,8번 출입구,1200,1809-189,S
2026-08-11 10:15,1041680,승강기)에스컬레이터-혜화 1번출구 하행1,4호선,0420,혜화,420,20210527,하행,1,1,지상,1,1번 출입구,지하,B1,1번 출입구,1200,1800-166,S
2026-08-11 10:15,1151800,승강기)에스컬레이터-남태령 내부(3-2) 1호기,4호선,0434,남태령,434,20210527,하행,1,내부,지하,B2,"사당 방면8-3,선바위 방면3-2",지하,B3,"사당 방면8-3,선바위 방면3-2",1200,1802-114,S
2026-08-11 10:15,1153345,승강기)에스컬레이터-명동 1번출구 5호기,4호선,0424,명동,424,20210527,하행,5,1,지상,1,1번 출입구,지하,B1,1번 출입구,1200,1810-714,S
2026-08-11 10:15,1202774,승강기)에스컬레이터-쌍문 2번출구 하행3,4호선,0413,쌍문,413,20210527,하행,3,2,지상,1,2번 출입구,지하,B1,2번 출입구,1200,1810-171,S
2026-08-11 10:15,1310385,승강기)에스컬레이터-송정 내부2,5호선,2514,송정,513,20210527,하행,2,내부,지하,B1,대합실(화장실 측),지하,B2,대합실(화장실 측),1200,1808-094,S
2026-08-11 10:15,1310387,승강기)에스컬레이터-송정 외부4,5호선,2514,송정,513,20210527,하행,4,4,지하,B1,4번 출입구,지하,B1,4번 출입구,800,1808-096,S
2026-08-11 10:15,1310407,승강기)에스컬레이터-우장산 외부4,5호선,2517,우장산,516,20210527,하행,4,3,지상,1,3번 출입구,지하,B1,3번 출입구,800,1807-192,S
2026-08-11 10:15,1310412,승강기)에스컬레이터-화곡 외부3,5호선,2518,화곡,517,20210527,상행,3,3,지하,B1,3번 출입구,지상,1,3번 출입구,800,1810-193,S
2026-08-11 10:15,1310425,승강기)에스컬레이터-까치산 외부11,5호선,2519,까치산,518,20210527,하행,11,3,지상,1,3번 출입구,지하,B1,3번 출입구,800,1804-466,S
2026-08-11 10:15,1825577,승강기)에스컬레이터-김포공항(5) 내부 1호기,5호선,2513,김포공항,512,20250625,하행,1호기,내부,지하,B2,개화산 방면3-4,지하,B3,개화산 방면3-4,1200형,1808-085,S
2026-08-11 10:15,1310476,승강기)에스컬레이터-영등포구청 내부3,5호선,2524,영등포구청,523,20210527,상행,3,내부,지하,B3,대합실,지하,B1,대합실,1200,1808-373,S
2026-08-11 10:15,1310479,승강기)에스컬레이터-영등포구청 내부6,5호선,2524,영등포구청,523,20210527,상행,6,내부,지하,B4,환승통로(2호선 방면),지하,B1,환승통로(2호선 방면),1200,1804-457,S
2026-08-11 10:15,1774710,승강기)에스컬레이터-목동 외부 3호기,5호선,2521,목동,520,20211125,하행,3,3,지상,1,3번 출입구,지하,B1,3번 출입구,1200형,1814-777,S
2026-08-11 10:15,1310523,승강기)에스컬레이터-여의나루 내부1,5호선,2528,여의나루,527,20210527,상행,1,내부,지하,B4,대합실,지하,B2,대합실,1200,1808-383,S
2026-08-11 10:15,1310527,승강기)에스컬레이터-여의나루 내부5,5호선,2528,여의나루,527,20210527,상행,5,내부,지하,B2,대합실,지하,B1,대합실,1200,1808-379,S
2026-08-11 10:15,1310572,승강기)에스컬레이터-충정로(5) 내부 1호기,5호선,2532,충정로,531,20210527,상행,1,내부,지하,B4,대합실,지하,B2,대합실,1200,1800-576,S
2026-08-11 10:15,1310582,승강기)에스컬레이터-서대문 내부4,5호선,2533,서대문,532,20210527,하행,4,내부,지하,B1,아이센터 측(지하1층),지하,B3,아이센터 측(지하1층),1200,1800-350,S
2026-08-11 10:15,1548574,승강기)에스컬레이터-신정 내부8,5호선,2520,신정,519,20210527,하행,8,1,지하,B1,1번 출입구,지하,B2,1번 출입구,800,1808-070,S
2026-08-11 10:15,1548576,승강기)에스컬레이터-신정 외부9,5호선,2520,신정,519,20210527,하행,9,1,지상,1,1번 출입구,지하,BM2,1번 출입구,800,1808-067,M
2026-08-11 10:15,1548578,승강기)에스컬레이터-신정 외부10,5호선,2520,신정,519,20210527,상행,10,1,지하,BM2,1번 출입구,지상,1,1번 출입구,800,1808-068,M
2026-08-11 10:15,1310699,승강기)에스컬레이터-아차산 외부6,5호선,2546,아차산,545,20210527,하행,6,3,지상,1,3번 출입구,지하,B1,3번 출입구,1200,1809-086,M
2026-08-11 10:15,1790992,승강기)에스컬레이터-거여 내부 3호기,5호선,2560,거여,P554,20230406,하행,3,내부,지하,BM1,"연결통로(5,6번 출입구 방면)",지하,B1,"연결통로(5,6번 출입구 방면)",1200형,1811-847,M
2026-08-12 10:24,1041622,승강기)에스컬레이터-용두 2번출구 5호기,2호선,0250,용두,211-3,20210527,하행,5,2,지상,1,2번 출입구,지하,B2,2번 출입구,1200,1809-052,S
2026-08-12 10:24,1134948,승강기)에스컬레이터-봉천 6번출구 6호기,2호선,0229,봉천,229,20210527,상행,6,6,지하,B1,6번 출입구,지상,1,6번 출입구,1200,1807-215,S
2026-08-12 10:24,1143995,승강기)에스컬레이터-구의 2번출구 상행6,2호선,0213,구의,213,20210527,상행,6,2,지상,1,2번 출입구,지상,2,2번 출입구,1200,1806-178,S
2026-08-12 10:24,1804539,승강기)에스컬레이터-잠실(2) 내부 7호기,2호선,0216,잠실,216,20240305,하행,7,내부,지하,B1,잠실새내 방면5-3,지하,B2,잠실새내 방면5-3,1200형,1812-958,S
2026-08-12 10:24,1126661,승강기)에스컬레이터-오금(3) 내부 6호기,3호선,0342,오금,352,20210527,하행,6,내부,지하,B3,오금 방면4-4,지하,B2,오금 방면4-4,1200,1809-365,S
2026-08-12 10:24,1041738,승강기)에스컬레이터-동대문(4) 하행(7-4) 1호기,4호선,0421,동대문,421,20210527,하행,1,내부,지하,B2,"동대문역사문화공원 방면7-4,혜화 방면4-1",지하,B4,"동대문역사문화공원 방면7-4,혜화 방면4-1",1200,1801-111,S
2026-08-12 10:24,1061516,승강기)에스컬레이터-회현 2,4호선,0425,회현,425,20210527,상행,2,내부,지하,B3,"명동 방면1-1,서울역 방면10-4",지하,B2,"명동 방면1-1,서울역 방면10-4",1200,1801-682,S
2026-08-12 10:24,1310393,승강기)에스컬레이터-마곡 외부2,5호선,2515,마곡,514,20210527,하행,2,1,지상,1,1번 출입구,지하,B1,1번 출입구,1200,1807-782,M
2026-08-12 10:24,1310446,승강기)에스컬레이터-목동 외부2,5호선,2521,목동,520,20210527,상행,2,1,지상,1,1번 출입구,지하,B1,1번 출입구,800,1804-712,S
2026-08-12 10:24,1781121,승강기)에스컬레이터-신길 내부 9호기,5호선,2526,신길,525,20220730,상행,9,내부,지하,B4,여의도 방면2-2,지하,B3,여의도 방면2-2,1200형,1804-429,S
2026-08-13 10:25,1041457,승강기)에스컬레이터-역삼 외부 2호기,2호선,0221,역삼,221,20210527,상행,2,내부,지하,B1,"대합실(1,2,5,6,7,8번 출입구 방면)",지상,1,"대합실(1,2,5,6,7,8번 출입구 방면)",1200,1805-222,S
2026-08-13 10:25,1127092,승강기)에스컬레이터-을지로입구 8번출구 상행2,2호선,0202,을지로입구,202,20210527,상행,2,8,지하,B1,8번 출입구,지상,1,8번 출입구,1200,1801-059,S
2026-08-13 10:25,1041628,승강기)에스컬레이터-용두 5번출구 11호기,2호선,0250,용두,211-3,20210527,하행,11,5,지상,1,5번 출입구,지하,B2,5번 출입구,1200,1809-055,S
2026-08-13 10:25,1041702,승강기)에스컬레이터-잠실 5번출구 하행1,2호선,0216,잠실,216,20210527,하행,1,5,지상,1,5번 출입구,지하,B1,5번 출입구,1200,1801-758,S
2026-08-13 10:25,1061502,승강기)에스컬레이터-사당(2) 내선(8-1) 8호기,2호선,0226,사당,226,20210527,상행,8,내부,지하,B2,낙성대 방면8-1,지하,B1,낙성대 방면8-1,1200,1804-022,S
2026-08-13 10:25,1153439,승강기)에스컬레이터-신정네거리 1번출구 1호기,2호선,0249,신정네거리,234-3,20210527,하행,1,1,지상,1,1번 출입구,지하,B1,1번 출입구,800,3810-962,S
2026-08-13 10:25,1202764,승강기)에스컬레이터-잠실나루 2번출구 4호기,2호선,0215,잠실나루,215,20210527,상행,4,내부,지상,2,잠실 방면1-4,지상,3,잠실 방면1-4,1200,1809-598,S
2026-08-13 10:25,1202772,승강기)에스컬레이터-홍대입구 1번출구 7호기,2호선,0239,홍대입구,239,20210527,하행,7,1,지상,1,1번 출입구,지하,B2,1번 출입구,800,1808-587,S
2026-08-13 10:25,1779316,승강기)에스컬레이터-구파발역 2번출구 4호기,3호선,0310,구파발,320,20220511,하행,4,2,지상,1,2번 출입구,지하,B1,2번 출입구,1200형,1813-948,S
2026-08-13 10:25,1469259,승강기)에스컬레이터-일원 6번출구 5호기,3호선,0338,일원,348,20210527,상행,5,6,지하,B1,6번 출입구,지상,1,6번 출입구,800,1811-319,S
2026-08-13 10:25,1469260,승강기)에스컬레이터-일원 6번출구 6호기,3호선,0338,일원,348,20210527,하행,6,6,지상,1,6번 출입구,지하,B1,6번 출입구,800,1811-320,S
2026-08-13 10:25,1041701,승강기)에스컬레이터-약수 5번출구 상행2,3호선,0323,약수,333,20210527,상행,2,5,지하,B1,5번 출입구,지상,1,5번 출입구,800,1801-060,S
2026-08-13 10:25,1145312,승강기)에스컬레이터-도곡 내부 8호기,3호선,0334,도곡,344,20210527,하행,8,내부,지하,B4,대치 방면7-4,지하,B2,대치 방면7-4,1200,1807-849,S
2026-08-13 10:25,1151874,승강기)에스컬레이터-동대입구 5번출구 상행 4,3호선,0322,동대입구,332,20210527,상행,4,5,지하,B1,5번 출입구,지상,1,5번 출입구,1200,1810-108,S
2026-08-13 10:25,1123290,승강기)에스컬레이터-안국 내부 8호기,3호선,0318,안국,328,20210527,상행,8,내부,지하,B3,"대합실(2,3,4,5번 출입구)",지하,B2,"대합실(2,3,4,5번 출입구)",1200,1801-139,S
2026-08-13 10:25,1123294,승강기)에스컬레이터-고속터미널 내부 2호기,3호선,0329,고속터미널,339,20210527,상행,2,내부,지하,B3,잠원 방면2-3,지하,B2,잠원 방면2-3,1200,1802-100,S
2026-08-13 10:25,1126378,승강기)에스컬레이터-가락시장(3) 내부 10호기,3호선,0340,가락시장,350,20210527,하행,10,내부,지하,B4,경찰병원 방면3-2,지하,B3,경찰병원 방면3-2,1200,1808-604,S
2026-08-13 10:25,1126379,승강기)에스컬레이터-가락시장(3) 내부 11호기,3호선,0340,가락시장,350,20210527,하행,11,내부,지하,B2,경찰병원 방면5-2,지하,B4,경찰병원 방면5-2,1200,1808-605,M
2026-08-13 10:25,1041586,승강기)에스컬레이터-충무로(4) 내부 15호기,4호선,0423,충무로,423,20210527,하행,15,내부,지하,B1,대합실(명동 방면7-2),지하,B2,대합실(명동 방면7-2),1200,1808-142,S
2026-08-13 10:25,1041591,승강기)에스컬레이터-충무로(4) 내부 6호기,4호선,0423,충무로,423,20210527,하행,6,내부,지하,B2,동대문역사문화공원 방면5-2,지하,B3,동대문역사문화공원 방면5-2,1200,1808-133,S
2026-08-13 10:25,1132940,승강기)에스컬레이터-신용산 5번출구 1호기,4호선,0429,신용산,429,20210527,하행,1,5,지상,1,5번 출입구,지하,B1,5번 출입구,1200,1800-495,S
2026-08-13 10:25,1041649,승강기)에스컬레이터-동역사(4) 상행(6-3) 4호기,4호선,0422,동대문역사문화공원,422,20210527,상행,4,내부,지하,B3,"충무로 방면5-2,동대문 방면6-3",지하,B2,"충무로 방면5-2,동대문 방면6-3",1200,1800-475,S
2026-08-13 10:25,1041651,승강기)에스컬레이터-동역사(4) 상행(9-1) 6호기,4호선,0422,동대문역사문화공원,422,20210527,상행,6,내부,지하,B3,"동대문 방면9-1,충무로 방면2-4",지하,B2,"동대문 방면9-1,충무로 방면2-4",1200,1808-988,S
2026-08-13 10:25,1041739,승강기)에스컬레이터-동대문(4) 상행(4-1) 2호기,4호선,0421,동대문,421,20210527,상행,2,내부,지하,B4,"혜화 방면4-1,동대문역사문화공원 방면7-4",지하,B2,"혜화 방면4-1,동대문역사문화공원 방면7-4",1200,1801-112,S
2026-08-13 10:25,1152859,승강기)에스컬레이터-동대문(4) 8번 출구 7호기,4호선,0421,동대문,421,20210527,하행,7,8,지상,1,8번 출입구,지하,B1,8번 출입구,1200,1808-172,S
2026-08-13 10:25,1310825,승강기)에스컬레이터-마천역 내부 7호기,5호선,2561,마천,P555,20210527,하행,7,내부,지하,B1,대합실(2번 출입구 방면),지하,BM2,대합실(2번 출입구 방면),800형,1805-635,S
2026-08-13 10:25,1310826,승강기)에스컬레이터-마천역 내부 8호기,5호선,2561,마천,P555,20210527,상행,8,내부,지하,BM2,대합실(2번 출입구 방면),지하,B1,대합실(2번 출입구 방면),1200형,1805-636,S
2026-08-13 10:25,1310392,승강기)에스컬레이터-마곡 외부1,5호선,2515,마곡,514,20210527,상행,1,1,지하,B1,1번 출입구,지상,1,1번 출입구,1200,1807-781,S
2026-08-13 10:25,1774088,승강기)에스컬레이터-하남시청역 내부 1호기,5호선,2565,하남시청,557,20211025,상행,1,내부,지하,B2,하남풍산 방면3-3,지하,B1,하남풍산 방면3-3,1200형,3811-949,S
2026-08-13 10:25,1774093,승강기)에스컬레이터-하남시청역 내부 6호기,5호선,2565,하남시청,557,20211025,하행,6,내부,지하,B1,하남풍산 방면6-2,지하,B2,하남풍산 방면6-2,1200형,3811-956,S
2026-08-13 10:25,1310566,승강기)에스컬레이터-애오개 내부3,5호선,2531,애오개,530,20210527,상행,3,내부,지하,B3,대합실,지하,B1,대합실,1200,1810-123,S
2026-08-13 10:25,1310620,승강기)에스컬레이터-을지로4가 외부11,5호선,2536,을지로4가,535,20210527,하행,11,4,지상,1,4번 출입구,지하,B1,4번 출입구,800,1809-478,S
2026-08-13 10:25,1310671,승강기)에스컬레이터-답십리 외부1,5호선,2543,답십리,542,20210527,상행,1,1,지하,B1,1번 출입구,지상,1,1번 출입구,1200,1800-469,S
2026-08-13 10:25,1310694,승강기)에스컬레이터-아차산 외부1,5호선,2546,아차산,545,20210527,상행,1,1,지하,B1,1번 출입구,지상,1,1번 출입구,800,1803-348,S
2026-08-14 10:25,1143994,승강기)에스컬레이터-문래 2번출구 상행4,2호선,0235,문래,235,20210527,상행,4,2,지하,B1,2번 출입구,지상,1,2번 출입구,800,1807-184,S
2026-08-14 10:25,1145415,승강기)에스컬레이터-서초 3번출구 상행 4,2호선,0224,서초,224,20210527,상행,4,3,지하,B1,3번 출입구,지상,1,3번 출입구,1200,1806-989,S
2026-08-14 10:25,1041727,승강기)에스컬레이터-홍대입구 외선(4-1) 2호기,2호선,0239,홍대입구,239,20210527,상행,2,내부,지하,B3,"합정 방면4-1, 신촌 방면7-4",지하,B2,"합정 방면4-1, 신촌 방면7-4",1200,1800-426,S
2026-08-14 10:25,1153431,승강기)에스컬레이터-잠실나루 내부 1호기,2호선,0215,잠실나루,215,20210527,하행,1,내부,지상,F3,"대합실(2,3번 출입구)",,,"대합실(2,3번 출입구)",1200,1806-940,S
2026-08-14 10:25,1153343,승강기)에스컬레이터-혜화 3번출구 하행3,4호선,0420,혜화,420,20210527,하행,3,3,지상,1,3번 출입구,지하,B1,3번 출입구,1200,1810-099,M
2026-08-14 10:25,1774081,승강기)에스컬레이터-영등포시장 외부8,5호선,2525,영등포시장,524,20211025,하행,8,2,지상,1,2번 출입구,지하,B1,2번 출입구,800형,1814-608,S
2026-08-14 10:25,1310441,승강기)에스컬레이터-신정 내부6,5호선,2520,신정,519,20210527,하행,6,1,지하,B1,"대합실(1,4,5번 출입구 방향)",지하,B2,"대합실(1,4,5번 출입구 방향)",1200,1808-066,S
2026-08-14 10:25,1310457,승강기)에스컬레이터-오목교 내부5,5호선,2522,오목교,521,20210527,상행,5,내부,지하,B2,"대합실(1,3출입구방향 통로)",지하,B1,"대합실(1,3출입구방향 통로)",1200,1804-417,S
2026-08-14 10:25,1774118,승강기)에스컬레이터-하남검단산역 내부 3호기,5호선,2566,하남검단산,558,20211025,상행,3,내부,지하,B3,하남검단산 방면7-1,지하,B2,하남검단산 방면7-1,1200형,3811-861,S
2026-08-14 10:25,1781117,승강기)에스컬레이터-마곡 4번 출입구 외부 10호기,5호선,2515,마곡,514,20220730,하행,10,4,지상,1,4번 출입구,지하,B1,4번 출입구,1200형,1814-760,S
2026-08-14 10:25,1781119,승강기)에스컬레이터-마곡 5번 출입구 외부 12호기,5호선,2515,마곡,514,20220730,하행,12,5,지상,1,5번 출입구,지하,B1,5번 출입구,1200형,1814-762,S
2026-08-15 09:55,1143611,승강기)에스컬레이터-시청(1) 1번출구 3호기,1호선,0151,시청,132,20210527,상행,3,1,지하,B1,1번 출입구,지상,1,1번 출입구,1200,1809-239,S
2026-08-15 09:55,1132943,승강기)에스컬레이터-사당(2) 5번출구 12호기,2호선,0226,사당,226,20210527,상행,12,5,지하,B1,5번 출입구,지상,1,5번 출입구,1200,1804-026,S
2026-08-15 09:55,1041629,승강기)에스컬레이터-용두 5번출구 12호기,2호선,0250,용두,211-3,20210527,상행,12,5,지하,B2,5번 출입구,지상,1,5번 출입구,1200,1809-056,S
2026-08-15 09:55,1041659,승강기)에스컬레이터-뚝섬 5번 출구 2호기,2호선,0210,뚝섬,210,20210527,상행,2,5,지상,2,5번 출입구,지상,1,5번 출입구,800,1801-057,S
2026-08-15 09:55,1143985,승강기)에스컬레이터-문래 1번출구 상행2,2호선,0235,문래,235,20210527,상행,2,1,지하,B1,1번 출입구,지상,1,1번 출입구,800,1807-181,S
2026-08-15 09:55,1041697,승강기)에스컬레이터-합정(2) 2번출구 4호기,2호선,0238,합정,238,20210527,상행,4,2,지하,B2,2번 출입구,지상,1,2번 출입구,1200,1809-485,S
2026-08-15 09:55,1497813,승강기)에스컬레이터-성수 1번출구 1호기,2호선,0211,성수,211,20210527,하행,1,1,지상,1,1번 출입구,지상,2,1번 출입구,1200,1809-486,S
2026-08-15 09:55,1497814,승강기)에스컬레이터-성수 1번출구 2호기,2호선,0211,성수,211,20210527,상행,2,1,지상,2,1번 출입구,지상,1,1번 출입구,1200,1809-487,S
2026-08-15 09:55,1041711,승강기)에스컬레이터-역삼 4번출구 12호기,2호선,0221,역삼,221,20210527,상행,12,4,지하,B1,4번 출입구,지상,1,4번 출입구,1200,1805-230,S
2026-08-15 09:55,1145419,"승강기)에스컬레이터-서초 3,4번출구 상행8",2호선,0224,서초,224,20210527,상행,8,"3,4",지하,B1,"3,4번 출입구",지상,1,"3,4번 출입구",1200,1808-892,S
2026-08-15 09:55,1143988,승강기)에스컬레이터-금호 3번출구 하행3,3호선,0324,금호,334,20210527,하행,3,2,지상,1,2번 출입구,지하,B1,2번 출입구,1200,1807-016,S
2026-08-15 09:55,1145305,승강기)에스컬레이터-도곡 내부 1호기,3호선,0334,도곡,344,20210527,상행,1,내부,지하,B2,매봉 방면4-1,지하,B4,매봉 방면4-1,1200,1807-846,S
2026-08-15 09:55,1151873,승강기)에스컬레이터-동대입구 5번출구 하행 3,3호선,0322,동대입구,332,20210527,하행,3,5,지상,1,5번 출입구,지하,B1,5번 출입구,1200,1810-107,S
2026-08-15 09:55,1126384,승강기)에스컬레이터-가락시장(3) 내부 16호기,3호선,0340,가락시장,350,20210527,상행,16,내부,지하,B2,대합실(2번출입구 방면),지하,B1,대합실(2번출입구 방면),1200,1808-610,S
2026-08-15 09:55,1547943,승강기)에스컬레이터-총신대입구 1번출구 3호기,4호선,0432,총신대입구,432,20210527,하행,3,1,지상,1,1번 출입구,지하,B1,1번 출입구,1200,1810-310,S
2026-08-15 09:55,1774090,승강기)에스컬레이터-하남시청역 내부 3호기,5호선,2565,하남시청,557,20211025,상행,3,내부,지하,B2,하남검단산 방면6-2,지하,B1,하남검단산 방면6-2,1200형,3811-951,S
2026-08-15 09:55,1310607,승강기)에스컬레이터-종로3가(5) 내부 10호기,5호선,2535,종로3가,534,20210527,상행,10,4,지하,B1,4번 출입구,지상,1,4번 출입구,800,1800-016,S
2026-08-15 09:55,1310610,승강기)에스컬레이터-을지로4가 내부1,5호선,2536,을지로4가,535,20210527,하행,1,내부,지하,B2,대합실(아이센터 측),지하,B4,대합실(아이센터 측),1200,1800-744,S
2026-08-15 09:55,1781289,승강기)에스컬레이터-강일역 2번 출입구 12호기,5호선,2562,강일,554,20220814,하행,12,2,지상,1,2번 출입구,지하,B1,2번 출입구,,1811-830,S
2026-08-15 09:55,1310681,승강기)에스컬레이터-장한평 외부3,5호선,2544,장한평,543,20210527,하행,3,3,지상,1,3번 출입구,지하,BM1,3번 출입구,1200,1809-107,S
2026-08-16 09:58,1204328,승강기)에스컬레이터-신촌 6번출구4,2호선,0240,신촌,240,20210527,상행,4,6,지하,B1,6번 출입구,지상,1,6번 출입구,1200,1813-887,S
2026-08-16 09:58,1127056,승강기)에스컬레이터-신사 5번출구 하행5,3호선,0327,신사,337,20210527,하행,5,5,지상,1,5번 출입구,지하,B1,5번 출입구,1200,1802-053,S
2026-08-16 09:58,1041587,승강기)에스컬레이터-충무로(4) 내부 16호기,4호선,0423,충무로,423,20210527,상행,16,내부,지하,B2,대합실(명동 방면7-2),지하,B1,대합실(명동 방면7-2),1200,1808-143,S
2026-08-16 09:58,1781388,승강기)에스컬레이터-노원(4) 내부 3호기,4호선,0411,노원,411,20220830,하행,3,2,지상,3,2번 출입구,지상,2,2번 출입구,1200형,1813-716,S
2026-08-17 09:56,1204330,승강기)에스컬레이터-낙성대 5번출구5,2호선,0227,낙성대,227,20210527,하행,5,5,지상,1,5번 출입구,지하,B1,5번 출입구,800,1813-233,S
2026-08-17 09:56,1041626,승강기)에스컬레이터-용두 4번출구 9호기,2호선,0250,용두,211-3,20210527,하행,9,4,지상,1,4번 출입구,지하,B2,4번 출입구,1200,1809-053,S
2026-08-17 09:56,1041646,승강기)에스컬레이터-사당(2) 14번출구 9호기,2호선,0226,사당,226,20210527,하행,9,14,지상,1,14번 출입구,지하,B1,14번 출입구,1200,1804-023,S
2026-08-17 09:56,1041703,승강기)에스컬레이터-잠실 5번출구 상행2,2호선,0216,잠실,216,20210527,상행,2,5,지하,B1,5번 출입구,지상,1,5번 출입구,1200,1801-757,S
2026-08-17 09:56,1041704,승강기)에스컬레이터-삼성 3번 출입구 1호기,2호선,0219,삼성,219,20210527,하행,1,3,지상,1,3번 출입구,지하,B1,3번 출입구,1200,1805-214,S
2026-08-17 09:56,1041726,승강기)에스컬레이터-홍대입구 내선(7-3) 1호기,2호선,0239,홍대입구,239,20210527,하행,1,내부,지하,B2,"신촌 방면7-3, 합정 방면4-2",지하,B3,"신촌 방면7-3, 합정 방면4-2",1200,1800-425,S
2026-08-17 09:56,1202770,승강기)에스컬레이터-홍대입구 1번출구 5호기,2호선,0239,홍대입구,239,20210527,하행,5,1,지하,B2,1번 출입구,지하,B3,1번 출입구,800,1808-585,S
2026-08-17 09:56,1202773,승강기)에스컬레이터-홍대입구 1번출구 8호기,2호선,0239,홍대입구,239,20210527,상행,8,1,지하,B2,1번 출입구,지상,1,1번 출입구,1200,1808-588,S
2026-08-17 09:56,1041483,승강기)에스컬레이터-경복궁 내부 2호기,3호선,0317,경복궁,327,20210527,상행,2,내부,지하,B3,"독립문 방면2-4, 안국 방면9-1",지하,B2,"독립문 방면2-4, 안국 방면9-1",1200,1800-308,S
2026-08-17 09:56,1126657,승강기)에스컬레이터-오금(3) 내부 2호기,3호선,0342,오금,352,20210527,상행,2,내부,지하,B3,경찰병원 방면2-2,지하,B2,경찰병원 방면2-2,1200,1809-361,M
2026-08-17 09:56,1129153,승강기)에스컬레이터-경찰병원 1번출구 14호기,3호선,0341,경찰병원,351,20210527,상행,14,1,지하,B1,1번 출입구,지상,1,1번 출입구,1200,1809-388,S
2026-08-17 09:56,1041700,승강기)에스컬레이터-약수 5번출구 하행1,3호선,0323,약수,333,20210527,하행,1,5,지상,1,5번 출입구,지하,B1,5번 출입구,800,1801-061,S
2026-08-17 09:56,1041714,승강기)에스컬레이터-신사 8번출구 하행1,3호선,0327,신사,337,20210527,하행,1,8,지상,1,8번 출입구,지하,B1,8번 출입구,1200,1809-339,S
2026-08-17 09:56,1061503,승강기)에스컬레이터-고속터미널 내부 3호기,3호선,0329,고속터미널,339,20210527,상행,3,내부,지하,B3,잠원 방면4-3,지하,B2,잠원 방면4-3,1200,1802-101,S
2026-08-17 09:56,1203062,승강기)에스컬레이터-수서 5번출구 11호기,3호선,0339,수서,349,20210527,하행,11,5,지상,1,5번 출입구,지하,B1,5번 출입구,1200,1812-970,S
2026-08-17 09:56,1061511,승강기)에스컬레이터-충무로(4) 3호선환승 19호기,4호선,0423,충무로,423,20210527,하행,19,내부,지하,B2,환승통로(을지로3가 방면6-3),지하,B4,환승통로(을지로3가 방면6-3),1200,1801-479,S
2026-08-17 09:56,1310418,승강기)에스컬레이터-까치산 내부4,5호선,2519,까치산,518,20210527,상행,4,내부,지하,B5,신정 방면7-2,지하,B1,신정 방면7-2,1200,1808-074,S
2026-08-17 09:56,1310664,승강기)에스컬레이터-마장 내부4,5호선,2542,마장,541,20210527,하행,4,내부,지하,B1,대합실,지하,BM2,대합실,1200,1800-878,S
2026-08-18 09:54,1041410,승강기)에스컬레이터-서울역(1) 4호선연결통로 1호기,1호선,0150,서울역,133,20210527,상행,1,내부,지하,B2,연결통로(4호선 방면),지하,B1,연결통로(4호선 방면),800,1800-448,S
2026-08-18 09:54,1126530,승강기)에스컬레이터-경찰병원 대합실 17호기,3호선,0341,경찰병원,351,20210527,하행,17,내부,지상,1,"3,4번 출입구 사이",지하,B1,"3,4번 출입구 사이",1200,1809-391,S
2026-08-18 09:54,1153339,승강기)에스컬레이터-경복궁 3-1번출구 9호기,3호선,0317,경복궁,327,20210527,하행,9,3-1,지상,1,3-1번 출입구,지하,B1,3-1번 출입구,800,1810-125,M
2026-08-18 09:54,1833285,승강기)에스컬레이터-창동역 2번 출입구 E/S 1200형 7호기,4호선,0412,창동,412,20260514,하행,7호기,2번 출입구,지상,2,2번 출입구,지상,1,2번 출입구,1200,1813-785,M
2026-08-18 09:54,1310439,승강기)에스컬레이터-신정 내부4,5호선,2520,신정,519,20210527,하행,4,내부,지하,B2,목동 방면8-4,지하,B3,목동 방면8-4,1200,1811-088,S
2026-08-18 09:54,1310458,승강기)에스컬레이터-오목교 내부6,5호선,2522,오목교,521,20210527,상행,6,1,지하,B1,1번 출입구,지하,BM1,1번 출입구,800,1804-418,S
2026-08-18 09:54,1774148,승강기)에스컬레이터-강일역 4번 출입구 15호기,5호선,2562,강일,554,20211025,상행,15,4,지하,B2,4번 출입구,지상,1,4번 출입구,1200형,1811-753,S
2026-08-18 09:54,1310517,승강기)에스컬레이터-여의도 내부2,5호선,2527,여의도,526,20210527,상행,2,내부,지하,B3,대합실,지하,B1,대합실,1200,1804-453,S
2026-08-18 09:54,1831909,승강기)에스컬레이터-김포공항 내부5,5호선,2513,김포공항,512,20260112,상행,E/S 5호기,내부,지하,B3,개화산 방면5-4,지하,B2,개화산 방면5-4,1200,1808-089,S
2026-08-18 09:54,1310599,승강기)에스컬레이터-종로3가(5) 내부 2호기,5호선,2535,종로3가,534,20210527,하행,2,내부,지하,B3,"광화문 방면1-1, 을지로4가 방면8-4",지하,B5,"광화문 방면1-1, 을지로4가 방면8-4",1200,1800-009,S
2026-08-19 09:55,1041604,승강기)에스컬레이터-동묘앞(1) 1번출구 7호기,1호선,0159,동묘앞,127,20210527,하행,7,1,지상,1,1번 출입구,지하,B1,1번 출입구,1200,1800-054,S
2026-08-19 09:55,1813540,승강기)에스컬레터-사당(2) E/S 1200형 14호기,2호선,0226,사당,226,20241018,상행,에스컬레이터 14호기,8,지하,B1,8번 출입구,지상,1,8번 출입구,1200,1811-231,S
2026-08-19 09:55,1137020,승강기)에스컬레이터-신도림 내부 2호기,2호선,0234,신도림,234,20210527,상행,2,내부,지하,B3,대림 방면7-3,지하,B2,대림 방면7-3,1200,1803-776,S
2026-08-19 09:55,1141456,승강기)에스컬레이터-왕십리 외선 7-7 하행3,2호선,0208,왕십리,208,20210527,하행,3,내부,지하,B1,상왕십리 방면7-1,지하,B2,상왕십리 방면7-1,1200,1809-216,S
2026-08-19 09:55,1041674,승강기)에스컬레이터-충정로(2) 내부 1호기,2호선,0243,충정로,243,20210527,하행,1,내부,지하,B2,"시청 방면7-1, 아현 방면4-4",지하,B3,"시청 방면7-1, 아현 방면4-4",1200,1809-482,S
2026-08-19 09:55,1041710,승강기)에스컬레이터-역삼 4번출구 11호기,2호선,0221,역삼,221,20210527,하행,11,4,지상,1,4번 출입구,지하,B1,4번 출입구,1200,1805-229,S
2026-08-19 09:55,1041713,승강기)에스컬레이터-낙성대 4번출구 상행2,2호선,0227,낙성대,227,20210527,상행,2,4,지하,B1,4번 출입구,지상,1,4번 출입구,800,1803-574,S
2026-08-19 09:55,1061497,승강기)에스컬레이터-사당(2) 외선(8-1) 3호기,2호선,0226,사당,226,20210527,하행,3,내부,지하,B1,방배 방면8-1,지하,B2,방배 방면8-1,1200,1804-020,S
2026-08-19 09:55,1156473,승강기)에스컬레이터-신림 2번출구 3호기,2호선,0230,신림,230,20210527,하행,3,2,지상,1,2번 출입구,지하,B1,2번 출입구,1200,1803-563,S
2026-08-19 09:55,1202766,승강기)에스컬레이터-잠실 1번출구 상행4,2호선,0216,잠실,216,20210527,상행,4,1,지하,B1,1번 출입구,지상,1,1번 출입구,1200,1808-874,S
2026-08-19 09:55,1041524,승강기)에스컬레이터-독립문 내부 1호기,3호선,0316,독립문,326,20210527,하행,1,내부,지하,B2,"무악재 방면4-4, 경복궁 방면7-1",지하,B3,"무악재 방면4-4, 경복궁 방면7-1",1200,1800-879,S
2026-08-19 09:55,1567029,승강기)에스컬레이터-압구정 3번 출입구 6호기,3호선,0326,압구정,336,20210527,하행,6,3,지상,1,3번 출입구,지하,BM1,3번 출입구,1200,1811-391,S
2026-08-19 09:55,1123289,승강기)에스컬레이터-안국 내부 7호기,3호선,0318,안국,328,20210527,하행,7,내부,지하,B2,"대합실(2,3,4,5번 출입구)",지하,B3,"대합실(2,3,4,5번 출입구)",1200,1801-138,S
2026-08-19 09:55,1126380,승강기)에스컬레이터-가락시장(3) 내부 12호기,3호선,0340,가락시장,350,20210527,하행,12,내부,지하,B4,경찰병원 방면5-2,지하,B2,경찰병원 방면5-2,1200,1808-606,S
2026-08-19 09:55,1774128,승강기)에스컬레이터-하남검단산역 1번 출입구 13호기,5호선,2566,하남검단산,558,20211025,상행,13,1,지하,B2,1번 출입구,지상,1,1번 출입구,1200형,3811-871,S
2026-08-19 09:55,1774132,승강기)에스컬레이터-하남검단산역 3번 출입구 17호기,5호선,2566,하남검단산,558,20211025,상행,17,3,지하,B2,3번 출입구,지상,1,3번 출입구,1200형,3811-877,S
2026-08-19 09:55,1310557,승강기)에스컬레이터-공덕 외부10,5호선,2530,공덕,529,20210527,상행,10,4,지하,B1,4번 출입구,지상,1,4번 출입구,800,1808-910,S
2026-08-19 09:55,1548109,승강기)에스컬레이터-오목교 내부9,5호선,2522,오목교,521,20210527,상행,9,내부,지하,B3,양평 방면3-2,지하,B2,양평 방면3-2,1200,1809-958,S
2026-08-19 09:55,1310680,승강기)에스컬레이터-장한평 내부2,5호선,2544,장한평,543,20210527,상행,2,내부,지하,B2,대합실,지하,B1,대합실,1200,1803-266,S
2026-08-20 09:55,1127076,승강기)에스컬레이터-뚝섬 2번 출구 4호기,2호선,0210,뚝섬,210,20210527,상행,4,2,지상,2,2번 출입구,지상,1,2번 출입구,800,1800-471,S
2026-08-20 09:55,1041645,승강기)에스컬레이터-서울대입구 외선(9-1) 4호기,2호선,0228,서울대입구,228,20210527,상행,4,내부,지하,B1,"봉천 방면2-4, 낙성대 방면8-4",지하,B2,"봉천 방면2-4, 낙성대 방면8-4",1200,1803-449,S
2026-08-20 09:55,1141464,승강기)에스컬레이터-구로디지털단지 3번출구 하행2,2호선,0232,구로디지털단지,232,20210527,하행,2,3,지상,2,3번 출입구,지상,1,3번 출입구,1200,1803-561,S
2026-08-20 09:55,1041708,승강기)에스컬레이터-역삼 3번출구 9호기,2호선,0221,역삼,221,20210527,하행,9,3,지상,1,3번 출입구,지하,B1,3번 출입구,1200,1801-830,S
2026-08-20 09:55,1153338,승강기)에스컬레이터-대림 5번출구 상행6,2호선,0233,대림,233,20210527,상행,6,5,지상,1,5번 출입구,지상,2,5번 출입구,1200,1807-690,S
2026-08-20 09:55,1126522,승강기)에스컬레이터-경찰병원 승강장(5-3) 9호기,3호선,0341,경찰병원,351,20210527,하행,9,내부,지하,B1,오금 방면5-3,지하,B2,오금 방면5-3,1200,1809-383,S
2026-08-20 09:55,1041487,승강기)에스컬레이터-경복궁 내부 6호기,3호선,0317,경복궁,327,20210527,상행,6,내부,지하,B2,대합실(E계단),지하,B1,대합실(E계단),1200,1800-310,S
2026-08-20 09:55,1041589,승강기)에스컬레이터-충무로(4) 내부 2호기,4호선,0423,충무로,423,20210527,상행,2,내부,지하,B3,동대문역사문화공원 방면4-2,지하,B2,동대문역사문화공원 방면4-2,1200,1808-129,S
2026-08-20 09:55,1500050,승강기)에스컬레이터-미아 6번 출입구 5호기,4호선,0415,미아,415,20210527,하행,5,6,지상,1,6번 출입구,지하,B1,6번 출입구,800,1803-201,S
2026-08-20 09:55,1310516,승강기)에스컬레이터-여의도 내부1,5호선,2527,여의도,526,20210527,하행,1,내부,지하,B1,대합실,지하,B3,대합실,1200,1804-452,S
2026-08-20 09:55,1780961,승강기)에스컬레이터-상일동 7번 출입구 외부 15호기,5호선,2554,상일동,553,20220709,상행,15,7,지하,B1,7번 출입구,지상,1,7번 출입구,,1811-723,S
2026-08-21 09:58,1041606,승강기)에스컬레이터-동묘앞(1) 2번출구 9호기,1호선,0159,동묘앞,127,20210527,하행,9,2,지상,1,2번 출입구,지하,B1,2번 출입구,1200,1800-058,S
2026-08-21 09:58,1127051,승강기)에스컬레이터-홍대입구 2번출구 3호기,2호선,0239,홍대입구,239,20210527,하행,3,2,지상,1,2번 출입구,지하,B2,2번 출입구,1200,1808-983,S
2026-08-21 09:58,1135618,승강기)에스컬레이터-신당(2) 3번출구 1호기,2호선,0206,신당,206,20210527,하행,1,3,지상,1,3번 출입구,지하,B1,3번 출입구,1200,1801-299,S
2026-08-21 09:58,1834783,승강기)에스컬레이터-구의 3번 출입구 하행8,2호선,0213,구의,213,20260805,하행,8,3번 출입구,지하,B1,3번 출입구,지상,1,3번 출입구,1200,1817-706,M
2026-08-21 09:58,1143615,승강기)에스컬레이터-시청(2) 내부화장실 근접 6호기,2호선,0201,시청,201,20210527,상행,6,내부,지하,B2,환승통로(1호선 방면 내부화장실 근접),지하,B1,환승통로(1호선 방면 내부화장실 근접),1200,1808-575,S
2026-08-21 09:58,1156468,승강기)에스컬레이터-서울대입구 3번출구 6호기,2호선,0228,서울대입구,228,20210527,상행,6,3,지하,B1,3번 출입구,지상,1,3번 출입구,1200,1803-451,S
2026-08-21 09:58,1041504,승강기)에스컬레이터-고속터미널 내부 19호기,3호선,0329,고속터미널,339,20210527,하행,19,내부,지하,B1,환승통로(경부선 방면),지하,B2,환승통로(경부선 방면),1200,1802-109,S
2026-08-21 09:58,1134080,승강기)에스컬레이터-금호 2번출구 하행1,3호선,0324,금호,334,20210527,하행,1,3,지상,1,3번 출입구,지하,B1,3번 출입구,1200,1800-224,S
2026-08-21 09:58,1790211,승강기)에스컬레이터-충무로(4) 5번 출입구 23호기,4호선,0423,충무로,423,20230327,상행,23,5,지하,B1,(1F) 5번 출입구 근처,지상,1,(1F) 5번 출입구 근처,1200형,1810-866,S
2026-08-21 09:58,1202856,승강기)에스컬레이터-신용산 4번출구 4호기,4호선,0429,신용산,429,20210527,하행,4,4,지하,B1,4번 출입구,지상,1,4번 출입구,1200,1810-472,S
2026-08-21 09:58,1310417,승강기)에스컬레이터-까치산 내부3,5호선,2519,까치산,518,20210527,하행,3,내부,지하,B1,신정 방면7-2,지하,B5,신정 방면7-2,1200,1808-073,S
2026-08-21 09:58,1774100,승강기)에스컬레이터-하남시청역 내부 13호기,5호선,2565,하남시청,557,20211025,상행,13,내부,지하,B1,"대합실(1,2번 출입구)",,1,"대합실(1,2번 출입구)",1200형,3811-986,S
2026-08-21 09:58,1310496,승강기)에스컬레이터-영등포시장 내부4,5호선,2525,영등포시장,524,20210527,하행,4,내부,지하,B1,대합실,지하,B2,대합실,1200,1809-954,S
2026-08-21 09:58,1310497,승강기)에스컬레이터-영등포시장 내부5,5호선,2525,영등포시장,524,20210527,하행,5,내부,지하,B2,대합실,지하,B3,대합실,1200,1809-960,S
2026-08-21 09:58,1831409,승강기)에스컬레이터-왕십리 내부2,5호선,2541,왕십리,540,20251219,하행,2,내부,지하,B2,지하철경찰대 측(지하4층),지하,B4,지하철경찰대 측(지하4층),1200,1800-561,S
2026-08-21 09:58,1310551,승강기)에스컬레이터-공덕 내부4,5호선,2530,공덕,529,20210527,하행,4,내부,지하,B2,"마포 방면1-1, 애오개 방면8-4",지하,B3,"마포 방면1-1, 애오개 방면8-4",800,1808-906,S
2026-08-21 09:58,1310574,승강기)에스컬레이터-충정로(5) 내부 3호기,5호선,2532,충정로,531,20210527,하행,3,내부,지하,B2,대합실,지하,B4,대합실,1200,1800-578,S
2026-08-21 09:58,1786695,승강기)에스컬레이터-군자역 8번출입구 E/S 1200형 8호기,5호선,2545,군자,544,20230120,하행,8,8,지상,1,8번 출입구,지하,B1,8번 출입구,1200형,1811-832,S
2026-08-21 09:58,1548576,승강기)에스컬레이터-신정 외부9,5호선,2520,신정,519,20210527,하행,9,1,지상,1,1번 출입구,지하,BM2,1번 출입구,800,1808-067,S
2026-08-22 09:55,1153440,승강기)에스컬레이터-신정네거리 1번출구 2호기,2호선,0249,신정네거리,234-3,20210527,상행,2,1,지하,B1,1번 출입구,지상,1,1번 출입구,800,3810-961,S
2026-08-22 09:55,1145316,승강기)에스컬레이터-대치 내부 4호기,3호선,0335,대치,345,20210527,상행,4,내부,지하,B3,"도곡 방면10-4, 학여울 방면1-1",지하,B2,"도곡 방면10-4, 학여울 방면1-1",1200,1807-888,S
2026-08-22 09:55,1310406,승강기)에스컬레이터-우장산 외부3,5호선,2517,우장산,516,20210527,상행,3,3,지하,B1,3번 출입구,지상,1,3번 출입구,800,1807-191,S
2026-08-22 09:55,1310511,승강기)에스컬레이터-신길 내부 7호기,5호선,2526,신길,525,20210527,하행,7,내부,지하,B3,영등포시장 방면7-3,지하,B4,영등포시장 방면7-3,1200,1804-427,S
2026-08-22 09:55,1310601,승강기)에스컬레이터-종로3가(5) 내부 4호기,5호선,2535,종로3가,534,20210527,하행,4,내부,지하,B1,"대합실(4,5번 출입구 사이)",지하,B3,"대합실(4,5번 출입구 사이)",1200,1800-011,S
2026-08-23 09:59,1127081,승강기)에스컬레이터-구의 4번출구 하행3,2호선,0213,구의,213,20210527,하행,3,4,지상,1,4번 출입구,지상,2,4번 출입구,1200,1803-426,S
2026-08-23 09:59,1041488,승강기)에스컬레이터-경복궁 내부 7호기,3호선,0317,경복궁,327,20210527,하행,7,내부,지하,B1,대합실(H계단),지하,B2,대합실(H계단),1200,1800-005,S
2026-08-23 09:59,1126670,승강기)에스컬레이터-오금 2번출구 15호기,3호선,0342,오금,352,20210527,상행,15,2,지하,B1,2번 출입구,지상,1,2번 출입구,1200,1809-374,S
2026-08-23 09:59,1127055,승강기)에스컬레이터-신사 5번출구 상행4,3호선,0327,신사,337,20210527,상행,4,5,지하,B1,5번 출입구,지상,1,5번 출입구,1200,1802-052,S
2026-08-23 09:59,1126370,승강기)에스컬레이터-가락시장(3) 내부 2호기,3호선,0340,가락시장,350,20210527,상행,2,내부,지하,B4,수서 방면4-4,지하,B2,수서 방면4-4,1200,1809-396,S
2026-08-23 09:59,1310405,승강기)에스컬레이터-우장산 외부2,5호선,2517,우장산,516,20210527,상행,2,2,지하,B1,2번 출입구,지상,1,2번 출입구,800,1808-084,S
2026-08-23 09:59,1831911,승강기)에스컬레이터-김포공항 내부7,5호선,2513,김포공항,512,20260112,상행,E/S 7호기,내부,지하,B3,송정 방면5-4,지하,B2,송정 방면5-4,1200,1808-091,S
2026-08-23 09:59,1833229,승강기)에스컬레이터-둔촌동 2번 출입구 7호기,5호선,2555,둔촌동,P549,20260430,하행,7,2번 출입구,지상,1,2번 출입구,지하,B1,2번 출입구,1200,1817-759,S
2026-08-23 09:59,1780957,승강기)에스컬레이터-상일동 5번 출입구 외부 11호기,5호선,2554,상일동,553,20220709,상행,11,5,지하,B1,5번 출입구,지상,1,5번 출입구,,1811-737,S
2026-08-23 09:59,1781288,승강기)에스컬레이터-강일역 2번 출입구 11호기,5호선,2562,강일,554,20220814,상행,11,2,지하,B1,2번 출입구,지상,1,2번 출입구,,1811-829,S
2026-08-23 09:59,1310699,승강기)에스컬레이터-아차산 외부6,5호선,2546,아차산,545,20210527,하행,6,3,지상,1,3번 출입구,지하,B1,3번 출입구,1200,1809-086,S
2026-08-24 09:57,1041608,승강기)에스컬레이터-동묘앞(1) 청량리방향(9-1) 1호기,1호선,0159,동묘앞,127,20210527,하행,1,내부,지하,B2,신설동 방면9-1,지하,B3,신설동 방면9-1,1200,1800-055,S
2026-08-24 09:57,1141460,승강기)에스컬레이터-왕십리 내선 3-1 하행7,2호선,0208,왕십리,208,20210527,하행,7,내부,지하,B1,한양대 방면3-1,지하,B2,한양대 방면3-1,1200,1808-501,S
2026-08-24 09:57,1202846,승강기)에스컬레이터-상왕십리 1번출구 4호기,2호선,0207,상왕십리,207,20210527,상행,4,1,지하,B2,1번 출입구,지하,B1,1번 출입구,1200,1812-871,S
2026-08-24 09:57,1202847,승강기)에스컬레이터-상왕십리 1-1번출구 5호기,2호선,0207,상왕십리,207,20210527,상행,5,1-1,지하,B1,1-1번 출입구,지상,1,1-1번 출입구,1200,1809-944,S
2026-08-24 09:57,1127061,승강기)에스컬레이터-양재 5번출구 상행2,3호선,0332,양재,342,20210527,상행,2,5,지하,B1,5번 출입구,지상,1,5번 출입구,1200,1802-399,S
2026-08-24 09:57,1153434,승강기)에스컬레이터-대청 6번출구 상행2,3호선,0337,대청,347,20210527,상행,2,6,지하,B1,6번 출입구,지상,1,6번 출입구,800,1807-885,S
2026-08-24 09:57,1567030,승강기)에스컬레이터-압구정 3번 출입구 7호기,3호선,0326,압구정,336,20210527,상행,7,3,지하,BM1,3번 출입구,지상,1,3번 출입구,1200,1811-392,S
2026-08-25 09:57,1143970,승강기)에스컬레이터-서울(1)역 상행(9-3) 3호기,1호선,0150,서울역,133,20210527,상행,3,내부,지하,B2,"시청 방면9-3,남영 방면2-3",지하,B1,"시청 방면9-3,남영 방면2-3",1200,1806-599,S
2026-08-25 09:57,1143983,승강기)에스컬레이터-종로3가(1) 14번출구 3호기,1호선,0153,종로3가,130,20210527,하행,3,14,지상,1,14번 출입구,지하,B1,14번 출입구,1200,1806-597,S
2026-08-25 09:57,1143992,승강기)에스컬레이터-종로3가(1) 14번출구 4호기,1호선,0153,종로3가,130,20210527,상행,4,14,지하,B1,14번 출입구,지상,1,14번 출입구,1200,1806-598,S
2026-08-25 09:57,1061499,승강기)에스컬레이터-사당(2) 내선(3-3) 6호기,2호선,0226,사당,226,20210527,상행,6,내부,지하,B2,낙성대 방면3-3,지하,B1,낙성대 방면3-3,1200,1804-275,S
2026-08-25 09:57,1202765,승강기)에스컬레이터-잠실 1번출구 하행3,2호선,0216,잠실,216,20210527,하행,3,1,지상,1,1번 출입구,지하,B1,1번 출입구,1200,1808-875,S
2026-08-25 09:57,1202768,승강기)에스컬레이터-잠실 2번출구 상행6,2호선,0216,잠실,216,20210527,상행,6,2,지하,B1,2번 출입구,지상,1,2번 출입구,1200,1807-811,S
2026-08-25 09:57,1126668,승강기)에스컬레이터-오금 1번출구 13호기,3호선,0342,오금,352,20210527,하행,13,1,지상,1,1번 출입구,지하,B1,1번 출입구,1200,1809-372,S
2026-08-25 09:57,1126669,승강기)에스컬레이터-오금 1번출구 14호기,3호선,0342,오금,352,20210527,상행,14,1,지하,B1,1번 출입구,지상,1,1번 출입구,1200,1809-373,S
2026-08-25 09:57,1041506,승강기)에스컬레이터-고속터미널 내부 21호기,3호선,0329,고속터미널,339,20210527,하행,21,내부,지하,B1,환승통로(경부선 방면),지하,B2,환승통로(경부선 방면),1200,1809-328,S
2026-08-25 09:57,1129152,승강기)에스컬레이터-경찰병원 1번출구 13호기,3호선,0341,경찰병원,351,20210527,하행,13,1,지상,1,1번 출입구,지하,B1,1번 출입구,1200,1809-387,S
2026-08-25 09:57,1126389,승강기)에스컬레이터-가락시장(3) 8번 출구 21호기,3호선,0340,가락시장,350,20210527,하행,21,8,지상,1,8번 출입구,지하,B2,8번 출입구,1200,1808-616,S
2026-08-25 09:57,1156476,승강기)에스컬레이터-이촌 1번출구 하행1,4호선,0430,이촌,430,20210527,하행,1,1,지상,1,1번 출입구,지하,B1,1번 출입구,1200,1808-990,S
2026-08-25 09:57,1156477,승강기)에스컬레이터-이촌 1번출구 상행2,4호선,0430,이촌,430,20210527,상행,2,1,지하,B1,1번 출입구,지상,1,1번 출입구,1200,1808-989,S
2026-08-25 09:57,1310420,승강기)에스컬레이터-까치산 내부6,5호선,2519,까치산,518,20210527,하행,6,내부,지하,B1,화곡 방면7-3,지하,B5,화곡 방면7-3,1200,1807-712,S
2026-08-25 09:57,1774111,승강기)에스컬레이터-하남시청역 내부 24호기,5호선,2565,하남시청,557,20211025,하행,24,5,지상,1,5번 출입구,지하,B1,5번 출입구,1200형,3811-944,S
2026-08-25 09:57,1310478,승강기)에스컬레이터-영등포구청 내부5,5호선,2524,영등포구청,523,20210527,하행,5,내부,지하,B1,환승통로(2호선 방면),지하,B4,환승통로(2호선 방면),1200,1804-456,S
2026-08-25 09:57,1310518,승강기)에스컬레이터-여의도 내부3,5호선,2527,여의도,526,20210527,상행,3,내부,지하,B3,대합실,지하,B1,대합실,1200,1804-454,S
2026-08-25 09:57,1774716,승강기)에스컬레이터-마천역 1번 출입구 5호기,5호선,2561,마천,P555,20211125,하행,5,1,지상,1,1번 출입구,지하,B1,1번 출입구,1200형,1801-975,S
2026-08-25 09:57,1310544,승강기)에스컬레이터-마포 외부9,5호선,2529,마포,528,20210527,상행,9,3,지하,B1,3번 출입구,지상,1,3번 출입구,1200,1800-848,S
2026-08-25 09:57,1310567,승강기)에스컬레이터-애오개 내부4,5호선,2531,애오개,530,20210527,하행,4,내부,지하,B1,대합실,지하,B3,대합실,1200,1810-124,S
2026-08-25 09:57,1310598,승강기)에스컬레이터-종로3가(5) 내부 1호기,5호선,2535,종로3가,534,20210527,상행,1,내부,지하,B5,"광화문 방면1-1, 을지로4가 방면8-4",지하,B3,"광화문 방면1-1, 을지로4가 방면8-4",1200,1800-008,S
2026-08-25 09:57,1310604,승강기)에스컬레이터-종로3가(5) 내부 7호기,5호선,2535,종로3가,534,20210527,상행,7,내부,지하,B4,환승통로(광화문 방면8-4 을지로4가 방면1-1),지하,B3,환승통로(광화문 방면8-4 을지로4가 방면1-1),1200,1800-014,S
2026-08-25 09:57,1310605,승강기)에스컬레이터-종로3가(5) 내부 8호기,5호선,2535,종로3가,534,20210527,상행,8,내부,지하,B4,환승통로(광화문 방면8-4 을지로4가 방면1-1),지하,B3,환승통로(광화문 방면8-4 을지로4가 방면1-1),1200,1800-017,S
2026-08-25 09:57,1310646,승강기)에스컬레이터-행당 외부7,5호선,2540,행당,539,20210527,상행,7,4,지하,B1,4번 출입구,지상,1,4번 출입구,800,1809-473,S
2026-08-25 09:57,1310689,승강기)에스컬레이터-군자 외부3,5호선,2545,군자,544,20210527,상행,3,4,지하,B1,4번 출입구,지상,1,4번 출입구,1200,1808-589,S
2026-08-25 09:57,1310695,승강기)에스컬레이터-아차산 외부2,5호선,2546,아차산,545,20210527,하행,2,1,지상,1,1번 출입구,지하,B1,1번 출입구,800,1803-349,S
2026-08-26 09:58,1143984,승강기)에스컬레이터-문래 1번출구 하행1,2호선,0235,문래,235,20210527,하행,1,1,지상,1,1번 출입구,지하,B1,1번 출입구,800,1807-182,S
2026-08-26 09:58,1126664,승강기)에스컬레이터-오금(3) 내부 9호기,3호선,0342,오금,352,20210527,하행,9,내부,지하,B2,오금 방면9-3,지하,B3,오금 방면9-3,1200,1809-368,S
2026-08-26 09:58,1041529,승강기)에스컬레이터-불광(3) 5번출구 상행2,3호선,0312,불광,322,20210527,상행,2,5,지하,B1,5번 출입구,지상,1,5번 출입구,800,1808-125,S
2026-08-26 09:58,1126377,승강기)에스컬레이터-가락시장(3) 내부 9호기,3호선,0340,가락시장,350,20210527,하행,9,내부,지하,B3,경찰병원 방면3-2,지하,B4,경찰병원 방면3-2,1200,1808-603,S
2026-08-26 09:58,1310505,승강기)에스컬레이터-신길 3번 출입구 1호기,5호선,2526,신길,525,20210527,상행,1,3,지하,B3,3번 출입구,지상,1,3번 출입구,1200,1804-421,S
2026-08-26 09:58,1310590,승강기)에스컬레이터-광화문 내부2,5호선,2534,광화문,533,20210527,하행,2,내부,지하,B2,"서대문 방면1-1, 종로3가 방면8-4",지하,B3,"서대문 방면1-1, 종로3가 방면8-4",1200,1800-312,S
2026-08-27 15:49,1041611,승강기)에스컬레이터-동묘앞(1) 시청방향(5-4) 4호기,1호선,0159,동묘앞,127,20210527,상행,4,내부,지하,B2,동대문 방면5-4,지하,B1,동대문 방면5-4,1200,1800-060,S
2026-08-27 15:49,1041459,승강기)에스컬레이터-역삼 외부 4호기,2호선,0221,역삼,221,20210527,상행,4,내부,지하,B1,"대합실(1,2,5,6,7,8번 출입구 방면)",지상,1,"대합실(1,2,5,6,7,8번 출입구 방면)",1200,1805-224,S
2026-08-27 15:49,1041467,승강기)에스컬레이터-이대 내부 2호기,2호선,0241,이대,241,20210527,상행,2,내부,지하,B3,"신촌 방면2-2, 아현 방면9-3",지하,B2,"신촌 방면2-2, 아현 방면9-3",1200,1800-771,S
2026-08-27 15:49,1127052,승강기)에스컬레이터-홍대입구 2번출구 4호기,2호선,0239,홍대입구,239,20210527,상행,4,2,지하,B2,2번 출입구,지상,1,2번 출입구,1200,1808-984,S
2026-08-27 15:49,1143987,승강기)에스컬레이터-구의 2번출구 하행5,2호선,0213,구의,213,20210527,하행,5,2,지상,1,2번 출입구,지상,2,2번 출입구,1200,1806-177,S
2026-08-27 15:49,1145416,승강기)에스컬레이터-서초 4번출구 하행 5,2호선,0224,서초,224,20210527,하행,5,4,지상,1,4번 출입구,지하,B1,4번 출입구,1200,1807-000,S
2026-08-27 15:49,1126525,승강기)에스컬레이터-경찰병원 승강장(9-4) 12호기,3호선,0341,경찰병원,351,20210527,상행,12,내부,지하,B2,오금 방면9-4,지하,B1,오금 방면9-4,1200,1809-386,S
2026-08-27 15:49,1041502,승강기)에스컬레이터-고속터미널 내부 17호기,3호선,0329,고속터미널,339,20210527,하행,17,내부,지하,B1,환승통로(경부선 방면),지하,B2,환승통로(경부선 방면),1200,1809-326,S
2026-08-27 15:49,1041507,승강기)에스컬레이터-고속터미널 내부 22호기,3호선,0329,고속터미널,339,20210527,상행,22,내부,지하,B2,환승통로(경부선 방면),지하,B1,환승통로(경부선 방면),1200,1809-329,S
2026-08-27 15:49,1041508,승강기)에스컬레이터-고속터미널 내부 23호기,3호선,0329,고속터미널,339,20210527,하행,23,내부,지하,B1,환승통로(경부선 방면),지하,B2,환승통로(경부선 방면),1200,1809-338,S
2026-08-27 15:49,1041692,승강기)에스컬레이터-수서 6번출구 5호기,3호선,0339,수서,349,20210527,하행,5,6,지상,1,6번 출입구,지하,B1,6번 출입구,1200,1802-117,S
2026-08-27 15:49,1041693,승강기)에스컬레이터-수서 6번출구 6호기,3호선,0339,수서,349,20210527,상행,6,6,지하,B1,6번 출입구,지상,1,6번 출입구,1200,1802-118,S
2026-08-27 15:49,1145308,승강기)에스컬레이터-도곡 내부 4호기,3호선,0334,도곡,344,20210527,상행,4,내부,지하,B4,매봉 방면7-4,지하,B2,매봉 방면7-4,1200,1807-912,S
2026-08-27 15:49,1798405,승강기)에스컬레이터-독립문 4번 출입구 8호기,3호선,0316,독립문,326,20231103,상행,8,4,지하,B1,4번 출입구,지상,1,4번 출입구,800형,1815-112,S
2026-08-27 15:49,1126373,승강기)에스컬레이터-가락시장(3) 내부 5호기,3호선,0340,가락시장,350,20210527,상행,5,내부,지하,B3,수서 방면8-3,지하,B4,수서 방면8-3,1200,1809-399,S
2026-08-27 15:49,1041580,승강기)에스컬레이터-충무로(4) 내부 9호기,4호선,0423,충무로,423,20210527,하행,9,내부,지하,B1,대합실(동대문역사문화공원 방면4-2),지하,B2,대합실(동대문역사문화공원 방면4-2),1200,1808-136,S
2026-08-27 15:49,1041655,승강기)에스컬레이터-노원(4) 1번출구 2호기,4호선,0411,노원,411,20210527,상행,2,1,지상,1,1번 출입구,지상,2,1번 출입구,1200,1803-067,S
2026-08-27 15:49,1153344,승강기)에스컬레이터-혜화 3번출구 상행4,4호선,0420,혜화,420,20210527,상행,4,3,지하,B1,3번 출입구,지상,1,3번 출입구,1200,1810-100,S
2026-08-27 15:49,1310811,승강기)에스컬레이터-개롱 외부1,5호선,2559,개롱,P553,20210527,하행,1,3,지상,1,3번 출입구,지하,B1,3번 출입구,800,1805-655,S
2026-08-27 15:49,1310812,승강기)에스컬레이터-개롱 외부2,5호선,2559,개롱,P553,20210527,상행,2,3,지하,B1,3번 출입구,지상,1,3번 출입구,800,1805-656,S
2026-08-27 15:49,1310419,승강기)에스컬레이터-까치산 내부5,5호선,2519,까치산,518,20210527,상행,5,내부,지하,B5,화곡 방면7-3,지하,B1,화곡 방면7-3,1200,1807-711,S
2026-08-27 15:49,1310421,승강기)에스컬레이터-까치산 내부7,5호선,2519,까치산,518,20210527,상행,7,내부,지하,B5,신정 방면2-2,지하,B1,신정 방면2-2,1200,1808-077,S
2026-08-27 15:49,1310445,승강기)에스컬레이터-목동 외부1,5호선,2521,목동,520,20210527,하행,1,1,지하,B1,1번 출입구,지상,1,1번 출입구,800,1804-711,S
2026-08-27 15:49,1831910,승강기)에스컬레이터-김포공항 내부6,5호선,2513,김포공항,512,20260112,상행,E/S 6호기,내부,지하,B3,개화산 방면5-4,지하,B2,개화산 방면5-4,1200,1808-090,S
2026-08-27 15:49,1780962,승강기)에스컬레이터-상일동 7번 출입구 외부 16호기,5호선,2554,상일동,553,20220709,하행,16,7,지상,1,7번 출입구,지하,B1,7번 출입구,,1811-724,S
2026-08-27 15:49,1310589,승강기)에스컬레이터-광화문 내부1,5호선,2534,광화문,533,20210527,상행,1,내부,지하,B3,"서대문 방면1-1, 종로3가 방면8-4",지하,B2,"서대문 방면1-1, 종로3가 방면8-4",1200,1800-311,S
2026-08-27 15:49,1310600,승강기)에스컬레이터-종로3가(5) 내부 3호기,5호선,2535,종로3가,534,20210527,상행,3,내부,지하,B3,"대합실(4,5번 출입구 사이)",지하,B1,"대합실(4,5번 출입구 사이)",1200,1800-010,S
2026-08-27 15:49,1310602,승강기)에스컬레이터-종로3가(5) 내부 5호기,5호선,2535,종로3가,534,20210527,하행,5,내부,지하,B3,환승통로(광화문 방면8-4 을지로4가 방면1-1),지하,B4,환승통로(광화문 방면8-4 을지로4가 방면1-1),1200,1800-012,S
2026-08-27 15:49,1310673,승강기)에스컬레이터-답십리 외부3,5호선,2543,답십리,542,20210527,하행,3,5,지상,1,5번 출입구,지하,BM1,5번 출입구,1200,1809-476,S
2026-08-29 14:16,1153427,승강기)에스컬레이터-청량리 2번출구 하행3,1호선,0158,청량리,124,20210527,하행,3,2,지상,1,2번 출입구,지하,B1,2번 출입구,1200,1806-436,S
2026-08-29 14:16,1041466,승강기)에스컬레이터-이대 내부 1호기,2호선,0241,이대,241,20210527,하행,1,내부,지하,B2,"아현 방면9-3, 신촌 방면2-2",지하,B3,"아현 방면9-3, 신촌 방면2-2",1200,1800-770,S
2026-08-29 14:16,1127082,승강기)에스컬레이터-구의 4번출구 상행4,2호선,0213,구의,213,20210527,상행,4,4,지상,2,4번 출입구,지상,1,4번 출입구,1200,1803-427,S
2026-08-29 14:16,1141459,승강기)에스컬레이터-왕십리 내선 2-3 상행6,2호선,0208,왕십리,208,20210527,상행,6,내부,지하,B2,한양대 방면2-3,지하,B1,한양대 방면2-3,800,1809-219,S
2026-08-29 14:16,1202771,승강기)에스컬레이터-홍대입구 1번출구 6호기,2호선,0239,홍대입구,239,20210527,상행,6,1,지하,B3,1번 출입구,지하,B2,1번 출입구,1200,1808-586,S
2026-08-29 14:16,1146223,승강기)에스컬레이터-총신대입구 14번출구 2호기,4호선,0432,총신대입구,432,20210527,상행,2,14,지하,B1,14번 출입구,지상,1,14번 출입구,1200,1807-713,S
2026-08-29 14:16,1151801,승강기)에스컬레이터-남태령 내부(8-3) 2호기,4호선,0434,남태령,434,20210527,상행,2,내부,지하,B3,"선바위 방면3-2,사당 방면8-3",지하,B2,"선바위 방면3-2,사당 방면8-3",1200,1802-113,S
2026-08-29 14:16,1310397,승강기)에스컬레이터-마곡 외부6,5호선,2515,마곡,514,20210527,하행,6,6,지상,1,6번 출입구,지하,B1,6번 출입구,1200,1807-786,S
2026-08-29 14:16,1774129,승강기)에스컬레이터-하남검단산역 1번 출입구 14호기,5호선,2566,하남검단산,558,20211025,하행,14,1,지상,1,1번 출입구,지하,B2,1번 출입구,1200형,3811-872,S
2026-08-29 14:16,1774149,승강기)에스컬레이터-강일역 4번 출입구 16호기,5호선,2562,강일,554,20211025,하행,16,4,지상,1,4번 출입구,지하,B2,4번 출입구,1200형,1811-754,S
2026-08-29 14:16,1500623,승강기)에스컬레이터-동대문역사문화공원(5) 내부5,5호선,2537,동대문역사문화공원,536,20210527,상행,5,내부,지하,B4,"환승통로(2,4호선 방면)",지하,B2,"환승통로(2,4호선 방면)",1200,1808-966,S
2026-08-29 14:16,1785790,승강기)에스컬레이터-방화 내부 E/S 1200형 2호기,5호선,2511,방화,510,20230110,하행,2,내부,지하,BM1,"1,2번 출입구 사이(중간계단)",지하,B1,"1,2번 출입구 사이(중간계단)",1200형,1814-796,S
2026-08-30 12:09,1126665,승강기)에스컬레이터-오금(3) 내부 10호기,3호선,0342,오금,352,20210527,하행,10,내부,지하,B3,오금 방면9-3,지하,B2,오금 방면9-3,1200,1809-369,S
2026-08-30 12:09,1123283,승강기)에스컬레이터-안국 내부 1호기,3호선,0318,안국,328,20210527,하행,1,내부,지하,B3,"종로3가 방면7-2, 경복궁 방면4-3",지하,B4,"종로3가 방면7-2, 경복궁 방면4-3",1200,1801-132,S
2026-08-30 12:09,1123285,승강기)에스컬레이터-안국 내부 3호기,3호선,0318,안국,328,20210527,하행,3,내부,지하,B3,"종로3가 방면4-4, 경복궁 방면7-1",지하,B4,"종로3가 방면4-4, 경복궁 방면7-1",1200,1801-134,S
2026-08-30 12:09,1123291,"승강기)에스컬레이터-종로3가(3) 3,5연결통로 3호기",3호선,0319,종로3가,329,20210527,하행,3,내부,지하,B1,환승통로(5호선 방면),지하,B3,환승통로(5호선 방면),1200,1800-082,S
2026-08-30 12:09,1061508,승강기)에스컬레이터-동대문(4) 상행(8-2) 4호기,4호선,0421,동대문,421,20210527,상행,4,내부,지하,B4,"혜화 방면8-2,동대문역사문화공원 방면3-3",지하,B2,"혜화 방면8-2,동대문역사문화공원 방면3-3",1200,1801-114,S
2026-08-30 12:09,1774139,승강기)에스컬레이터-강일역 내부 4호기,5호선,2562,강일,554,20211025,하행,4,내부,지하,B2,미사 방면7-2,지하,B3,미사 방면7-2,1200형,1811-744,S
2026-08-31 12:03,1202780,승강기)에스컬레이터-종각 1번출구 상행1,1호선,0152,종각,131,20210527,상행,1,1,지상,1,1번 출입구,지하,B1,1번 출입구,1200,1810-730,S
2026-08-31 12:03,1133551,승강기)에스컬레이터-신대방 내선(3-4) 2호기,2호선,0231,신대방,231,20210527,상행,2,내부,지상,2,신림 방면4-3,지상,3,신림 방면4-3,1200,1803-537,S
2026-08-31 12:03,1041694,승강기)에스컬레이터-왕십리 3번출구 하행1,2호선,0208,왕십리,208,20210527,하행,1,3,지상,1,3번 출입구,지하,B1,3번 출입구,1200,1800-400,S
2026-08-31 12:03,1148886,승강기)에스컬레이터-잠실새내 8번출구 상행11,2호선,0217,잠실새내,217,20210527,상행,11,8,지하,B1,8번 출입구,지상,1,8번 출입구,1200,1802-749,S
2026-08-31 12:03,1804779,승강기)에스컬레이터-신림 8번출구 9호기,2호선,0230,신림,230,20240408,상행,9,8,지하,B1,8번 출입구,지상,1,8번 출입구,800형,1816-851,S
2026-08-31 12:03,1137934,승강기)에스컬레이터-수유(강북구청) 3번출구 상행2,4호선,0414,수유,414,20210527,상행,2,3,지하,B1,3번 출입구,지상,1,3번 출입구,1200,1809-187,S
2026-08-31 12:03,1774134,승강기)에스컬레이터-하남검단산역 4번 출입구 19호기,5호선,2566,하남검단산,558,20211025,상행,19,4,지하,B2,4번 출입구,지상,1,4번 출입구,1200형,3811-873,S
2026-08-31 12:03,1310548,승강기)에스컬레이터-공덕 내부1,5호선,2530,공덕,529,20210527,상행,1,내부,지하,B3,환승통로(애오개 방면8-4 마포 방면1-1),지하,B2,환승통로(애오개 방면8-4 마포 방면1-1),800,1808-903,S
2026-08-31 12:03,1310592,승강기)에스컬레이터-광화문 내부4,5호선,2534,광화문,533,20210527,하행,4,내부,지하,B1,대합실(광장 측),지하,B2,대합실(광장 측),1200,1800-314,S
2026-09-01 12:09,1148884,승강기)에스컬레이터-잠실새내 7번출구 상행9,2호선,0217,잠실새내,217,20210527,상행,9,7,지하,B1,7번 출입구,지상,1,7번 출입구,1200,1802-839,S
2026-09-01 12:09,1203764,승강기)에스컬레이터-동대문(4) 1호선연결 6호기,4호선,0421,동대문,421,20210527,상행,6,1,지하,B2,대합실,지하,B1,대합실,1200,1800-341,S
2026-09-01 12:09,1310404,승강기)에스컬레이터-우장산 외부1,5호선,2517,우장산,516,20210527,상행,1,1,지하,B1,1번 출입구,지상,1,1번 출입구,800,1808-083,M
2026-09-01 12:09,1310573,승강기)에스컬레이터-충정로(5) 내부 2호기,5호선,2532,충정로,531,20210527,상행,2,내부,지하,B4,대합실,지하,B2,대합실,1200,1800-577,S
2026-09-02 11:28,1041474,승강기)에스컬레이터-충정로(2) 내부 3호기,2호선,0243,충정로,243,20210527,하행,3,내부,지하,B1,"1,2,5,6번 출입구",지하,B2,"1,2,5,6번 출입구",1200,1809-207,S
2026-09-02 11:28,1041658,승강기)에스컬레이터-뚝섬 5번 출구 1호기,2호선,0210,뚝섬,210,20210527,하행,1,5,지상,1,5번 출입구,지상,2,5번 출입구,800,1808-121,S
2026-09-02 11:28,1041662,승강기)에스컬레이터-동역사(2) 3번출구 1호기,2호선,0205,동대문역사문화공원,205,20210527,하행,1,3,지상,1,3번 출입구,지하,B1,3번 출입구,800,1800-722,S
2026-09-02 11:28,1141463,승강기)에스컬레이터-구로디지털단지 2번출구 상행1,2호선,0232,구로디지털단지,232,20210527,상행,1,2,지상,1,2번 출입구,지상,2,2번 출입구,1200,1803-560,S
2026-09-02 11:28,1041717,승강기)에스컬레이터-종합운동장 4번출구 2호기,2호선,0218,종합운동장,218,20210527,상행,2,4,지하,B1,4번 출입구,지상,1,4번 출입구,1200,1801-773,S
2026-09-02 11:28,1500047,승강기)에스컬레이터-신정네거리 2번출구 3호기,2호선,0249,신정네거리,234-3,20210527,하행,3,2,지상,1,2번 출입구,지하,B1,2번 출입구,800,1811-014,S
2026-09-02 11:28,1153432,승강기)에스컬레이터-잠실나루 내부 2호기,2호선,0215,잠실나루,215,20210527,상행,2,내부,지상,1,"대합실(2,3번 출입구)",지상,2,"대합실(2,3번 출입구)",1200,1806-939,S
2026-09-02 11:28,1203540,승강기)에스컬레이터-을지로입구 1번출구 하행3,2호선,0202,을지로입구,202,20210527,하행,3,1,지상,1,1번 출입구,지하,B1,1번 출입구,1200,1800-930,S
2026-09-02 11:28,1126523,승강기)에스컬레이터-경찰병원 승강장(5-3) 10호기,3호선,0341,경찰병원,351,20210527,상행,10,내부,지하,B2,오금 방면5-3,지하,B1,오금 방면5-3,1200,1809-384,S
2026-09-02 11:28,1123295,승강기)에스컬레이터-고속터미널 내부 5호기,3호선,0329,고속터미널,339,20210527,상행,5,내부,지하,B2,잠원 방면7-2,지하,B3,잠원 방면7-2,1200,1802-103,S
2026-09-02 11:28,1126375,승강기)에스컬레이터-가락시장(3) 내부 7호기,3호선,0340,가락시장,350,20210527,상행,7,내부,지하,B4,수서 방면10-1,지하,B3,수서 방면10-1,1200,1808-601,S
2026-09-02 11:28,1041592,승강기)에스컬레이터-충무로(4) 내부 3호기,4호선,0423,충무로,423,20210527,상행,3,내부,지하,B2,명동 방면6-3,지하,B3,명동 방면6-3,1200,1808-130,S
2026-09-02 11:28,1137935,승강기)에스컬레이터-수유(강북구청) 8번출구 하행3,4호선,0414,수유,414,20210527,하행,3,8,지상,1,8번 출입구,지하,B1,8번 출입구,1200,1809-188,S
2026-09-02 11:28,1061507,승강기)에스컬레이터-동대문(4) 하행(3-3) 3호기,4호선,0421,동대문,421,20210527,하행,3,내부,지하,B2,"동대문역사문화공원 방면3-3,혜화 방면8-2",지하,B4,"동대문역사문화공원 방면3-3,혜화 방면8-2",1200,1801-113,S
2026-09-02 11:28,1061510,승강기)에스컬레이터-충무로(4) 3호선환승 18호기,4호선,0423,충무로,423,20210527,상행,18,내부,지하,B4,환승통로(동대입구 방면5-2),지하,B2,환승통로(동대입구 방면5-2),1200,1800-487,S
2026-09-02 11:28,1310474,승강기)에스컬레이터-영등포구청 내부1,5호선,2524,영등포구청,523,20210527,하행,1,내부,지하,B1,대합실,지하,B3,대합실,1200,1808-371,S
2026-09-02 11:28,1310556,승강기)에스컬레이터-공덕 외부9,5호선,2530,공덕,529,20210527,하행,9,4,지상,1,4번 출입구,지하,B1,4번 출입구,800,1808-909,S
2026-09-02 11:28,1486111,승강기)에스컬레이터-강동 내부 7호기,5호선,2549,강동,548,20210527,하행,7,내부,지하,B3,둔촌동 방면1-1,지하,B4,둔촌동 방면1-1,1200형,1802-525,S
2026-09-03 11:35,1041707,승강기)에스컬레이터-선릉 4번출구 상행2,2호선,0220,선릉,220,20210527,상행,2,4,지하,B1,4번 출입구,지상,1,4번 출입구,1200,1802-745,S
2026-09-03 11:35,1148878,승강기)에스컬레이터-잠실새내 2번출구 상행3,2호선,0217,잠실새내,217,20210527,상행,3,2,지하,B1,2번 출입구,지상,1,2번 출입구,1200,1802-836,S
2026-09-03 11:35,1153437,승강기)에스컬레이터-매봉 1번출구 하행3,3호선,0333,매봉,343,20210527,하행,3,1,지상,1,1번 출입구,지하,B1,1번 출입구,1200,1809-591,S
2026-09-03 11:35,1126376,승강기)에스컬레이터-가락시장(3) 내부 8호기,3호선,0340,가락시장,350,20210527,하행,8,내부,지하,B4,경찰병원 방면2-1,지하,B3,경찰병원 방면2-1,1200,1808-602,S
2026-09-03 11:35,1126514,승강기)에스컬레이터-경찰병원 승강장(2-1) 1호기,3호선,0341,경찰병원,351,20210527,하행,1,내부,지하,B1,가락시장 방면2-1,지하,B2,가락시장 방면2-1,1200,1809-375,S
2026-09-03 11:35,1774127,승강기)에스컬레이터-하남검단산역 내부 12호기,5호선,2566,하남검단산,558,20211025,하행,12,내부,지하,B1,대합실(3번 출입구 방향),지하,B2,대합실(3번 출입구 방향),1200형,3811-870,S
2026-09-03 11:35,1781120,승강기)에스컬레이터-신길 내부 8호기,5호선,2526,신길,525,20220730,상행,8,내부,지하,B4,영등포시장 방면7-3,지하,B3,영등포시장 방면7-3,1200형,1804-428,S
2026-09-04 11:32,1041718,승강기)에스컬레이터-청량리 6번출구 하행1,1호선,0158,청량리,124,20210527,하행,1,6,지상,1,6번 출입구,지하,B1,6번 출입구,800,1809-136,S
2026-09-04 11:32,1148883,승강기)에스컬레이터-잠실새내 7번출구 하행8,2호선,0217,잠실새내,217,20210527,하행,8,7,지상,1,7번 출입구,지하,B1,7번 출입구,1200,1802-838,S
2026-09-04 11:32,1620243,승강기)에스컬레이터-신금호 내부5,5호선,2539,신금호,538,20210527,상행,5,내부,지하,B2,고객안전실 측(지하2층),지하,B1,고객안전실 측(지하2층),1200,1809-945,M
2026-09-04 11:32,1620244,승강기)에스컬레이터-신금호 내부6,5호선,2539,신금호,538,20210527,하행,6,내부,지하,B1,고객안전실 측(지하2층),지하,B2,고객안전실 측(지하2층),1200,1809-946,M
2026-09-04 11:32,1620245,승강기)에스컬레이터-신금호 1번 출입구 외부 7호기,5호선,2539,신금호,538,20210527,상행,7,1,지하,B1,1번 출입구,지상,1,1번 출입구,800형,1812-438,M
2026-09-04 11:32,1620246,승강기)에스컬레이터-신금호 1번 출입구 외부 8호기,5호선,2539,신금호,538,20210527,하행,8,1,지상,1,1번 출입구,지하,B1,1번 출입구,800형,1812-439,M
2026-09-04 11:32,1620247,승강기)에스컬레이터-신금호 2번 출입구 외부 9호기,5호선,2539,신금호,538,20210527,상행,9,2,지하,B1,2번 출입구,지상,1,2번 출입구,800형,1812-440,M
2026-09-04 11:32,1620248,승강기)에스컬레이터-신금호 2번 출입구 외부 10호기,5호선,2539,신금호,538,20210527,하행,10,2,지상,1,2번 출입구,지하,B1,2번 출입구,800형,1812-441,M
2026-09-04 11:32,1620282,승강기)에스컬레이터-미사 내부 5호기,5호선,2563,미사,555,20210527,상행,5,내부,지하,B2,하남풍산 방면3-4,지하,B1,하남풍산 방면3-4,1200형,3813-240,M
2026-09-04 11:32,1620283,승강기)에스컬레이터-미사 내부 6호기,5호선,2563,미사,555,20210527,하행,6,내부,지하,B1,하남풍산 방면3-4,지하,B2,하남풍산 방면3-4,1200형,3813-239,M
2026-09-04 11:32,1620284,승강기)에스컬레이터-미사 내부 7호기,5호선,2563,미사,555,20210527,상행,7,1,지하,B1,1번 출입구,지상,1,1번 출입구,1200형,3811-800,M
2026-09-04 11:32,1620251,승강기)에스컬레이터-상일동 2번 출입구 외부 5호기,5호선,2554,상일동,553,20210527,상행,5,2,지하,B1,2번 출입구,지상,1,2번 출입구,1200형,1810-787,M
2026-09-04 11:32,1620253,승강기)에스컬레이터-상일동 3번 출입구 외부 7호기,5호선,2554,상일동,553,20210527,상행,7,3,지하,B1,3번 출입구,지상,1,3번 출입구,1200형,1810-797,M
2026-09-04 11:32,1620254,승강기)에스컬레이터-상일동 3번 출입구 외부 8호기,5호선,2554,상일동,553,20210527,하행,8,3,지상,1,3번 출입구,지하,B1,3번 출입구,1200형,1810-798,M
2026-09-04 11:32,1620255,승강기)에스컬레이터-상일동 4번 출입구 외부 9호기,5호선,2554,상일동,553,20210527,상행,9,4,지하,B1,4번 출입구,지상,1,4번 출입구,1200형,1810-795,M
2026-09-04 11:32,1620288,승강기)에스컬레이터-미사 내부 11호기,5호선,2563,미사,555,20210527,상행,11,4,지하,B1,4번 출입구,지상,1,4번 출입구,1200형,3811-794,M
2026-09-04 11:32,1620289,승강기)에스컬레이터-미사 내부 12호기,5호선,2563,미사,555,20210527,하행,12,4,지상,1,4번 출입구,지하,B1,4번 출입구,1200형,3811-793,M
2026-09-04 11:32,1620291,승강기)에스컬레이터-미사 내부 14호기,5호선,2563,미사,555,20210527,하행,14,5,지상,1,5번 출입구,지하,B1,5번 출입구,1200형,3811-790,M
2026-09-04 11:32,1620293,승강기)에스컬레이터-미사 내부 16호기,5호선,2563,미사,555,20210527,하행,16,6,지상,1,6번 출입구,지하,B1,6번 출입구,1200형,3811-791,M
2026-09-04 11:32,1620297,승강기)에스컬레이터-미사 내부 20호기,5호선,2563,미사,555,20210527,하행,20,9,지상,1,9번 출입구,지하,B1,9번 출입구,1200형,3811-795,M
2026-09-04 11:32,1620299,승강기)에스컬레이터-미사 내부 22호기,5호선,2563,미사,555,20210527,하행,22,10,지상,1,10번 출입구,지하,B1,10번 출입구,1200형,3811-797,M
2026-09-04 11:32,1620278,승강기)에스컬레이터-미사 내부 1호기,5호선,2563,미사,555,20210527,하행,1,내부,지하,B1,강일 방면3-4,지하,B2,강일 방면3-4,1200형,3813-238,M
2026-09-04 11:32,1620279,승강기)에스컬레이터-미사 내부 2호기,5호선,2563,미사,555,20210527,상행,2,내부,지하,B2,하남풍산 방면6-1,지하,B1,하남풍산 방면6-1,1200형,3813-237,S
2026-09-04 11:32,1620280,승강기)에스컬레이터-미사 내부 3호기,5호선,2563,미사,555,20210527,하행,3,내부,지하,B1,강일 방면6-1,지하,B2,강일 방면6-1,1200형,3813-242,M
2026-09-04 11:32,1620281,승강기)에스컬레이터-미사 내부 4호기,5호선,2563,미사,555,20210527,상행,4,내부,지하,B2,강일 방면6-1,지하,B1,강일 방면6-1,1200형,3813-241,M
2026-09-04 11:32,1620285,승강기)에스컬레이터-미사 내부 8호기,5호선,2563,미사,555,20210527,하행,8,1,지상,1,1번 출입구,지하,B1,1번 출입구,1200형,3811-799,M
2026-09-04 11:32,1620286,승강기)에스컬레이터-미사 내부 9호기,5호선,2563,미사,555,20210527,상행,9,2,지하,B1,2번 출입구,지상,1,2번 출입구,1200형,3811-804,M
2026-09-04 11:32,1620287,승강기)에스컬레이터-미사 내부 10호기,5호선,2563,미사,555,20210527,하행,10,2,지상,1,2번 출입구,지하,B1,2번 출입구,1200형,3811-803,M
2026-09-04 11:32,1620295,승강기)에스컬레이터-미사 내부 18호기,5호선,2563,미사,555,20210527,하행,18,7,지상,1,7번 출입구,지하,B1,7번 출입구,1200형,3811-801,M
2026-09-04 11:32,1620290,승강기)에스컬레이터-미사 내부 13호기,5호선,2563,미사,555,20210527,상행,13,5,지하,B1,5번 출입구,지상,1,5번 출입구,1200형,3811-789,M
2026-09-04 11:32,1620296,승강기)에스컬레이터-미사 내부 19호기,5호선,2563,미사,555,20210527,상행,19,9,지하,B1,9번 출입구,지상,1,9번 출입구,1200형,3811-796,M
2026-09-04 11:32,1620292,승강기)에스컬레이터-미사 내부 15호기,5호선,2563,미사,555,20210527,상행,15,6,지하,B1,6번 출입구,지상,1,6번 출입구,1200형,3811-792,M
2026-09-04 11:32,1620298,승강기)에스컬레이터-미사 내부 21호기,5호선,2563,미사,555,20210527,상행,21,10,지하,B1,10번 출입구,지상,1,10번 출입구,1200형,3811-798,M
2026-09-04 11:32,1620294,승강기)에스컬레이터-미사 내부 17호기,5호선,2563,미사,555,20210527,상행,17,7,지하,B1,7번 출입구,지상,1,7번 출입구,1200형,3811-802,M
2026-09-04 11:32,1310725,승강기)에스컬레이터-천호(5) 외부11,5호선,2548,천호,547,20210527,상행,11,5,지하,B1,5번 출입구,지상,1,5번 출입구,800,1805-653,M
2026-09-04 11:32,1310726,승강기)에스컬레이터-천호(5) 외부12,5호선,2548,천호,547,20210527,하행,12,5,지상,1,5번 출입구,지하,B1,5번 출입구,800,1805-654,M
2026-09-04 11:32,1310735,승강기)에스컬레이터-강동 내부 1호기,5호선,2549,강동,548,20210527,하행,1,내부,지하,B1,"대합실(B3, 아이센터 앞)",지하,B3,"대합실(B3, 아이센터 앞)",1200형,1802-833,M
2026-09-04 11:32,1310737,승강기)에스컬레이터-강동 내부 3호기,5호선,2549,강동,548,20210527,상행,3,내부,지하,B3,"대합실(B3, 개찰구 앞)",지하,B1,"대합실(B3, 개찰구 앞)",1200형,1805-630,M
2026-09-04 11:32,1310739,승강기)에스컬레이터-강동 내부 5호기,5호선,2549,강동,548,20210527,하행,5,내부,지하,B3,천호 방면8-4,지하,B4,천호 방면8-4,800형,1802-523,M
2026-09-04 11:32,1310746,승강기)에스컬레이터-길동역 내부 1호기,5호선,2550,길동,549,20210527,상행,1,내부,지하,B2,"대합실(2,3번 출입구 측)",지하,B1,"대합실(2,3번 출입구 측)",1200형,1808-893,M
2026-09-04 11:32,1310759,승강기)에스컬레이터-굽은다리 1번 출입구 외부 1호기,5호선,2551,굽은다리,550,20210527,하행,1,1,지상,1,1번 출입구,지하,B1,1번 출입구,1200형,1801-838,M
2026-09-04 11:32,1310766,승강기)에스컬레이터-올림픽공원 내부1,5호선,2556,올림픽공원,P550,20210527,상행,1,내부,지하,B3,둔촌동 방면6-1,지하,B2,둔촌동 방면6-1,1200,1809-917,M
2026-09-04 11:32,1310767,승강기)에스컬레이터-올림픽공원 내부2,5호선,2556,올림픽공원,P550,20210527,하행,2,내부,지하,B2,둔촌동 방면6-1,지하,B3,둔촌동 방면6-1,1200,1809-920,M
2026-09-04 11:32,1310768,승강기)에스컬레이터-올림픽공원 내부3,5호선,2556,올림픽공원,P550,20210527,상행,3,내부,지하,B3,방이 방면3-4,지하,B2,방이 방면3-4,1200,1811-199,M
2026-09-04 11:32,1310774,승강기)에스컬레이터-명일 외부2,5호선,2552,명일,551,20210527,하행,2,4,지상,1,4번 출입구,지하,B1,4번 출입구,800,1802-529,M
2026-09-04 11:32,1310785,승강기)에스컬레이터-고덕 외부1,5호선,2553,고덕,552,20210527,하행,1,4,지상,1,4번 출입구,지하,B1,4번 출입구,1200,1805-657,M
2026-09-04 11:32,1310788,승강기)에스컬레이터-고덕 외부4,5호선,2553,고덕,552,20210527,하행,4,내부,지상,1,"대합실(1,2번 출입구 사이)",지하,B1,"대합실(1,2번 출입구 사이)",1200,1811-568,M
2026-09-04 11:32,1310802,승강기)에스컬레이터-오금(5) 내부 4호기,5호선,2558,오금,P552,20210527,상행,4,내부,지하,B3,환승통로(방이 방면8-2),지하,B2,환승통로(방이 방면8-2),1200형,1805-669,M
2026-09-04 11:32,1798171,승강기)에스컬레이터-신금호역 내부  1호기,5호선,2539,신금호,538,20230921,상행,1,내부,지하,B8,"행당 방면3-4, 청구 방면5-3",지하,B5,"행당 방면3-4, 청구 방면5-3",1200형,1808-967,M
2026-09-04 11:32,1798172,승강기)에스컬레이터-신금호역 내부  2호기,5호선,2539,신금호,538,20230921,하행,2,내부,지하,B5,"행당 방면3-4, 청구 방면5-3",지하,B8,"행당 방면3-4, 청구 방면5-3",1200형,1808-968,M
2026-09-04 11:32,1798173,승강기)에스컬레이터-신금호역 내부  3호기,5호선,2539,신금호,538,20230921,상행,3,내부,지하,B5,"대합실(ES 1,2호기 근처)",지하,B2,"대합실(ES 1,2호기 근처)",1200형,1808-969,M
2026-09-04 11:32,1798174,승강기)에스컬레이터-신금호역 내부  4호기,5호선,2539,신금호,538,20230921,하행,4,내부,지하,B2,"대합실(ES 1,2호기 근처)",지하,B5,"대합실(ES 1,2호기 근처)",1200형,1808-970,M
2026-09-04 11:32,1620252,승강기)에스컬레이터-상일동 2번 출입구 외부 6호기,5호선,2554,상일동,553,20210527,하행,6,2,지상,1,2번 출입구,지하,B1,2번 출입구,1200형,1810-788,M
2026-09-04 11:32,1620256,승강기)에스컬레이터-상일동 4번 출입구 외부 10호기,5호선,2554,상일동,553,20210527,하행,10,4,지상,1,4번 출입구,지하,B1,4번 출입구,1200형,1810-796,M
2026-09-04 11:32,1310803,승강기)에스컬레이터-상일동 1번 출입구 외부 3호기,5호선,2554,상일동,553,20210527,상행,3,1,지하,B1,1번 출입구,지상,1,1번 출입구,1200형,1810-791,M
2026-09-04 11:32,1310804,승강기)에스컬레이터-상일동 1번 출입구 외부 4호기,5호선,2554,상일동,553,20210527,하행,4,1,지상,1,1번 출입구,지하,B1,1번 출입구,1200형,1810-792,M
2026-09-04 11:32,1310706,승강기)에스컬레이터-광나루 외부1,5호선,2547,광나루,546,20210527,하행,1,4,지상,1,4번 출입구,지하,BM1,4번 출입구,1200,1809-100,M
2026-09-04 11:32,1310707,승강기)에스컬레이터-광나루 외부2,5호선,2547,광나루,546,20210527,상행,2,4,지하,BM1,4번 출입구,지상,1,4번 출입구,1200,1809-099,M
2026-09-04 11:32,1310716,승강기)에스컬레이터-천호(5) 내부2,5호선,2548,천호,547,20210527,상행,2,내부,지하,B2,대합실,지하,B1,대합실,1200,1802-886,M
2026-09-04 11:32,1310721,승강기)에스컬레이터-천호(5) 외부7,5호선,2548,천호,547,20210527,하행,7,8,지상,1,8번 출입구,지하,B1,8번 출입구,1200,1802-891,M
2026-09-04 11:32,1310723,승강기)에스컬레이터-천호(5) 외부9,5호선,2548,천호,547,20210527,하행,9,9,지상,1,9번 출입구,지하,B1,9번 출입구,1200,1805-218,M
2026-09-04 11:32,1310769,승강기)에스컬레이터-올림픽공원 내부4,5호선,2556,올림픽공원,P550,20210527,하행,4,내부,지하,B2,방이 방면3-4,지하,B3,방이 방면3-4,1200,1811-200,M
2026-09-04 11:32,1310773,승강기)에스컬레이터-명일 외부1,5호선,2552,명일,551,20210527,상행,1,4,지하,B1,4번 출입구,지상,1,4번 출입구,800,1802-528,M
2026-09-04 11:32,1310700,승강기)에스컬레이터-아차산 외부7,5호선,2546,아차산,545,20210527,상행,7,2,지하,B1,2번 출입구,지상,1,2번 출입구,1200,1811-617,M
2026-09-04 11:32,1310779,승강기)에스컬레이터-방이 외부1,5호선,2557,방이,P551,20210527,상행,1,4,지하,B1,4번 출입구,지상,1,4번 출입구,1200,1808-714,M
2026-09-04 11:32,1310701,승강기)에스컬레이터-아차산 외부8,5호선,2546,아차산,545,20210527,하행,8,2,지상,1,2번 출입구,지하,B1,2번 출입구,1200,1811-618,M
2026-09-04 11:32,1310780,승강기)에스컬레이터-방이 외부2,5호선,2557,방이,P551,20210527,하행,2,4,지상,1,4번 출입구,지하,B1,4번 출입구,1200,1808-715,M
2026-09-04 11:32,1310708,승강기)에스컬레이터-광나루 외부3,5호선,2547,광나루,546,20210527,하행,3,3,지상,1,3번 출입구,지하,B1,3번 출입구,800,1800-903,M
2026-09-04 11:32,1310786,승강기)에스컬레이터-고덕 외부2,5호선,2553,고덕,552,20210527,상행,2,4,지하,B1,4번 출입구,지상,1,4번 출입구,1200,1803-009,M
2026-09-04 11:32,1310709,승강기)에스컬레이터-광나루 외부4,5호선,2547,광나루,546,20210527,상행,4,3,지하,B1,3번 출입구,지상,1,3번 출입구,800,1800-904,M
2026-09-04 11:32,1310787,승강기)에스컬레이터-고덕 외부3,5호선,2553,고덕,552,20210527,상행,3,내부,지하,B1,"대합실(1,2번 출입구 사이)",지상,1,"대합실(1,2번 출입구 사이)",1200,1811-567,M
2026-09-04 11:32,1310715,승강기)에스컬레이터-천호(5) 내부1,5호선,2548,천호,547,20210527,하행,1,내부,지하,B1,대합실,지하,B2,대합실,1200,1802-885,M
2026-09-04 11:32,1310789,승강기)에스컬레이터-고덕 외부5,5호선,2553,고덕,552,20210527,상행,5,1,지하,B1,1번 출입구,지상,1,1번 출입구,1200,1811-569,M
2026-09-04 11:32,1310717,승강기)에스컬레이터-천호(5) 외부3,5호선,2548,천호,547,20210527,하행,3,2,지상,1,2번 출입구,지하,B1,2번 출입구,1200,1802-887,M
2026-09-04 11:32,1310790,승강기)에스컬레이터-고덕 외부6,5호선,2553,고덕,552,20210527,하행,6,1,지상,1,1번 출입구,지하,B1,1번 출입구,1200,1811-570,M
2026-09-04 11:32,1310718,승강기)에스컬레이터-천호(5) 외부4,5호선,2548,천호,547,20210527,상행,4,2,지하,B1,2번 출입구,지상,1,2번 출입구,1200,1802-888,M
2026-09-04 11:32,1310799,승강기)에스컬레이터-오금(5) 내부 5호기,5호선,2558,오금,P552,20210527,하행,5,내부,지하,B2,환승통로(방이 방면8-2),지하,B3,환승통로(방이 방면8-2),1200형,1805-670,M
2026-09-04 11:32,1310719,승강기)에스컬레이터-천호(5) 외부5,5호선,2548,천호,547,20210527,하행,5,7,지상,1,7번 출입구,지하,B1,7번 출입구,1200,1802-889,M
2026-09-04 11:32,1310800,승강기)에스컬레이터-오금(5) 내부 6호기,5호선,2558,오금,P552,20210527,상행,6,내부,지하,B3,환승통로(개롱 방면1-3),지하,B2,환승통로(개롱 방면1-3),1200형,1805-671,M
2026-09-04 11:32,1310720,승강기)에스컬레이터-천호(5) 외부6,5호선,2548,천호,547,20210527,상행,6,7,지하,B1,7번 출입구,지상,1,7번 출입구,1200,1802-890,M
2026-09-04 11:32,1310801,승강기)에스컬레이터-오금(5) 내부 7호기,5호선,2558,오금,P552,20210527,상행,7,내부,지하,B2,환승통로(개롱 방면1-3),지하,B3,환승통로(개롱 방면1-3),1200형,1805-672,M
2026-09-04 11:32,1310722,승강기)에스컬레이터-천호(5) 외부8,5호선,2548,천호,547,20210527,상행,8,8,지하,B1,8번 출입구,지상,1,8번 출입구,1200,1802-892,M
2026-09-04 11:32,1310724,승강기)에스컬레이터-천호(5) 외부10,5호선,2548,천호,547,20210527,상행,10,9,지하,B1,9번 출입구,지상,1,9번 출입구,1200,1805-219,M
2026-09-04 11:32,1310727,승강기)에스컬레이터-천호(5) 외부13,5호선,2548,천호,547,20210527,상행,13,10,지하,B1,10번 출입구,지상,1,10번 출입구,1200,1807-909,M
2026-09-04 11:32,1310728,승강기)에스컬레이터-천호(5) 외부14,5호선,2548,천호,547,20210527,하행,14,10,지상,1,10번 출입구,지하,B1,10번 출입구,1200,1807-910,M
2026-09-04 11:32,1310736,승강기)에스컬레이터-강동 내부 2호기,5호선,2549,강동,548,20210527,상행,2,내부,지하,B3,"대합실(B3, 아이센터 앞)",지하,B1,"대합실(B3, 아이센터 앞)",1200형,1802-834,M
2026-09-04 11:32,1310738,승강기)에스컬레이터-강동 내부 4호기,5호선,2549,강동,548,20210527,하행,4,내부,지하,B1,"대합실(B3, 개찰구 앞)",지하,B3,"대합실(B3, 개찰구 앞)",1200형,1802-835,M
2026-09-05 11:33,1126532,승강기)에스컬레이터-경찰병원 3번출구 19호기,3호선,0341,경찰병원,351,20210527,하행,19,3,지상,1,3번 출입구,지하,B1,3번 출입구,1200,1809-393,S
2026-09-05 11:33,1127054,승강기)에스컬레이터-신사 5번출구 하행3,3호선,0327,신사,337,20210527,하행,3,5,지상,1,5번 출입구,지하,B1,5번 출입구,1200,1802-051,S
2026-09-05 11:33,1123227,승강기)에스컬레이터-창동 1번출구 상행2,4호선,0412,창동,412,20210527,상행,2,1,지상,1,1번 출입구,지상,2,1번 출입구,1200,1806-842,S
2026-09-05 11:33,1041583,승강기)에스컬레이터-충무로(4) 내부 12호기,4호선,0423,충무로,423,20210527,상행,12,내부,지하,B2,대합실(동대문역사문화공원 방면6-3),지하,B1,대합실(동대문역사문화공원 방면6-3),1200,1808-139,S
2026-09-05 11:33,1620279,승강기)에스컬레이터-미사 내부 2호기,5호선,2563,미사,555,20210527,상행,2,내부,지하,B2,하남풍산 방면6-1,지하,B1,하남풍산 방면6-1,1200형,3813-237,M
2026-09-05 11:33,1310583,승강기)에스컬레이터-서대문 외부5,5호선,2533,서대문,532,20210527,상행,5,6,지하,BM1,6번 출입구,지상,1,6번 출입구,1200,1801-032,S
2026-09-06 11:30,1143982,승강기)에스컬레이터-종로3가(1) 1번출구 1호기,1호선,0153,종로3가,130,20210527,하행,1,1,지상,1,1번 출입구,지하,B1,1번 출입구,1200,1806-432,S
2026-09-06 11:30,1061501,승강기)에스컬레이터-사당(2) 내선(8-1) 7호기,2호선,0226,사당,226,20210527,하행,7,내부,지하,B1,낙성대 방면8-1,지하,B2,낙성대 방면8-1,1200,1804-277,S
2026-09-06 11:30,1041734,승강기)에스컬레이터-고속터미널 내부 7호기,3호선,0329,고속터미널,339,20210527,상행,7,내부,지하,B2,잠원 방면9-2,지하,B3,잠원 방면9-2,1200,1802-288,S
2026-09-06 11:30,1041676,승강기)에스컬레이터-동대입구 6번출구 하행 1,3호선,0322,동대입구,332,20210527,하행,1,6,지상,1,6번 출입구,지하,B2,6번 출입구,1200,1801-712,S
2026-09-06 11:30,1202851,승강기)에스컬레이터-수서 내부 7호기,3호선,0339,수서,349,20210527,하행,7,내부,지하,B1,일원 방면9-3,지하,B2,일원 방면9-3,1200,1812-114,S
2026-09-06 11:30,1123293,승강기)에스컬레이터-고속터미널 내부 1호기,3호선,0329,고속터미널,339,20210527,상행,1,내부,지하,B2,잠원 방면2-3,지하,B3,잠원 방면2-3,1200,1802-099,S
2026-09-06 11:30,1123296,승강기)에스컬레이터-고속터미널 내부 6호기,3호선,0329,고속터미널,339,20210527,상행,6,내부,지하,B3,잠원 방면7-2,지하,B2,잠원 방면7-2,1200,1802-287,S
2026-09-06 11:30,1041743,승강기)에스컬레이터-서울(4)역 당고개방향(1-1) 2호기,4호선,0426,서울역,426,20210527,상행,2,내부,지하,B2,"회현 방면1-1,숙대입구 방면10-4",지하,B1,"회현 방면1-1,숙대입구 방면10-4",1200,1801-373,S
2026-09-06 11:30,1041684,승강기)에스컬레이터-사당(4) 4번출구 2호기,4호선,0433,사당,433,20210527,하행,2,4,지상,1,4번 출입구,지하,B1,4번 출입구,1200,1808-282,S
2026-09-06 11:30,1310606,승강기)에스컬레이터-종로3가(5) 내부 9호기,5호선,2535,종로3가,534,20210527,하행,9,4,지상,1,4번 출입구,지하,B1,4번 출입구,800,1800-015,S
2026-09-07 11:27,1132956,승강기)에스컬레이터-한양대 1번출구 하행 1,2호선,0209,한양대,209,20210527,하행,1,1,지상,1,1번 출입구,지상,2,1번 출입구,1200,1800-556,S
2026-09-07 11:27,1041732,승강기)에스컬레이터-을지로3가(3) 내부 1호기,3호선,0320,을지로3가,330,20210527,하행,1,내부,지하,B3,"종로3가 방면4-2, 충무로 방면7-4",지하,B2,"종로3가 방면4-2, 충무로 방면7-4",1200,1800-477,S
2026-09-07 11:27,1133710,승강기)에스컬레이터-옥수(3) 4번출구 1호기,3호선,0325,옥수,335,20210527,하행,1,4,지상,2,4번 출입구,지상,1,4번 출입구,1200,1806-299,S
2026-09-07 11:27,1310529,승강기)에스컬레이터-여의나루 내부7,5호선,2528,여의나루,527,20210527,상행,7,내부,지하,B1,대합실,지하,BM1,대합실,1200,1808-380,S
2026-09-08 11:40,1156470,승강기)에스컬레이터-서울대입구 4번출구 7호기,2호선,0228,서울대입구,228,20210527,하행,7,4,지상,1,4번 출입구,지하,B1,4번 출입구,800,1803-452,S
2026-09-08 11:40,1804540,승강기)에스컬레이터-잠실(2) 내부 8호기,2호선,0216,잠실,216,20240305,상행,8,내부,지하,B2,잠실새내 방면5-3,지하,B1,잠실새내 방면5-3,1200형,1812-957,S
2026-09-08 11:40,1203063,승강기)에스컬레이터-수서 5번출구 12호기,3호선,0339,수서,349,20210527,상행,12,5,지하,B1,5번 출입구,지상,1,5번 출입구,1200,1812-969,S
2026-09-08 11:40,1126374,승강기)에스컬레이터-가락시장(3) 내부 6호기,3호선,0340,가락시장,350,20210527,상행,6,내부,지하,B4,수서 방면8-3,지하,B3,수서 방면8-3,1200,1809-400,S
2026-09-08 11:40,1143981,승강기)에스컬레이터-독립문 내부 3호기,3호선,0316,독립문,326,20210527,하행,3,내부,지하,B2,대합실(5번 출입구),지하,B1,대합실(5번 출입구),1200,1806-175,S
2026-09-08 11:40,1143997,승강기)에스컬레이터-미아 1번 출입구 4호기,4호선,0415,미아,415,20210527,상행,4,1,지하,B1,1번 출입구,지상,1,1번 출입구,800,1806-895,S
2026-09-08 11:40,1148651,승강기)에스컬레이터-쌍문 4번출구 상행2,4호선,0413,쌍문,413,20210527,상행,2,4,지하,B1,4번 출입구,지상,1,4번 출입구,1200,1803-300,S
2026-09-08 11:40,1061519,승강기)에스컬레이터-회현 5,4호선,0425,회현,425,20210527,하행,5,내부,지하,B2,"서울역 방면1-4,명동 방면9-4",지하,B4,"서울역 방면1-4,명동 방면9-4",1200,1801-685,S
2026-09-08 11:40,1146222,승강기)에스컬레이터-한성대입구 5번출구 하행1,4호선,0419,한성대입구,419,20210527,하행,1,5,지하,B1,5번 출입구,지상,1,5번 출입구,1200,1809-931,S
2026-09-08 11:40,1774102,승강기)에스컬레이터-하남시청역 내부 15호기,5호선,2565,하남시청,557,20211025,상행,15,1,,M1,1번 출입구,지상,1,1번 출입구,1200형,3811-984,S
2026-09-08 11:40,1620290,승강기)에스컬레이터-미사 내부 13호기,5호선,2563,미사,555,20210527,상행,13,5,지하,B1,5번 출입구,지상,1,5번 출입구,1200형,3811-789,S
2026-09-08 11:40,1310647,승강기)에스컬레이터-행당 외부8,5호선,2540,행당,539,20210527,하행,8,4,지상,1,4번 출입구,지하,B1,4번 출입구,800,1809-474,S
2026-09-08 11:40,1310411,승강기)에스컬레이터-화곡 내부2,5호선,2518,화곡,517,20210527,하행,2,내부,지하,B1,"3,4번 출입구 사이",지하,B2,"3,4번 출입구 사이",800,1810-192,S
2026-09-08 11:40,1310641,승강기)에스컬레이터-행당 내부2,5호선,2540,행당,539,20210527,하행,2,내부,지하,B1,대합실,지하,B3,대합실,1200,1808-972,S
2026-09-09 11:40,1802035,승강기)에스컬레이터-영등포구청(2) 4번출입구 3호기,2호선,0236,영등포구청,236,20240108,하행,3,4,지상,1,4번 출입구,지하,B1,4번 출입구,800형,1816-847,S
2026-09-09 11:40,1041691,승강기)에스컬레이터-수서 2번출구 4호기,3호선,0339,수서,349,20210527,상행,4,2,지하,B1,2번 출입구,지상,1,2번 출입구,1200,1802-056,S
2026-09-09 11:40,1204930,승강기)에스컬레이터-일원 2번출구 3호기,3호선,0338,일원,348,20210527,상행,3,2,지하,B1,2번 출입구,지상,1,2번 출입구,800,1811-301,S
2026-09-09 11:40,1135783,승강기)에스컬레이터-대치 4번출구 6호기,3호선,0335,대치,345,20210527,하행,5,4,지상,1,4번 출입구,지하,B1,4번 출입구,1200,1810-043,S
2026-09-09 11:40,1774083,승강기)에스컬레이터-서대문역 외부10,5호선,2533,서대문,532,20211025,하행,10,4,지상,1,4번 출입구,지하,B1,4번 출입구,800형,1810-573,S
2026-09-09 11:40,1310465,승강기)에스컬레이터-양평 내부3,5호선,2523,양평,522,20210527,상행,3,내부,지하,B3,고객안전실 측(지하1층),지하,B1,고객안전실 측(지하1층),1200,1808-099,S
2026-09-10 11:42,1145310,승강기)에스컬레이터-도곡 내부 6호기,3호선,0334,도곡,344,20210527,하행,6,내부,지하,B4,대치 방면4-1,지하,B2,대치 방면4-1,1200,1807-914,S
2026-09-10 11:42,1146226,승강기)에스컬레이터-안국 5번출구 9호기,3호선,0318,안국,328,20210527,하행,9,5,지상,1,5번 출입구,지하,B1,5번 출입구,1200,1808-579,S
2026-09-10 11:42,1310483,승강기)에스컬레이터-영등포구청 내부10,5호선,2524,영등포구청,523,20210527,상행,10,내부,지하,B5,영등포시장 방면2-3,지하,B4,영등포시장 방면2-3,1200,1808-375,S
2026-09-10 11:42,1831412,승강기)에스컬레이터-왕십리 내부5,5호선,2541,왕십리,540,20251219,상행,5,내부,지하,B4,환승통로(2호선 시청방면),지하,B2,환승통로(2호선 시청방면),1200,1800-564,S
2026-09-11 11:35,1204624,승강기)에스컬레이터-합정(2) 내부 2호기,2호선,0238,합정,238,20210527,상행,2,내부,지하,B3,홍대입구 방면7-3,지하,B2,홍대입구 방면7-3,1200,1800-428,S
2026-09-11 11:35,1061495,승강기)에스컬레이터-사당(2) 외선(3-3) 1호기,2호선,0226,사당,226,20210527,하행,1,내부,지하,B1,방배 방면3-3,지하,B2,방배 방면3-3,1200,1804-019,S
2026-09-11 11:35,1126660,승강기)에스컬레이터-오금(3) 내부 5호기,3호선,0342,오금,352,20210527,상행,5,내부,지하,B2,경찰병원 방면7-1,지하,B3,경찰병원 방면7-1,1200,1809-364,S
2026-09-11 11:35,1310828,승강기)에스컬레이터-마천역 2번 출입구 10호기,5호선,2561,마천,P555,20210527,상행,10,2,지하,B1,2번 출입구,지상,1,2번 출입구,1200형,1805-638,S
2026-09-12 11:45,1041696,승강기)에스컬레이터-합정(2) 2번출구 3호기,2호선,0238,합정,238,20210527,하행,3,2,지상,1,2번 출입구,지하,B2,2번 출입구,1200,1809-484,S
2026-09-12 11:45,1041728,승강기)에스컬레이터-서초 6번출구 하행 1,2호선,0224,서초,224,20210527,하행,1,6,지상,1,6번 출입구,지하,B1,6번 출입구,1200,1802-697,S
2026-09-12 11:45,1310508,승강기)에스컬레이터-신길 내부 4호기,5호선,2526,신길,525,20210527,하행,4,내부,지하,B1,환승통로(1호선 방면),지하,B3,환승통로(1호선 방면),1200,1804-424,S
2026-09-12 11:45,1310698,승강기)에스컬레이터-아차산 외부5,5호선,2546,아차산,545,20210527,상행,5,3,지하,B1,3번 출입구,지상,1,3번 출입구,1200,1809-085,S
2026-09-13 11:43,1041689,승강기)에스컬레이터-교대(2) 6번출구 2호기,2호선,0223,교대,223,20210527,상행,2,6,지하,B1,6번 출입구,지상,1,6번 출입구,800,1801-774,S
2026-09-13 11:43,1202849,승강기)에스컬레이터-상왕십리 1-1번출구 7호기,2호선,0207,상왕십리,207,20210527,하행,7,1-1,지하,B1,1-1번 출입구,지하,B2,1-1번 출입구,1200,1809-942,S
2026-09-13 11:43,1041736,승강기)에스컬레이터-고속터미널 내부 13호기,3호선,0329,고속터미널,339,20210527,하행,13,내부,지하,B2,교대 방면7-2,지하,B3,교대 방면7-2,1200,1802-107,S
2026-09-14 11:58,1041607,승강기)에스컬레이터-동묘앞(1) 2번출구 10호기,1호선,0159,동묘앞,127,20210527,상행,10,2,지하,B1,2번 출입구,지상,1,2번 출입구,1200,1800-059,S
2026-09-14 11:58,1041614,승강기)에스컬레이터-동묘앞(1) 3번출구 11호기,1호선,0159,동묘앞,127,20210527,하행,11,3,지상,1,3번 출입구,지하,B1,3번 출입구,1200,1800-063,S
2026-09-14 11:58,1204623,승강기)에스컬레이터-합정(2) 내부 1호기,2호선,0238,합정,238,20210527,상행,1,내부,지하,B3,당산 방면4-1,지하,B2,당산 방면4-1,1200,1800-427,S
2026-09-14 11:58,1823977,승강기)에스컬레이터-신림 5번 출구측 7호기,2호선,0230,신림,230,20250310,하행,7,5,지상,1,5번 출입구,지하,B1,5번 출입구,1200,1816-378,S
2026-09-14 11:58,1041619,승강기)에스컬레이터-용두 성수방향(3-1) 2호기,2호선,0250,용두,211-3,20210527,상행,2,내부,지하,B3,신답 방면3-1,지하,B2,신답 방면3-1,1200,1809-046,S
2026-09-14 11:58,1135895,승강기)에스컬레이터-신도림 내부 5호기,2호선,0234,신도림,234,20210527,하행,5,내부,지하,B2,대림 방면4-2,지하,B3,대림 방면4-2,1200,1808-849,S
2026-09-14 11:58,1781385,승강기)에스컬레이터-봉천 4번출구 8호기,2호선,0229,봉천,229,20220830,상행,8,4,지하,B1,4번 출입구,지상,1,4번 출입구,1200형,1815-785,S
2026-09-14 11:58,1202763,승강기)에스컬레이터-잠실나루 2번출구 3호기,2호선,0215,잠실나루,215,20210527,상행,3,내부,지상,2,강변 방면10-1,지상,3,강변 방면10-1,1200,1809-597,S
2026-09-14 11:58,1041639,승강기)에스컬레이터-종로3가(3) 1호선연결통로 2호기,3호선,0319,종로3가,329,20210527,상행,2,내부,지하,B4,환승통로(을지로3가 방면1-1 안국 방면10-4),지하,B2,환승통로(을지로3가 방면1-1 안국 방면10-4),1200,1800-339,S
2026-09-14 11:58,1310395,승강기)에스컬레이터-마곡 외부4,5호선,2515,마곡,514,20210527,하행,4,7,지상,1,7번 출입구,지하,B1,7번 출입구,1200,1807-784,S
2026-09-14 11:58,1310423,승강기)에스컬레이터-까치산 외부9,5호선,2519,까치산,518,20210527,상행,9,1,지하,B1,1번 출입구,지상,1,1번 출입구,800,1808-079,S
2026-09-14 11:58,1310453,승강기)에스컬레이터-오목교 내부1,5호선,2522,오목교,521,20210527,상행,1,3,지하,B2,3번 출입구,지상,1,3번 출입구,1200,1808-058,S
2026-09-14 11:58,1310455,승강기)에스컬레이터-오목교 내부3,5호선,2522,오목교,521,20210527,상행,3,5,지하,B2,5번 출입구,,1,5번 출입구,1200,1808-060,S
2026-09-14 11:58,1310552,승강기)에스컬레이터-공덕 내부5,5호선,2530,공덕,529,20210527,상행,5,내부,지하,B2,대합실,지하,B1,대합실,1200,1800-482,S
2026-09-14 11:58,1785794,승강기)에스컬레이터-방화 1번출입구 E/S 1200형 4호기,5호선,2511,방화,510,20230110,하행,4,1,지상,1,1번 출입구,지하,BM1,1번 출입구,1200형,1814-794,S
2026-09-15 12:00,1798407,승강기)에스컬레이터-교대(2) 11번 출입구 4호기,2호선,0223,교대,223,20231103,하행,4,11,지상,1,11번 출입구,지하,B1,11번 출입구,1200형,1811-214,S
2026-09-15 12:00,1041505,승강기)에스컬레이터-고속터미널 내부 20호기,3호선,0329,고속터미널,339,20210527,상행,20,내부,지하,B2,환승통로(경부선 방면),지하,B1,환승통로(경부선 방면),1200,1802-110,S
2026-09-15 12:00,1779305,승강기)에스컬레이터-압구정 6번출구 상행8,3호선,0326,압구정,336,20220511,상행,8,6,지하,B1,6번 출입구,지상,1,6번 출입구,,1811-449,S
2026-09-16 11:57,1500046,승강기)에스컬레이터-양천구청 1번 출입구 2호기,2호선,0248,양천구청,234-2,20210527,상행,2,2,지하,B1,2번 출입구,지상,1,2번 출입구,1200,1811-000,S
2026-09-16 11:57,1202848,승강기)에스컬레이터-상왕십리 1-1번출구 6호기,2호선,0207,상왕십리,207,20210527,상행,6,1-1,지하,B1,1-1번 출입구,지상,1,1-1번 출입구,1200,1809-943,S
2026-09-16 11:57,1310817,승강기)에스컬레이터-거여 내부2,5호선,2560,거여,P554,20210527,상행,2,내부,지하,B1,"대합실(5,6번 출입구 방면)",지하,BM1,"대합실(5,6번 출입구 방면)",1200,1801-963,S
2026-09-16 11:57,1310482,승강기)에스컬레이터-영등포구청 내부9,5호선,2524,영등포구청,523,20210527,상행,9,내부,지하,B5,양평 방면7-2,지하,B4,양평 방면7-2,1200,1808-285,S
2026-09-16 11:57,1310498,승강기)에스컬레이터-영등포시장 내부6,5호선,2525,영등포시장,524,20210527,상행,6,내부,지하,B3,대합실,지하,B2,대합실,1200,1809-961,S
2026-09-16 11:57,1774144,승강기)에스컬레이터-강일역 1번 출입구 9호기,5호선,2562,강일,554,20211025,상행,9,1,지하,B2,1번 출입구,지상,1,1번 출입구,1200형,1811-749,S
2026-09-16 11:57,1831415,승강기)에스컬레이터-왕십리 내부8,5호선,2541,왕십리,540,20251219,상행,8,내부,지하,B4,환승통로(2호선 시청방면),지하,B2,환승통로(2호선 시청방면),1200,1800-567,S
2026-09-16 11:57,1310532,승강기)에스컬레이터-여의나루 외부10,5호선,2528,여의나루,527,20210527,하행,10,4,지상,1,4번 출입구,지하,B1,4번 출입구,1200,1808-296,S
2026-09-16 11:57,1310611,승강기)에스컬레이터-을지로4가 내부2,5호선,2536,을지로4가,535,20210527,상행,2,내부,지하,B4,대합실(아이센터 측),지하,B2,대합실(아이센터 측),1200,1800-743,S
2026-09-16 11:57,1310690,승강기)에스컬레이터-군자 외부4,5호선,2545,군자,544,20210527,하행,4,4,지상,1,4번 출입구,지하,B1,4번 출입구,1200,1808-590,S
2026-09-16 11:57,1310697,승강기)에스컬레이터-아차산 내부4,5호선,2546,아차산,545,20210527,하행,4,내부,지하,B1,대합실,지하,B2,대합실,1200,1809-088,S
2026-09-17 12:00,1041458,승강기)에스컬레이터-역삼 외부 3호기,2호선,0221,역삼,221,20210527,하행,3,내부,지상,1,"대합실(1,2,5,6,7,8번 출입구 방면)",지하,B1,"대합실(1,2,5,6,7,8번 출입구 방면)",1200,1805-223,S
2026-09-17 12:00,1500048,승강기)에스컬레이터-신정네거리 2번출구 4호기,2호선,0249,신정네거리,234-3,20210527,상행,4,2,지하,B1,2번 출입구,지상,1,2번 출입구,800,1811-015,S
2026-09-17 12:00,1310437,승강기)에스컬레이터-신정 내부2,5호선,2520,신정,519,20210527,하행,2,내부,지하,B2,까치산 방면1-1,지하,B3,까치산 방면1-1,1200,1811-086,S
2026-09-18 11:47,1202781,승강기)에스컬레이터-종각 1번출구 상행2,1호선,0152,종각,131,20210527,상행,2,1,지하,B1,1번 출입구,지상,1,1번 출입구,1200,1810-729,S
2026-09-18 11:47,1204327,승강기)에스컬레이터-신촌 6번출구3,2호선,0240,신촌,240,20210527,하행,3,6,지상,1,6번 출입구,지하,B1,6번 출입구,1200,1813-888,S
2026-09-18 11:47,1204621,승강기)에스컬레이터-대림 1번출구 하행1,2호선,0233,대림,233,20210527,하행,1,1,지상,2,1번 출입구,지상,1,1번 출입구,1200,1803-789,S
2026-09-18 11:47,1127075,승강기)에스컬레이터-뚝섬 2번 출구 3호기,2호선,0210,뚝섬,210,20210527,하행,3,2,지상,1,2번 출입구,지상,2,2번 출입구,800,1800-470,S
2026-09-18 11:47,1041712,승강기)에스컬레이터-낙성대 4번출구 하행1,2호선,0227,낙성대,227,20210527,하행,1,4,지상,1,4번 출입구,지하,B1,4번 출입구,800,1803-573,S
2026-09-18 11:47,1146220,승강기)에스컬레이터-방배 4번출구 2호기,2호선,0225,방배,225,20210527,상행,2,4,지하,B1,4번 출입구,지상,1,4번 출입구,1200,1809-590,S
2026-09-18 11:47,1500044,승강기)에스컬레이터-신림 4번출구 5호기,2호선,0230,신림,230,20210527,상행,5,4,지상,1,4번 출입구,지하,B1,4번 출입구,1200,1810-999,S
2026-09-18 11:47,1824570,승강기)에스컬레이터-사당(4) 3번출구 7호기,4호선,0433,사당,433,20250408,상행,7,3,지하,B1,3번 출입구,지상,1,3번 출입구,800,1808-283,S
2026-09-18 11:47,1061513,승강기)에스컬레이터-미아사거리 3번출구 하행 1,4호선,0416,미아사거리,416,20210527,하행,1,3,지상,1,3번 출입구,지하,B1,3번 출입구,800,1806-716,S
2026-09-18 11:47,1156475,승강기)에스컬레이터-성신여대입구 1번출구 상행2,4호선,0418,성신여대입구,418,20210527,상행,2,1,지하,B1,1번 출입구,지상,1,1번 출입구,1200,1803-354,S
2026-09-19 11:46,1041612,승강기)에스컬레이터-동묘앞(1) 시청방향(2-4) 5호기,1호선,0159,동묘앞,127,20210527,하행,5,내부,지하,B1,동대문 방면2-4,지하,B2,동대문 방면2-4,1200,1800-061,S
2026-09-19 11:46,1145418,"승강기)에스컬레이터-서초 3,4번출구 하행7",2호선,0224,서초,224,20210527,하행,7,"3,4",지상,1,"3,4번 출입구",지하,B1,"3,4번 출입구",1200,1808-896,S
2026-09-19 11:46,1203763,승강기)에스컬레이터-동대문(4) 4호선연결 5호기,4호선,0421,동대문,421,20210527,하행,5,내부,지하,B1,대합실,지하,B2,대합실,1200,1800-340,S
2026-09-19 11:46,1135938,승강기)에스컬레이터-사당(4) 3번출구 6호기,4호선,0433,사당,433,20210527,하행,6,3,지상,1,3번 출입구,지하,B1,3번 출입구,1200,1807-301,S
2026-09-19 11:46,1310612,승강기)에스컬레이터-을지로4가 내부3,5호선,2536,을지로4가,535,20210527,하행,3,내부,지하,B2,환승통로(동역사 방면1-4 종로3가 방면8-1),지하,B4,환승통로(동역사 방면1-4 종로3가 방면8-1),1200,1800-746,S
2026-09-19 11:46,1310674,승강기)에스컬레이터-답십리 외부4,5호선,2543,답십리,542,20210527,상행,4,5,지하,BM1,5번 출입구,지상,1,5번 출입구,1200,1809-475,S
2026-09-20 11:58,1151802,승강기)에스컬레이터-학여울 B3(대) 하행1,3호선,0336,학여울,346,20210527,하행,1,내부,지하,B2,대합실(1번출입구 방면),지하,B3,대합실(1번출입구 방면),1200,1809-355,S
2026-09-20 11:58,1310468,승강기)에스컬레이터-양평 외부6,5호선,2523,양평,522,20210527,하행,6,2,지상,1,2번 출입구,지하,BM1,2번 출입구,800,1804-420,S
2026-09-20 11:58,1310526,승강기)에스컬레이터-여의나루 내부4,5호선,2528,여의나루,527,20210527,하행,4,내부,지하,B2,대합실,지하,B4,대합실,1200,1808-386,S
2026-09-20 11:58,1310554,승강기)에스컬레이터-공덕 내부7,5호선,2530,공덕,529,20210527,하행,7,내부,지하,B1,대합실,지하,B2,대합실,1200,1808-907,S
2026-09-20 11:58,1310575,승강기)에스컬레이터-충정로(5) 내부 4호기,5호선,2532,충정로,531,20210527,하행,4,내부,지하,B2,대합실,지하,B4,대합실,1200,1800-579,S
2026-09-20 11:58,1310580,승강기)에스컬레이터-서대문 내부2,5호선,2533,서대문,532,20210527,상행,2,내부,지하,B3,아이센터 측(지하1층),지하,B1,아이센터 측(지하1층),1200,1800-348,S
2026-09-20 11:58,1310603,승강기)에스컬레이터-종로3가(5) 내부 6호기,5호선,2535,종로3가,534,20210527,하행,6,내부,지하,B3,환승통로(광화문 방면8-4 을지로4가 방면1-1),지하,B4,환승통로(광화문 방면8-4 을지로4가 방면1-1),1200,1800-013,S
2026-09-20 11:58,1785798,승강기)에스컬레이터-방화 2번출입구 E/S 1200형 6호기,5호선,2511,방화,510,20230110,하행,6,2,지상,1,2번 출입구,지하,BM1,2번 출입구,1200형,1814-792,S
2026-09-21 11:55,1127095,승강기)에스컬레이터-신촌 7번출구 상행2,2호선,0240,신촌,240,20210527,상행,2,7,지하,B1,7번 출입구,지상,1,7번 출입구,1200,1808-985,S
2026-09-21 11:55,1041590,승강기)에스컬레이터-충무로(4) 내부 5호기,4호선,0423,충무로,423,20210527,하행,5,내부,지하,B2,명동 방면5-2,지하,B3,명동 방면5-2,1200,1808-132,S
2026-09-21 11:55,1310619,승강기)에스컬레이터-을지로4가 외부10,5호선,2536,을지로4가,535,20210527,상행,10,4,지하,B1,4번 출입구,지상,1,4번 출입구,800,1809-477,S
2026-09-22 11:56,1779321,승강기)에스컬레이터-강변역 내부 2호기,2호선,0214,강변,214,20220511,상행,2,내부,지상,2,잠실나루 방면9-1,지상,3,잠실나루 방면9-1,800형,1811-788,S
2026-09-22 11:56,1135568,승강기)에스컬레이터-길음 3번출구 상행3,4호선,0417,길음,417,20210527,상행,3,3,지하,B1,3번 출입구,지상,1,3번 출입구,1200,1803-355,S
2026-09-22 11:56,1137933,승강기)에스컬레이터-수유(강북구청) 3번출구 하행1,4호선,0414,수유,414,20210527,하행,1,3,지상,1,3번 출입구,지하,B1,3번 출입구,1200,1809-186,S
2026-09-22 11:56,1061515,승강기)에스컬레이터-회현 1,4호선,0425,회현,425,20210527,하행,1,내부,지하,B2,"서울역 방면10-4,명동 방면1-1",지하,B3,"서울역 방면10-4,명동 방면1-1",1200,1801-681,S
2026-09-22 11:56,1310821,승강기)에스컬레이터-마천역 내부 3호기,5호선,2561,마천,P555,20210527,상행,3,내부,지하,B4,마천 방면6-4,지하,B2,마천 방면6-4,1200형,1801-973,S
2026-09-22 11:56,1310384,승강기)에스컬레이터-송정 내부1,5호선,2514,송정,513,20210527,상행,1,내부,지하,B2,대합실(화장실 측),지하,B1,대합실(화장실 측),1200,1808-093,S
2026-09-22 11:56,1774712,승강기)에스컬레이터-목동 외부 4호기,5호선,2521,목동,520,20211125,상행,4,3,지하,B1,3번 출입구,지상,1,3번 출입구,1200형,1814-778,S
